[20260531-14:56:04][RAG-REBUILD] 전체 RAG 재학습 시작
[20260531-14:56:04][RAG-REBUILD] 로그 파일: /home/freegear/EasyDocStation/logs/rebuild-rag-all.log
[20260531-14:56:04][RAG-REBUILD] EasyDocStation 중지
[20260531-14:56:08][DGX-SPARK] 중지 완료
[20260531-14:56:08][RAG-REBUILD] RAG 저장소 초기화
[Reset] 대상 경로
  - LanceDB:        /home/freegear/EasyDocStation/Database/LanceDB
  - FileTrainingData: /home/freegear/EasyDocStation/Database/ObjectFile/FileTrainingData
[Reset] 완료
  - LanceDB 내부 초기화 완료
  - FileTrainingData 내부 초기화 완료
[20260531-14:56:08][RAG-REBUILD] 모든 팀/채널 게시글, 댓글, 첨부 문서, 이미지 재학습
[2026-05-31T05:56:08.543Z][RAG-REBUILD] Python: /home/freegear/EasyDocStation/.venv/bin/python3
[2026-05-31T05:56:08.543Z][RAG-REBUILD] 배치 크기: 10
[2026-05-31T05:56:08.543Z][RAG-REBUILD] "찾을 수 없습니다"류의 이전 AI 실패 답변은 RAG 오염 방지를 위해 제외합니다.
✅ Cassandra connected
✅ Cassandra schema initialized
[2026-05-31T05:56:08.569Z][RAG-REBUILD] ObjectFile Path: /home/freegear/EasyDocStation/Database/ObjectFile
[2026-05-31T05:56:08.569Z][RAG-REBUILD] LanceDB Path: /home/freegear/EasyDocStation/Database/LanceDB
[2026-05-31T05:56:08.571Z][RAG-REBUILD] 임시 RAG 임베딩 서버 시작: 127.0.0.1:5001
✅ Database migration complete.
[RAG-EMBED] [RAG Server] 임베딩 모델 로드 중 (device=cuda)...
[RAG-EMBED-ERR] Loading weights:   0%|          | 0/391 [00:00<?, ?it/s][RAG-EMBED-ERR] Loading weights: 100%|██████████| 391/391 [00:00<00:00, 58451.47it/s]
[RAG-EMBED] [RAG Server] 임베딩 모델 로드 완료
[RAG Server] 포트 5001 에서 시작됨
[2026-05-31T05:56:26.625Z][RAG-REBUILD] 조회 완료: 게시글 383건, 댓글 567건
[2026-05-31T05:56:26.638Z][RAG-REBUILD] 파싱 미지원 첨부 형식, 메타데이터만 본문에 포함 예정: KakaoTalk_20260422_140922251.mp4 (video/mp4)
[2026-05-31T05:56:26.638Z][RAG-REBUILD] 파싱 미지원 첨부 형식, 메타데이터만 본문에 포함 예정: KakaoTalk_20260119_110833374.mp4 (video/mp4)
[2026-05-31T05:56:26.639Z][RAG-REBUILD] 파싱 미지원 첨부 형식, 메타데이터만 본문에 포함 예정: KakaoTalk_20251117_145851003.mp4 (video/mp4)
[2026-05-31T05:56:26.640Z][RAG-REBUILD] 파싱 미지원 첨부 형식, 메타데이터만 본문에 포함 예정: KakaoTalk_20251016_184653386.mp4 (video/mp4)
[2026-05-31T05:56:26.640Z][RAG-REBUILD] 파싱 미지원 첨부 형식, 메타데이터만 본문에 포함 예정: KakaoTalk_20251013_152939797.mp4 (video/mp4)
[2026-05-31T05:56:26.641Z][RAG-REBUILD] 파싱 미지원 첨부 형식, 메타데이터만 본문에 포함 예정: G-TLD_Hongik University.mp4 (video/mp4)
[2026-05-31T05:56:26.641Z][RAG-REBUILD] 파싱 미지원 첨부 형식, 메타데이터만 본문에 포함 예정: G-TLD_Hoka.mp4 (video/mp4)
[2026-05-31T05:56:26.641Z][RAG-REBUILD] 파싱 미지원 첨부 형식, 메타데이터만 본문에 포함 예정: G-TLD_CES.mp4 (video/mp4)
[2026-05-31T05:56:26.642Z][RAG-REBUILD] 파싱 미지원 첨부 형식, 메타데이터만 본문에 포함 예정: G-TLD_BUS.mp4 (video/mp4)
[2026-05-31T05:56:26.642Z][RAG-REBUILD] 파싱 미지원 첨부 형식, 메타데이터만 본문에 포함 예정: 스미토모.mp4 (video/mp4)
[2026-05-31T05:56:26.642Z][RAG-REBUILD] 파싱 미지원 첨부 형식, 메타데이터만 본문에 포함 예정: 202604 G-TLD 표준제안서.pptx (application/vnd.openxmlformats-officedocument.presentationml.presentation)
[2026-05-31T05:56:26.643Z][RAG-REBUILD] 파싱 미지원 첨부 형식, 메타데이터만 본문에 포함 예정: 2025년 국립중앙박물관 COB1.53 설치 사례.mp4 (video/mp4)
[2026-05-31T05:56:26.645Z][RAG-REBUILD] 파싱 미지원 첨부 형식, 메타데이터만 본문에 포함 예정: KakaoTalk_Video_2026-05-10-14-25-25.mp4 (video/mp4)
[2026-05-31T05:56:26.647Z][RAG-REBUILD] 파싱 미지원 첨부 형식, 메타데이터만 본문에 포함 예정: hyundai_ansim_proposal_1.2.pptx (application/vnd.openxmlformats-officedocument.presentationml.presentation)
[2026-05-31T05:56:26.647Z][RAG-REBUILD] 파싱 미지원 첨부 형식, 메타데이터만 본문에 포함 예정: hyundai_ansim_proposal_1.3.pptx (application/vnd.openxmlformats-officedocument.presentationml.presentation)
[2026-05-31T05:56:26.647Z][RAG-REBUILD] 파싱 미지원 첨부 형식, 메타데이터만 본문에 포함 예정: 마곡더그리드 시스템 설치공사 견적서_1차 발신_260506.xlsx (application/vnd.openxmlformats-officedocument.spreadsheetml.sheet)
[2026-05-31T05:56:26.648Z][RAG-REBUILD] 파싱 미지원 첨부 형식, 메타데이터만 본문에 포함 예정: TADS-Rplus 260227.pptx (application/vnd.openxmlformats-officedocument.presentationml.presentation)
[2026-05-31T05:56:26.649Z][RAG-REBUILD] 파싱 미지원 첨부 형식, 메타데이터만 본문에 포함 예정: 수량 산출 및 검토사항_260429.xlsx (application/vnd.openxmlformats-officedocument.spreadsheetml.sheet)
[2026-05-31T05:56:26.649Z][RAG-REBUILD] 파싱 미지원 첨부 형식, 메타데이터만 본문에 포함 예정: HD_마곡현장_설치계획_V0.2_0428.pptx (application/vnd.openxmlformats-officedocument.presentationml.presentation)
[2026-05-31T05:56:26.654Z][RAG-REBUILD] 파싱 미지원 첨부 형식, 메타데이터만 본문에 포함 예정: CREMA_2.2.6.zip (application/zip)
[2026-05-31T05:56:26.655Z][RAG-REBUILD] 파싱 미지원 첨부 형식, 메타데이터만 본문에 포함 예정: CremaXample.exe (application/x-msdownload)
[2026-05-31T05:56:26.655Z][RAG-REBUILD] 파싱 미지원 첨부 형식, 메타데이터만 본문에 포함 예정: _talkf_wzc5u730qA_w0QcXNt3AR0NzRImDK2Ch0_f_e3e84459a45f 2.MP4 (video/mp4)
[2026-05-31T05:56:26.655Z][RAG-REBUILD] 파싱 미지원 첨부 형식, 메타데이터만 본문에 포함 예정: _talkf_wzc5u730qA_w0QcXNt3AR0NzRImDK2Ch0_f_e3e84459a45f.MP4 (video/mp4)
[2026-05-31T05:56:26.656Z][RAG-REBUILD] 파싱 미지원 첨부 형식, 메타데이터만 본문에 포함 예정: _talkf_wzc7lJZN7U_5LkTDBZz1x10BYxK7eP7Ik_f_e236cc9d6298 2.MP4 (video/mp4)
[2026-05-31T05:56:26.657Z][RAG-REBUILD] 파싱 미지원 첨부 형식, 메타데이터만 본문에 포함 예정: _talkf_wzc7lJZN7U_5LkTDBZz1x10BYxK7eP7Ik_f_e236cc9d6298.MP4 (video/mp4)
[2026-05-31T05:56:26.657Z][RAG-REBUILD] 파싱 미지원 첨부 형식, 메타데이터만 본문에 포함 예정: _talkf_wzM72BH2sd_PbWOThKHgsL9fpe4oQ91e1_f_81d284e251e6.mp4 (video/mp4)
[2026-05-31T05:56:26.657Z][RAG-REBUILD] 파싱 미지원 첨부 형식, 메타데이터만 본문에 포함 예정: Pop Girl.mp4 (video/mp4)
[2026-05-31T05:56:26.659Z][RAG-REBUILD] 파싱 미지원 첨부 형식, 메타데이터만 본문에 포함 예정: 구매자금 협조 요청서 .hwpx (unknown)
[2026-05-31T05:56:26.666Z][RAG-REBUILD] 파싱 미지원 첨부 형식, 메타데이터만 본문에 포함 예정: stock_recommend_quant.py (text/x-python-script)
[2026-05-31T05:56:26.667Z][RAG-REBUILD] 파싱 미지원 첨부 형식, 메타데이터만 본문에 포함 예정: GTL.xlsx (application/vnd.openxmlformats-officedocument.spreadsheetml.sheet)
[2026-05-31T05:56:26.670Z][RAG-REBUILD] 파싱 미지원 첨부 형식, 메타데이터만 본문에 포함 예정: WhiteOWL_260525.xlsx (application/vnd.openxmlformats-officedocument.spreadsheetml.sheet)
[2026-05-31T05:56:26.675Z][RAG-REBUILD] 파싱 미지원 첨부 형식, 메타데이터만 본문에 포함 예정: 화면 기록 2026-05-17 오후 4.18.12.mov (video/quicktime)
[2026-05-31T05:56:26.739Z][RAG-REBUILD] 파싱 미지원 첨부 형식, 메타데이터만 본문에 포함 예정: IP-VAV_&_Wi-F260410韓国版.mp4 (video/mp4)
[2026-05-31T05:56:26.739Z][RAG-REBUILD] 파싱 미지원 첨부 형식, 메타데이터만 본문에 포함 예정: AIが創る、次世代のスマートオフィス韓国語字幕.mp4 (video/mp4)
[2026-05-31T05:56:26.740Z][RAG-REBUILD] 파싱 미지원 첨부 형식, 메타데이터만 본문에 포함 예정: 【案】AI画像解析カメラソリューション_要件一覧_v1.0.xlsx (application/vnd.openxmlformats-officedocument.spreadsheetml.sheet)
[2026-05-31T05:56:26.744Z][RAG-REBUILD] 파싱 미지원 첨부 형식, 메타데이터만 본문에 포함 예정: 공모중점기술7종컨셉예시_yh수정.hwpx (unknown)
[2026-05-31T05:56:26.747Z][RAG-REBUILD] 파싱 미지원 첨부 형식, 메타데이터만 본문에 포함 예정: 과제수행목록_1.1.xlsx (application/vnd.openxmlformats-officedocument.spreadsheetml.sheet)
[2026-05-31T05:56:26.749Z][RAG-REBUILD] 파싱 미지원 첨부 형식, 메타데이터만 본문에 포함 예정: 1. 연구개발계획서_트리포스_v1.4.hwp (unknown)
[2026-05-31T05:56:26.749Z][RAG-REBUILD] 파싱 미지원 첨부 형식, 메타데이터만 본문에 포함 예정: 1. 연구개발계획서_트리포스_v1.5 (1).hwp (unknown)
[2026-05-31T05:56:26.749Z][RAG-REBUILD] 파싱 미지원 첨부 형식, 메타데이터만 본문에 포함 예정: 1. 연구개발계획서_트리포스_v1.7_SC.hwp (unknown)
[2026-05-31T05:56:26.749Z][RAG-REBUILD] 파싱 미지원 첨부 형식, 메타데이터만 본문에 포함 예정: 1. 연구개발계획서_트리포스_v1.7_SC.hwp (unknown)
[2026-05-31T05:56:26.749Z][RAG-REBUILD] 파싱 미지원 첨부 형식, 메타데이터만 본문에 포함 예정: 1. 연구개발계획서_트리포스_v1.99.hwp (unknown)
[2026-05-31T05:56:26.749Z][RAG-REBUILD] 파싱 미지원 첨부 형식, 메타데이터만 본문에 포함 예정: 1. 연구개발계획서_트리포스_v1.999.hwp (unknown)
[2026-05-31T05:56:26.749Z][RAG-REBUILD] 파싱 미지원 첨부 형식, 메타데이터만 본문에 포함 예정: 1. 연구개발계획서_트리포스_v1.9999_SC.hwp (unknown)
[2026-05-31T05:56:26.749Z][RAG-REBUILD] 파싱 미지원 첨부 형식, 메타데이터만 본문에 포함 예정: 1. 연구개발계획서_트리포스_v1.9999_SC.hwp (unknown)
[2026-05-31T05:56:26.749Z][RAG-REBUILD] 파싱 미지원 첨부 형식, 메타데이터만 본문에 포함 예정: 연구개발계획서_트리포스_최종.hwp (unknown)
[2026-05-31T05:56:26.749Z][RAG-REBUILD] 파싱 미지원 첨부 형식, 메타데이터만 본문에 포함 예정: 안전과제.xlsx (application/vnd.openxmlformats-officedocument.spreadsheetml.sheet)
[2026-05-31T05:56:26.749Z][RAG-REBUILD] 파싱 미지원 첨부 형식, 메타데이터만 본문에 포함 예정: 연구개발계획서_트리포스_최종-1.1.hwp (unknown)
[2026-05-31T05:56:26.750Z][RAG-REBUILD] 파싱 미지원 첨부 형식, 메타데이터만 본문에 포함 예정: [붙임 3] 4대 업무혁신 분야 및 품목개요서 (1).hwpx (unknown)
[2026-05-31T05:56:26.750Z][RAG-REBUILD] 파싱 미지원 첨부 형식, 메타데이터만 본문에 포함 예정: [붙임 1-1] 신청방법 및 신청 또는 지원 제외사항 등 유의사항.hwpx (unknown)
[2026-05-31T05:56:26.750Z][RAG-REBUILD] 파싱 미지원 첨부 형식, 메타데이터만 본문에 포함 예정: [붙임 1-2] 중소기업기술개발 지원사업 보안대책.hwpx (unknown)
[2026-05-31T05:56:26.750Z][RAG-REBUILD] 파싱 미지원 첨부 형식, 메타데이터만 본문에 포함 예정: [붙임 2] 2026년도 중소기업기술혁신개발(도메인특화AI모델개발) 세부 지원내용.hwpx (unknown)
[2026-05-31T05:56:26.750Z][RAG-REBUILD] 파싱 미지원 첨부 형식, 메타데이터만 본문에 포함 예정: [붙임 3] 4대 업무혁신 분야 및 품목개요서.hwpx (unknown)
[2026-05-31T05:56:26.750Z][RAG-REBUILD] 파싱 미지원 첨부 형식, 메타데이터만 본문에 포함 예정: 1. 연구개발계획서 양식.hwp (unknown)
[2026-05-31T05:56:26.750Z][RAG-REBUILD] 파싱 미지원 첨부 형식, 메타데이터만 본문에 포함 예정: 2. 신용상태 조회 정보활용 동의서.hwp (unknown)
[2026-05-31T05:56:26.750Z][RAG-REBUILD] 파싱 미지원 첨부 형식, 메타데이터만 본문에 포함 예정: 3. 중소기업기술개발사업 개인정보 수집이용 동의서.hwp (unknown)
[2026-05-31T05:56:26.750Z][RAG-REBUILD] 파싱 미지원 첨부 형식, 메타데이터만 본문에 포함 예정: 4. 외부기술도입비 현물산정 신청서.hwp (unknown)
[2026-05-31T05:56:26.750Z][RAG-REBUILD] 파싱 미지원 첨부 형식, 메타데이터만 본문에 포함 예정: 5. 컨소시엄 확약서.hwp (unknown)
[2026-05-31T05:56:26.751Z][RAG-REBUILD] 파싱 미지원 첨부 형식, 메타데이터만 본문에 포함 예정: spc 지비전K연새비상 주식회사 연세대 교직원식당 한경관 어울샘 관련 ai _1777854322831.hwp (unknown)
[2026-05-31T05:56:26.751Z][RAG-REBUILD] 파싱 미지원 첨부 형식, 메타데이터만 본문에 포함 예정: yonsei_cafeteria_business_20260504030434.pptx (application/vnd.openxmlformats-officedocument.presentationml.presentation)
[2026-05-31T05:56:26.751Z][RAG-REBUILD] 파싱 미지원 첨부 형식, 메타데이터만 본문에 포함 예정: yonsei_cafeteria_business_plan_20260504013702.pptx (application/vnd.openxmlformats-officedocument.presentationml.presentation)
[2026-05-31T05:56:26.751Z][RAG-REBUILD] 파싱 미지원 첨부 형식, 메타데이터만 본문에 포함 예정: yonsei_cafeteria_business_plan_20260504013702.pptx (application/vnd.openxmlformats-officedocument.presentationml.presentation)
[2026-05-31T05:56:26.752Z][RAG-REBUILD] 파싱 미지원 첨부 형식, 메타데이터만 본문에 포함 예정: 최요한 연세대학교 상남경영관 관련내용 (1)_1777854341309.hwp (unknown)
[2026-05-31T05:56:26.753Z][RAG-REBUILD] 파싱 미지원 첨부 형식, 메타데이터만 본문에 포함 예정: 공모중점기술7종컨셉예시_yh수정.hwpx (unknown)
[2026-05-31T05:56:26.755Z][RAG-REBUILD] 파싱 미지원 첨부 형식, 메타데이터만 본문에 포함 예정: 스카이칩스-견적서 복사본.xls (application/vnd.ms-excel)
[2026-05-31T05:56:26.756Z][RAG-REBUILD] 파싱 미지원 첨부 형식, 메타데이터만 본문에 포함 예정: AxBright-견적서.xls (application/vnd.ms-excel)
[2026-05-31T05:56:26.757Z][RAG-REBUILD] 파싱 미지원 첨부 형식, 메타데이터만 본문에 포함 예정: 2025-10-23 김기홍 대표님.zip (application/zip)
[2026-05-31T05:56:26.757Z][RAG-REBUILD] 파싱 미지원 첨부 형식, 메타데이터만 본문에 포함 예정: 구슬 트래킹 시스템 제안서_엠비젼_20250825.pptx (application/vnd.openxmlformats-officedocument.presentationml.presentation)
[2026-05-31T05:56:26.757Z][RAG-REBUILD] 파싱 미지원 첨부 형식, 메타데이터만 본문에 포함 예정: 스카이칩스-견적서.xls (application/vnd.ms-excel)
[2026-05-31T05:56:26.761Z][RAG-REBUILD] 파싱 미지원 첨부 형식, 메타데이터만 본문에 포함 예정: 통화 녹음 KC 하승한 부사장.성장전략실. 한홍규전무소개.더에이스테크.25.9.25.이성하대표님소개회사._260506_103303.m4a (audio/x-m4a)
[2026-05-31T05:56:26.762Z][RAG-REBUILD] 파싱 미지원 첨부 형식, 메타데이터만 본문에 포함 예정: AAA.m4a (audio/x-m4a)
[2026-05-31T05:56:26.762Z][RAG-REBUILD] 파싱 미지원 첨부 형식, 메타데이터만 본문에 포함 예정: _talkv_wy5gXQr7YD_In47ccAPApINSVeaf2STY1_talkv_high.mov (video/quicktime)
[2026-05-31T05:56:26.762Z][RAG-REBUILD] 파싱 미지원 첨부 형식, 메타데이터만 본문에 포함 예정: towel_sequence_hist_eq.mp4 (video/mp4)
[2026-05-31T05:56:26.762Z][RAG-REBUILD] 파싱 미지원 첨부 형식, 메타데이터만 본문에 포함 예정: SBS_AVM.mp4 (video/mp4)
[2026-05-31T05:56:26.763Z][RAG-REBUILD] 파싱 미지원 첨부 형식, 메타데이터만 본문에 포함 예정: 지식재산권현황_통합_20251102.xlsx (application/vnd.openxmlformats-officedocument.spreadsheetml.sheet)
[2026-05-31T05:56:26.764Z][RAG-REBUILD] 파싱 미지원 첨부 형식, 메타데이터만 본문에 포함 예정: 60504_090852 복사본.m4a (audio/x-m4a)
[2026-05-31T05:56:26.767Z][RAG-REBUILD] 파싱 미지원 첨부 형식, 메타데이터만 본문에 포함 예정: 60504_090852 복사본.m4a (audio/x-m4a)
[2026-05-31T05:56:26.767Z][RAG-REBUILD] 파싱 미지원 첨부 형식, 메타데이터만 본문에 포함 예정: 60504_090852 복사본.m4a (audio/x-m4a)
[2026-05-31T05:56:26.767Z][RAG-REBUILD] 파싱 미지원 첨부 형식, 메타데이터만 본문에 포함 예정: 60504_090852 복사본.m4a (audio/x-m4a)
[2026-05-31T05:56:26.768Z][RAG-REBUILD] 파싱 미지원 첨부 형식, 메타데이터만 본문에 포함 예정: 60504_090852.m4a (audio/x-m4a)
[2026-05-31T05:56:26.771Z][RAG-REBUILD] 첨부 파일 없음, 건너뜀: audio.m4a (/home/freegear/EasyDocStation/Database/ObjectFile/ch-1776440801214/c545d592-42ff-40e7-810f-d93a3a1eff2b/audio.m4a)
[2026-05-31T05:56:26.771Z][RAG-REBUILD] 첨부 파일 없음, 건너뜀: audio.m4a (/home/freegear/EasyDocStation/Database/ObjectFile/ch-1776440801214/5d296ced-64e8-4181-bb6f-b33f55ce3141/audio.m4a)
[2026-05-31T05:56:26.772Z][RAG-REBUILD] 첨부 파일 없음, 건너뜀: audio.m4a (/home/freegear/EasyDocStation/Database/ObjectFile/ch-1776440801214/cc2b7f02-f9c8-49d0-95c2-a9e2cc7491db/audio.m4a)
[2026-05-31T05:56:26.781Z][RAG-REBUILD] 파싱 미지원 첨부 형식, 메타데이터만 본문에 포함 예정: on_device_ai_voice_interface_proposal_1.0.pptx (application/vnd.openxmlformats-officedocument.presentationml.presentation)
[2026-05-31T05:56:26.781Z][RAG-REBUILD] 파싱 미지원 첨부 형식, 메타데이터만 본문에 포함 예정: strategy_execution_summary_20260525184710.pptx (application/vnd.openxmlformats-officedocument.presentationml.presentation)
[2026-05-31T05:56:26.781Z][RAG-REBUILD] 파싱 미지원 첨부 형식, 메타데이터만 본문에 포함 예정: on_device_ai_voice_interface_proposal_1.1.pptx (application/vnd.openxmlformats-officedocument.presentationml.presentation)
[2026-05-31T05:56:26.783Z][RAG-REBUILD] 파싱 미지원 첨부 형식, 메타데이터만 본문에 포함 예정: 데모영상.pptx (application/vnd.openxmlformats-officedocument.presentationml.presentation)
[2026-05-31T05:56:26.783Z][RAG-REBUILD] 파싱 미지원 첨부 형식, 메타데이터만 본문에 포함 예정: media1.mp4 (video/mp4)
[2026-05-31T05:56:26.784Z][RAG-REBUILD] 파싱 미지원 첨부 형식, 메타데이터만 본문에 포함 예정: Elim AI-EasyStation 통합 플랫폼.pptx (application/vnd.openxmlformats-officedocument.presentationml.presentation)
[2026-05-31T05:56:26.784Z][RAG-REBUILD] 파싱 미지원 첨부 형식, 메타데이터만 본문에 포함 예정: ELIM & EasyStation System Architecture.pptx (application/vnd.openxmlformats-officedocument.presentationml.presentation)
[2026-05-31T05:56:26.784Z][RAG-REBUILD] 파싱 미지원 첨부 형식, 메타데이터만 본문에 포함 예정: ai_smart_callcenter_fsm_1.3.pptx (application/vnd.openxmlformats-officedocument.presentationml.presentation)
[2026-05-31T05:56:26.785Z][RAG-REBUILD] 파싱 미지원 첨부 형식, 메타데이터만 본문에 포함 예정: Executive Dashboard _standalone_.html (text/html)
[2026-05-31T05:56:26.785Z][RAG-REBUILD] 파싱 미지원 첨부 형식, 메타데이터만 본문에 포함 예정: ai_smart_callcenter_fsm_1.2.pptx (application/vnd.openxmlformats-officedocument.presentationml.presentation)
[2026-05-31T05:56:26.786Z][RAG-REBUILD] 파싱 미지원 첨부 형식, 메타데이터만 본문에 포함 예정: ai_smart_callcenter_fsm_6month_roadmap_20260521082955.pptx (application/vnd.openxmlformats-officedocument.presentationml.presentation)
[2026-05-31T05:56:26.786Z][RAG-REBUILD] 파싱 미지원 첨부 형식, 메타데이터만 본문에 포함 예정: ai_field_service_sales_platform_20260521075953.pptx (application/vnd.openxmlformats-officedocument.presentationml.presentation)
[2026-05-31T05:56:26.786Z][RAG-REBUILD] 파싱 미지원 첨부 형식, 메타데이터만 본문에 포함 예정: smart_call_center_fsm_platform_20260521080047.pptx (application/vnd.openxmlformats-officedocument.presentationml.presentation)
[2026-05-31T05:56:26.786Z][RAG-REBUILD] 파싱 미지원 첨부 형식, 메타데이터만 본문에 포함 예정: ai_smart_callcenter_fsm_6month_roadmap_20260521082955.pptx (application/vnd.openxmlformats-officedocument.presentationml.presentation)
[2026-05-31T05:56:26.786Z][RAG-REBUILD] 파싱 미지원 첨부 형식, 메타데이터만 본문에 포함 예정: 9-stage Kanban Wireframe _standalone_.html (text/html)
[2026-05-31T05:56:26.786Z][RAG-REBUILD] 파싱 미지원 첨부 형식, 메타데이터만 본문에 포함 예정: 9-stage Kanban Wireframe _standalone_ (1).html (text/html)
[2026-05-31T05:56:26.791Z][RAG-REBUILD] 파싱 미지원 첨부 형식, 메타데이터만 본문에 포함 예정: ELIMNET.zip (application/zip)
[2026-05-31T05:56:26.848Z][RAG-REBUILD] 파싱 미지원 첨부 형식, 메타데이터만 본문에 포함 예정: 2026년 예비창업패키지 사업계획서_1.1.hwp (unknown)
[2026-05-31T05:56:26.849Z][RAG-REBUILD] 파싱 미지원 첨부 형식, 메타데이터만 본문에 포함 예정: 2026년 예비창업패키지 사업계획서_1.2.hwp (unknown)
[2026-05-31T05:56:26.850Z][RAG-REBUILD] 파싱 미지원 첨부 형식, 메타데이터만 본문에 포함 예정: 2026년 예비창업패키지 사업계획서_1.3.hwp (unknown)
[2026-05-31T05:56:26.869Z][RAG-REBUILD] 파싱 미지원 첨부 형식, 메타데이터만 본문에 포함 예정: hyundai_ansim_proposal_1.2.pptx (application/vnd.openxmlformats-officedocument.presentationml.presentation)
[2026-05-31T05:56:26.869Z][RAG-REBUILD] 파싱 미지원 첨부 형식, 메타데이터만 본문에 포함 예정: hyundai_ansim_proposal_1.3.pptx (application/vnd.openxmlformats-officedocument.presentationml.presentation)
[2026-05-31T05:56:26.872Z][RAG-REBUILD] 파싱 미지원 첨부 형식, 메타데이터만 본문에 포함 예정: 화면 기록 2026-05-02 오후 11.32.16.mov (video/quicktime)
[2026-05-31T05:56:26.873Z][RAG-REBUILD] 파싱 미지원 첨부 형식, 메타데이터만 본문에 포함 예정: 화면 기록 2026-05-02 오전 9.51.34.mp4 (video/mp4)
[2026-05-31T05:56:26.893Z][RAG-REBUILD] 파싱 미지원 첨부 형식, 메타데이터만 본문에 포함 예정: Executive Dashboard _standalone_.html (text/html)
[2026-05-31T05:56:26.898Z][RAG-REBUILD] 파싱 미지원 첨부 형식, 메타데이터만 본문에 포함 예정: ai_smart_callcenter_fsm_1.2.pptx (application/vnd.openxmlformats-officedocument.presentationml.presentation)
[2026-05-31T05:56:26.908Z][RAG-REBUILD] 파싱 미지원 첨부 형식, 메타데이터만 본문에 포함 예정: 화면 기록 2026-05-02 오전 9.51.34.mov (video/quicktime)
[2026-05-31T05:56:26.968Z][RAG-REBUILD] 파싱 미지원 첨부 형식, 메타데이터만 본문에 포함 예정: GTL.xlsx (application/vnd.openxmlformats-officedocument.spreadsheetml.sheet)
[2026-05-31T05:56:26.972Z][RAG-REBUILD] 파싱 미지원 첨부 형식, 메타데이터만 본문에 포함 예정: WhiteOWL_260525.xlsx (application/vnd.openxmlformats-officedocument.spreadsheetml.sheet)
[2026-05-31T05:56:26.976Z][RAG-REBUILD] 파싱 미지원 첨부 형식, 메타데이터만 본문에 포함 예정: smart_call_center_fsm_platform_20260521080047.pptx (application/vnd.openxmlformats-officedocument.presentationml.presentation)
[2026-05-31T05:56:26.977Z][RAG-REBUILD] 파싱 미지원 첨부 형식, 메타데이터만 본문에 포함 예정: ai_smart_callcenter_fsm_6month_roadmap_20260521082955.pptx (application/vnd.openxmlformats-officedocument.presentationml.presentation)
[2026-05-31T05:56:26.978Z][RAG-REBUILD] 파싱 미지원 첨부 형식, 메타데이터만 본문에 포함 예정: 9-stage Kanban Wireframe _standalone_.html (text/html)
[2026-05-31T05:56:26.979Z][RAG-REBUILD] 파싱 미지원 첨부 형식, 메타데이터만 본문에 포함 예정: 9-stage Kanban Wireframe _standalone_ (1).html (text/html)
[2026-05-31T05:56:26.981Z][RAG-REBUILD] 파싱 미지원 첨부 형식, 메타데이터만 본문에 포함 예정: CremaXample.exe (application/x-msdownload)
[2026-05-31T05:56:26.993Z][RAG-REBUILD] 파싱 미지원 첨부 형식, 메타데이터만 본문에 포함 예정: media1.mp4 (video/mp4)
[2026-05-31T05:56:26.999Z][RAG-REBUILD] 파싱 미지원 첨부 형식, 메타데이터만 본문에 포함 예정: spc 지비전K연새비상 주식회사 연세대 교직원식당 한경관 어울샘 관련 ai _1777854322831.hwp (unknown)
[2026-05-31T05:56:27.000Z][RAG-REBUILD] 파싱 미지원 첨부 형식, 메타데이터만 본문에 포함 예정: yonsei_cafeteria_business_20260504030434.pptx (application/vnd.openxmlformats-officedocument.presentationml.presentation)
[2026-05-31T05:56:27.001Z][RAG-REBUILD] 파싱 미지원 첨부 형식, 메타데이터만 본문에 포함 예정: yonsei_cafeteria_business_plan_20260504013702.pptx (application/vnd.openxmlformats-officedocument.presentationml.presentation)
[2026-05-31T05:56:27.001Z][RAG-REBUILD] 파싱 미지원 첨부 형식, 메타데이터만 본문에 포함 예정: yonsei_cafeteria_business_plan_20260504013702.pptx (application/vnd.openxmlformats-officedocument.presentationml.presentation)
[2026-05-31T05:56:27.008Z][RAG-REBUILD] 파싱 미지원 첨부 형식, 메타데이터만 본문에 포함 예정: _talkv_wy5gXQr7YD_In47ccAPApINSVeaf2STY1_talkv_high.mov (video/quicktime)
[2026-05-31T05:56:27.009Z][RAG-REBUILD] 파싱 미지원 첨부 형식, 메타데이터만 본문에 포함 예정: towel_sequence_hist_eq.mp4 (video/mp4)
[2026-05-31T05:56:27.010Z][RAG-REBUILD] 파싱 미지원 첨부 형식, 메타데이터만 본문에 포함 예정: SBS_AVM.mp4 (video/mp4)
[2026-05-31T05:56:27.024Z][RAG-REBUILD] 파싱 미지원 첨부 형식, 메타데이터만 본문에 포함 예정: [붙임 1-1] 신청방법 및 신청 또는 지원 제외사항 등 유의사항.hwpx (unknown)
[2026-05-31T05:56:27.025Z][RAG-REBUILD] 파싱 미지원 첨부 형식, 메타데이터만 본문에 포함 예정: [붙임 1-2] 중소기업기술개발 지원사업 보안대책.hwpx (unknown)
[2026-05-31T05:56:27.025Z][RAG-REBUILD] 파싱 미지원 첨부 형식, 메타데이터만 본문에 포함 예정: [붙임 2] 2026년도 중소기업기술혁신개발(도메인특화AI모델개발) 세부 지원내용.hwpx (unknown)
[2026-05-31T05:56:27.025Z][RAG-REBUILD] 파싱 미지원 첨부 형식, 메타데이터만 본문에 포함 예정: [붙임 3] 4대 업무혁신 분야 및 품목개요서.hwpx (unknown)
[2026-05-31T05:56:27.025Z][RAG-REBUILD] 파싱 미지원 첨부 형식, 메타데이터만 본문에 포함 예정: 1. 연구개발계획서 양식.hwp (unknown)
[2026-05-31T05:56:27.026Z][RAG-REBUILD] 파싱 미지원 첨부 형식, 메타데이터만 본문에 포함 예정: 2. 신용상태 조회 정보활용 동의서.hwp (unknown)
[2026-05-31T05:56:27.026Z][RAG-REBUILD] 파싱 미지원 첨부 형식, 메타데이터만 본문에 포함 예정: 3. 중소기업기술개발사업 개인정보 수집이용 동의서.hwp (unknown)
[2026-05-31T05:56:27.026Z][RAG-REBUILD] 파싱 미지원 첨부 형식, 메타데이터만 본문에 포함 예정: 4. 외부기술도입비 현물산정 신청서.hwp (unknown)
[2026-05-31T05:56:27.026Z][RAG-REBUILD] 파싱 미지원 첨부 형식, 메타데이터만 본문에 포함 예정: 5. 컨소시엄 확약서.hwp (unknown)
[2026-05-31T05:56:27.041Z][RAG-REBUILD] 파싱 미지원 첨부 형식, 메타데이터만 본문에 포함 예정: Insights Dashboard _standalone_.html (text/html)
[2026-05-31T05:56:27.063Z][RAG-REBUILD] 파싱 미지원 첨부 형식, 메타데이터만 본문에 포함 예정: ai_safety_platform_strategy_20260502011452.pptx (application/vnd.openxmlformats-officedocument.presentationml.presentation)
[2026-05-31T05:56:27.064Z][RAG-REBUILD] 파싱 미지원 첨부 형식, 메타데이터만 본문에 포함 예정: ai_safety_platform_strategy_20260502011452.pptx (application/vnd.openxmlformats-officedocument.presentationml.presentation)
[2026-05-31T05:56:27.067Z][RAG-REBUILD] 파싱 미지원 첨부 형식, 메타데이터만 본문에 포함 예정: Anjeon114 x EasyAIStation AI Strategy.pptx (application/vnd.openxmlformats-officedocument.presentationml.presentation)
[2026-05-31T05:56:27.069Z][RAG-REBUILD] 파싱 미지원 첨부 형식, 메타데이터만 본문에 포함 예정: 모바일 현장 점검 시스템 제안.pptx (application/vnd.openxmlformats-officedocument.presentationml.presentation)
[2026-05-31T05:56:27.080Z][RAG-REBUILD] 파싱 미지원 첨부 형식, 메타데이터만 본문에 포함 예정: UI_UX Blueprint for AI Knowledge System.pptx (application/vnd.openxmlformats-officedocument.presentationml.presentation)
[2026-05-31T05:56:27.085Z][RAG-REBUILD] 파싱 미지원 첨부 형식, 메타데이터만 본문에 포함 예정: Elim AI-EasyStation 통합 플랫폼.pptx (application/vnd.openxmlformats-officedocument.presentationml.presentation)
[2026-05-31T05:56:27.087Z][RAG-REBUILD] 파싱 미지원 첨부 형식, 메타데이터만 본문에 포함 예정: ELIM & EasyStation System Architecture.pptx (application/vnd.openxmlformats-officedocument.presentationml.presentation)
[2026-05-31T05:56:27.088Z][RAG-REBUILD] 파싱 미지원 첨부 형식, 메타데이터만 본문에 포함 예정: ai_smart_callcenter_fsm_1.3.pptx (application/vnd.openxmlformats-officedocument.presentationml.presentation)
[2026-05-31T05:56:27.092Z][RAG-REBUILD] 파싱 미지원 첨부 형식, 메타데이터만 본문에 포함 예정: 1. 연구개발계획서_트리포스_v1.5 (1).hwp (unknown)
[2026-05-31T05:56:27.093Z][RAG-REBUILD] 파싱 미지원 첨부 형식, 메타데이터만 본문에 포함 예정: 1. 연구개발계획서_트리포스_v1.7_SC.hwp (unknown)
[2026-05-31T05:56:27.094Z][RAG-REBUILD] 파싱 미지원 첨부 형식, 메타데이터만 본문에 포함 예정: 1. 연구개발계획서_트리포스_v1.7_SC.hwp (unknown)
[2026-05-31T05:56:27.095Z][RAG-REBUILD] 파싱 미지원 첨부 형식, 메타데이터만 본문에 포함 예정: 1. 연구개발계획서_트리포스_v1.99.hwp (unknown)
[2026-05-31T05:56:27.097Z][RAG-REBUILD] 파싱 미지원 첨부 형식, 메타데이터만 본문에 포함 예정: 1. 연구개발계획서_트리포스_v1.999.hwp (unknown)
[2026-05-31T05:56:27.098Z][RAG-REBUILD] 파싱 미지원 첨부 형식, 메타데이터만 본문에 포함 예정: 1. 연구개발계획서_트리포스_v1.9999_SC.hwp (unknown)
[2026-05-31T05:56:27.099Z][RAG-REBUILD] 파싱 미지원 첨부 형식, 메타데이터만 본문에 포함 예정: 1. 연구개발계획서_트리포스_v1.9999_SC.hwp (unknown)
[2026-05-31T05:56:27.108Z][RAG-REBUILD] 파싱 미지원 첨부 형식, 메타데이터만 본문에 포함 예정: 연구개발계획서_트리포스_최종.hwp (unknown)
[2026-05-31T05:56:27.109Z][RAG-REBUILD] 파싱 미지원 첨부 형식, 메타데이터만 본문에 포함 예정: 안전과제.xlsx (application/vnd.openxmlformats-officedocument.spreadsheetml.sheet)
[2026-05-31T05:56:27.111Z][RAG-REBUILD] 파싱 미지원 첨부 형식, 메타데이터만 본문에 포함 예정: 연구개발계획서_트리포스_최종-1.1.hwp (unknown)
[2026-05-31T05:56:27.115Z][RAG-REBUILD] 파싱 미지원 첨부 형식, 메타데이터만 본문에 포함 예정: strategy_execution_summary_20260525184710.pptx (application/vnd.openxmlformats-officedocument.presentationml.presentation)
[2026-05-31T05:56:27.116Z][RAG-REBUILD] 파싱 미지원 첨부 형식, 메타데이터만 본문에 포함 예정: on_device_ai_voice_interface_proposal_1.1.pptx (application/vnd.openxmlformats-officedocument.presentationml.presentation)
[2026-05-31T05:56:27.122Z][RAG-REBUILD] 파싱 미지원 첨부 형식, 메타데이터만 본문에 포함 예정: ai_safety_platform_strategy_1.1.pptx (application/vnd.openxmlformats-officedocument.presentationml.presentation)
[2026-05-31T05:56:27.126Z][RAG-REBUILD] 학습 대상: 게시글 383건, 댓글 567건, 첨부 649건
[2026-05-31T05:56:27.126Z][RAG-REBUILD] 게시글 배치 학습 1/39: 10건
/home/freegear/EasyDocStation/server/rag_train.py:111: DeprecationWarning: `langchain-community` is being sunset and is no longer actively maintained. See https://github.com/langchain-ai/langchain-community/issues/674 for details and migration guidance toward standalone integration packages.
  from langchain_community.document_loaders import Docx2txtLoader
[RAG] 테이블 생성 완료 (dim=1024)
[RAG] post=c29aec5a-2d32-4671-8f14-94af4b717f21 text → 1청크
[RAG] Word 학습 완료: 업무협력 및 해외판매 계약서_1.2.docx (5청크)
[RAG] Word 학습 완료: 위임장_동우화인켐_1.3.docx (2청크)
[RAG] 학습 진행률: 10% (게시글 Word)
[RAG] Word 학습 완료: 위임장_동우화인켐_1.2.docx (2청크)
[RAG] post=6b1455a2-0a28-4b5b-82b1-cfac5e768b6a text → 1청크
[RAG] 학습 진행률: 20% (게시글 본문)
[RAG] Word 학습 완료: 업무협력 및 해외판매 계약서.docx (6청크)
[RAG] post=d407acd9-0803-41f0-83e6-c8e002a66c7a text → 1청크
[RAG] 학습 진행률: 30% (게시글 본문)
[RAG] Word 학습 완료: 위임장_DongWoo_1.2.docx (2청크)
[RAG] post=f7e94527-e499-4188-88a8-8d7907872b94 text → 3청크
[RAG] 학습 진행률: 40% (게시글 본문)
[RAG] post=92ab1e0b-56e8-4997-a403-c081271e778c text → 1청크
[RAG] PDF 학습 시작: GTLD leaflet.pdf
[RAG] PDF 파싱 시작 (Unstructured fast): GTLD leaflet.pdf
[RAG] PDF 파싱 완료 (Unstructured fast): GTLD leaflet.pdf / elements=528 / 3.1s
[RAG] AUTO 복잡 페이지 판별: 2/2 pages (text<120 또는 표/이미지)
[RAG] PDF 파싱 시작 (Unstructured hi_res): GTLD leaflet.pdf
[RAG] PDF 파싱 진행중: GTLD leaflet.pdf (10s 경과)
Loading weights:   0%|          | 0/367 [00:00<?, ?it/s]Loading weights: 100%|██████████| 367/367 [00:00<00:00, 8877.47it/s]
[RAG] PDF 파싱 진행중: GTLD leaflet.pdf (20s 경과)
[RAG] PDF 파싱 진행중: GTLD leaflet.pdf (30s 경과)
[RAG] PDF 파싱 진행중: GTLD leaflet.pdf (40s 경과)
[RAG] PDF 파싱 진행중: GTLD leaflet.pdf (50s 경과)
[RAG] PDF 파싱 완료 (Unstructured hi_res): GTLD leaflet.pdf / elements=430 / 59.2s
[RAG] AUTO 전략 적용 완료: fast=528, hi_res_subset=430, merged=430
[RAG] Gemma 이미지 설명 완료 (page=1, 33.7s): 2196자
[RAG] Gemma 이미지 설명 완료 (page=1, 25.0s): 1633자
[RAG] Gemma 이미지 설명 완료 (page=1, 31.3s): 1950자
[RAG] Gemma 이미지 설명 완료 (page=1, 29.3s): 1930자
[RAG] Gemma 이미지 설명 완료 (page=1, 33.8s): 2247자
[RAG] Gemma 이미지 설명 완료 (page=1, 29.2s): 1709자
[RAG] Gemma 이미지 설명 완료 (page=1, 28.3s): 1890자
[RAG] Gemma 이미지 설명 완료 (page=1, 27.1s): 1908자
[RAG] Gemma 이미지 설명 완료 (page=1, 27.8s): 1772자
[RAG] Gemma 이미지 설명 완료 (page=1, 27.7s): 1832자
[RAG] Gemma 이미지 설명 완료 (page=1, 24.9s): 1466자
[2026-05-31T06:03:11.716Z][RAG-REBUILD] 임시 RAG 임베딩 서버 종료: code=null
[2026-05-31T06:03:12.059Z][RAG-REBUILD] 실패: Error: /home/freegear/EasyDocStation/server/rag_train.py:111: DeprecationWarning: `langchain-community` is being sunset and is no longer actively maintained. See https://github.com/langchain-ai/langchain-community/issues/674 for details and migration guidance toward standalone integration packages.
  from langchain_community.document_loaders import Docx2txtLoader
Loading weights:   0%|          | 0/367 [00:00<?, ?it/s]Loading weights: 100%|██████████| 367/367 [00:00<00:00, 8877.47it/s]

    at ChildProcess.<anonymous> (/home/freegear/EasyDocStation/server/scripts/rebuild-rag-all.js:335:19)
    at ChildProcess.emit (node:events:519:28)
    at maybeClose (node:internal/child_process:1101:16)
    at ChildProcess._handle.onexit (node:internal/child_process:304:5)
/home/freegear/EasyDocStation/scripts/rebuild-rag-all.sh: 줄 100: app_stopped: 바인딩 해제한 변수
[20260531-15:03:24][RAG-REBUILD] 전체 RAG 재학습 시작
[20260531-15:03:24][RAG-REBUILD] 로그 파일: /home/freegear/EasyDocStation/logs/rebuild-rag-all.log
[20260531-15:03:25][RAG-REBUILD] EasyDocStation 중지
[20260531-15:04:08][RAG-REBUILD] 전체 RAG 재학습 시작
[20260531-15:04:08][RAG-REBUILD] 로그 파일: /home/freegear/EasyDocStation/logs/rebuild-rag-all.log
[20260531-15:04:09][RAG-REBUILD] EasyDocStation은 이미 중지 상태입니다.
[20260531-15:04:09][RAG-REBUILD] RAG 저장소 초기화
[Reset] 대상 경로
  - LanceDB:        /home/freegear/EasyDocStation/Database/LanceDB
  - FileTrainingData: /home/freegear/EasyDocStation/Database/ObjectFile/FileTrainingData
[Reset] 완료
  - LanceDB 내부 초기화 완료
  - FileTrainingData 내부 초기화 완료
[20260531-15:04:09][RAG-REBUILD] 모든 팀/채널 게시글, 댓글, 첨부 문서, 이미지 재학습
[2026-05-31T06:04:09.194Z][RAG-REBUILD] Python: /home/freegear/EasyDocStation/.venv/bin/python3
[2026-05-31T06:04:09.195Z][RAG-REBUILD] 배치 크기: 10
✅ Database migration complete.
[2026-05-31T06:04:10.104Z][RAG-REBUILD] "찾을 수 없습니다"류의 이전 AI 실패 답변은 RAG 오염 방지를 위해 제외합니다.
✅ Cassandra connected
✅ Cassandra schema initialized
[2026-05-31T06:04:10.125Z][RAG-REBUILD] ObjectFile Path: /home/freegear/EasyDocStation/Database/ObjectFile
[2026-05-31T06:04:10.125Z][RAG-REBUILD] LanceDB Path: /home/freegear/EasyDocStation/Database/LanceDB
[2026-05-31T06:04:10.126Z][RAG-REBUILD] 임시 RAG 임베딩 서버 시작: 127.0.0.1:5001
[20260531-15:06:38][RAG-REBUILD] 전체 RAG 재학습 시작
[20260531-15:06:38][RAG-REBUILD] 로그 파일: /home/freegear/EasyDocStation/logs/rebuild-rag-all.log
[20260531-15:06:39][RAG-REBUILD] EasyDocStation은 이미 중지 상태입니다.
[20260531-15:06:39][RAG-REBUILD] RAG 저장소 초기화
[Reset] 대상 경로
  - LanceDB:        /home/freegear/EasyDocStation/Database/LanceDB
  - FileTrainingData: /home/freegear/EasyDocStation/Database/ObjectFile/FileTrainingData
[Reset] 완료
  - LanceDB 내부 초기화 완료
  - FileTrainingData 내부 초기화 완료
[20260531-15:06:39][RAG-REBUILD] 모든 팀/채널 게시글, 댓글, 첨부 문서, 이미지 재학습
[2026-05-31T06:06:39.969Z][RAG-REBUILD] Python: /home/freegear/EasyDocStation/.venv/bin/python3
[2026-05-31T06:06:39.969Z][RAG-REBUILD] 배치 크기: 10
✅ Database migration complete.
[2026-05-31T06:06:40.895Z][RAG-REBUILD] "찾을 수 없습니다"류의 이전 AI 실패 답변은 RAG 오염 방지를 위해 제외합니다.
✅ Cassandra connected
✅ Cassandra schema initialized
[2026-05-31T06:06:40.920Z][RAG-REBUILD] ObjectFile Path: /home/freegear/EasyDocStation/Database/ObjectFile
[2026-05-31T06:06:40.920Z][RAG-REBUILD] LanceDB Path: /home/freegear/EasyDocStation/Database/LanceDB
[2026-05-31T06:06:40.922Z][RAG-REBUILD] 임시 RAG 임베딩 서버 시작: 127.0.0.1:5001
[RAG-EMBED] [RAG Server] 임베딩 모델 로드 중 (device=cuda)...
[RAG-EMBED-ERR] Loading weights:   0%|          | 0/391 [00:00<?, ?it/s][RAG-EMBED-ERR] Loading weights: 100%|██████████| 391/391 [00:00<00:00, 50063.28it/s]
[RAG-EMBED] [RAG Server] 임베딩 모델 로드 완료
[RAG-EMBED] [RAG Server] 포트 5001 에서 시작됨
[2026-05-31T06:06:58.963Z][RAG-REBUILD] 조회 완료: 게시글 383건, 댓글 567건
[2026-05-31T06:06:58.975Z][RAG-REBUILD] 파싱 미지원 첨부 형식, 메타데이터만 본문에 포함 예정: KakaoTalk_20260422_140922251.mp4 (video/mp4)
[2026-05-31T06:06:58.975Z][RAG-REBUILD] 파싱 미지원 첨부 형식, 메타데이터만 본문에 포함 예정: KakaoTalk_20260119_110833374.mp4 (video/mp4)
[2026-05-31T06:06:58.975Z][RAG-REBUILD] 파싱 미지원 첨부 형식, 메타데이터만 본문에 포함 예정: KakaoTalk_20251117_145851003.mp4 (video/mp4)
[2026-05-31T06:06:58.976Z][RAG-REBUILD] 파싱 미지원 첨부 형식, 메타데이터만 본문에 포함 예정: KakaoTalk_20251016_184653386.mp4 (video/mp4)
[2026-05-31T06:06:58.976Z][RAG-REBUILD] 파싱 미지원 첨부 형식, 메타데이터만 본문에 포함 예정: KakaoTalk_20251013_152939797.mp4 (video/mp4)
[2026-05-31T06:06:58.976Z][RAG-REBUILD] 파싱 미지원 첨부 형식, 메타데이터만 본문에 포함 예정: G-TLD_Hongik University.mp4 (video/mp4)
[2026-05-31T06:06:58.976Z][RAG-REBUILD] 파싱 미지원 첨부 형식, 메타데이터만 본문에 포함 예정: G-TLD_Hoka.mp4 (video/mp4)
[2026-05-31T06:06:58.976Z][RAG-REBUILD] 파싱 미지원 첨부 형식, 메타데이터만 본문에 포함 예정: G-TLD_CES.mp4 (video/mp4)
[2026-05-31T06:06:58.976Z][RAG-REBUILD] 파싱 미지원 첨부 형식, 메타데이터만 본문에 포함 예정: G-TLD_BUS.mp4 (video/mp4)
[2026-05-31T06:06:58.977Z][RAG-REBUILD] 파싱 미지원 첨부 형식, 메타데이터만 본문에 포함 예정: 스미토모.mp4 (video/mp4)
[2026-05-31T06:06:58.977Z][RAG-REBUILD] 파싱 미지원 첨부 형식, 메타데이터만 본문에 포함 예정: 202604 G-TLD 표준제안서.pptx (application/vnd.openxmlformats-officedocument.presentationml.presentation)
[2026-05-31T06:06:58.977Z][RAG-REBUILD] 파싱 미지원 첨부 형식, 메타데이터만 본문에 포함 예정: 2025년 국립중앙박물관 COB1.53 설치 사례.mp4 (video/mp4)
[2026-05-31T06:06:58.977Z][RAG-REBUILD] 파싱 미지원 첨부 형식, 메타데이터만 본문에 포함 예정: KakaoTalk_Video_2026-05-10-14-25-25.mp4 (video/mp4)
[2026-05-31T06:06:58.978Z][RAG-REBUILD] 파싱 미지원 첨부 형식, 메타데이터만 본문에 포함 예정: hyundai_ansim_proposal_1.2.pptx (application/vnd.openxmlformats-officedocument.presentationml.presentation)
[2026-05-31T06:06:58.978Z][RAG-REBUILD] 파싱 미지원 첨부 형식, 메타데이터만 본문에 포함 예정: hyundai_ansim_proposal_1.3.pptx (application/vnd.openxmlformats-officedocument.presentationml.presentation)
[2026-05-31T06:06:58.978Z][RAG-REBUILD] 파싱 미지원 첨부 형식, 메타데이터만 본문에 포함 예정: 마곡더그리드 시스템 설치공사 견적서_1차 발신_260506.xlsx (application/vnd.openxmlformats-officedocument.spreadsheetml.sheet)
[2026-05-31T06:06:58.978Z][RAG-REBUILD] 파싱 미지원 첨부 형식, 메타데이터만 본문에 포함 예정: TADS-Rplus 260227.pptx (application/vnd.openxmlformats-officedocument.presentationml.presentation)
[2026-05-31T06:06:58.978Z][RAG-REBUILD] 파싱 미지원 첨부 형식, 메타데이터만 본문에 포함 예정: 수량 산출 및 검토사항_260429.xlsx (application/vnd.openxmlformats-officedocument.spreadsheetml.sheet)
[2026-05-31T06:06:58.978Z][RAG-REBUILD] 파싱 미지원 첨부 형식, 메타데이터만 본문에 포함 예정: HD_마곡현장_설치계획_V0.2_0428.pptx (application/vnd.openxmlformats-officedocument.presentationml.presentation)
[2026-05-31T06:06:58.981Z][RAG-REBUILD] 파싱 미지원 첨부 형식, 메타데이터만 본문에 포함 예정: CREMA_2.2.6.zip (application/zip)
[2026-05-31T06:06:58.981Z][RAG-REBUILD] 파싱 미지원 첨부 형식, 메타데이터만 본문에 포함 예정: CremaXample.exe (application/x-msdownload)
[2026-05-31T06:06:58.981Z][RAG-REBUILD] 파싱 미지원 첨부 형식, 메타데이터만 본문에 포함 예정: _talkf_wzc5u730qA_w0QcXNt3AR0NzRImDK2Ch0_f_e3e84459a45f 2.MP4 (video/mp4)
[2026-05-31T06:06:58.981Z][RAG-REBUILD] 파싱 미지원 첨부 형식, 메타데이터만 본문에 포함 예정: _talkf_wzc5u730qA_w0QcXNt3AR0NzRImDK2Ch0_f_e3e84459a45f.MP4 (video/mp4)
[2026-05-31T06:06:58.982Z][RAG-REBUILD] 파싱 미지원 첨부 형식, 메타데이터만 본문에 포함 예정: _talkf_wzc7lJZN7U_5LkTDBZz1x10BYxK7eP7Ik_f_e236cc9d6298 2.MP4 (video/mp4)
[2026-05-31T06:06:58.982Z][RAG-REBUILD] 파싱 미지원 첨부 형식, 메타데이터만 본문에 포함 예정: _talkf_wzc7lJZN7U_5LkTDBZz1x10BYxK7eP7Ik_f_e236cc9d6298.MP4 (video/mp4)
[2026-05-31T06:06:58.982Z][RAG-REBUILD] 파싱 미지원 첨부 형식, 메타데이터만 본문에 포함 예정: _talkf_wzM72BH2sd_PbWOThKHgsL9fpe4oQ91e1_f_81d284e251e6.mp4 (video/mp4)
[2026-05-31T06:06:58.982Z][RAG-REBUILD] 파싱 미지원 첨부 형식, 메타데이터만 본문에 포함 예정: Pop Girl.mp4 (video/mp4)
[2026-05-31T06:06:58.982Z][RAG-REBUILD] 파싱 미지원 첨부 형식, 메타데이터만 본문에 포함 예정: 구매자금 협조 요청서 .hwpx (unknown)
[2026-05-31T06:06:58.984Z][RAG-REBUILD] 파싱 미지원 첨부 형식, 메타데이터만 본문에 포함 예정: stock_recommend_quant.py (text/x-python-script)
[2026-05-31T06:06:58.984Z][RAG-REBUILD] 파싱 미지원 첨부 형식, 메타데이터만 본문에 포함 예정: GTL.xlsx (application/vnd.openxmlformats-officedocument.spreadsheetml.sheet)
[2026-05-31T06:06:58.985Z][RAG-REBUILD] 파싱 미지원 첨부 형식, 메타데이터만 본문에 포함 예정: WhiteOWL_260525.xlsx (application/vnd.openxmlformats-officedocument.spreadsheetml.sheet)
[2026-05-31T06:06:58.986Z][RAG-REBUILD] 파싱 미지원 첨부 형식, 메타데이터만 본문에 포함 예정: 화면 기록 2026-05-17 오후 4.18.12.mov (video/quicktime)
[2026-05-31T06:06:58.996Z][RAG-REBUILD] 파싱 미지원 첨부 형식, 메타데이터만 본문에 포함 예정: IP-VAV_&_Wi-F260410韓国版.mp4 (video/mp4)
[2026-05-31T06:06:58.996Z][RAG-REBUILD] 파싱 미지원 첨부 형식, 메타데이터만 본문에 포함 예정: AIが創る、次世代のスマートオフィス韓国語字幕.mp4 (video/mp4)
[2026-05-31T06:06:58.996Z][RAG-REBUILD] 파싱 미지원 첨부 형식, 메타데이터만 본문에 포함 예정: 【案】AI画像解析カメラソリューション_要件一覧_v1.0.xlsx (application/vnd.openxmlformats-officedocument.spreadsheetml.sheet)
[2026-05-31T06:06:58.996Z][RAG-REBUILD] 파싱 미지원 첨부 형식, 메타데이터만 본문에 포함 예정: 공모중점기술7종컨셉예시_yh수정.hwpx (unknown)
[2026-05-31T06:06:58.997Z][RAG-REBUILD] 파싱 미지원 첨부 형식, 메타데이터만 본문에 포함 예정: 과제수행목록_1.1.xlsx (application/vnd.openxmlformats-officedocument.spreadsheetml.sheet)
[2026-05-31T06:06:58.997Z][RAG-REBUILD] 파싱 미지원 첨부 형식, 메타데이터만 본문에 포함 예정: 1. 연구개발계획서_트리포스_v1.4.hwp (unknown)
[2026-05-31T06:06:58.997Z][RAG-REBUILD] 파싱 미지원 첨부 형식, 메타데이터만 본문에 포함 예정: 1. 연구개발계획서_트리포스_v1.5 (1).hwp (unknown)
[2026-05-31T06:06:58.997Z][RAG-REBUILD] 파싱 미지원 첨부 형식, 메타데이터만 본문에 포함 예정: 1. 연구개발계획서_트리포스_v1.7_SC.hwp (unknown)
[2026-05-31T06:06:58.997Z][RAG-REBUILD] 파싱 미지원 첨부 형식, 메타데이터만 본문에 포함 예정: 1. 연구개발계획서_트리포스_v1.7_SC.hwp (unknown)
[2026-05-31T06:06:58.997Z][RAG-REBUILD] 파싱 미지원 첨부 형식, 메타데이터만 본문에 포함 예정: 1. 연구개발계획서_트리포스_v1.99.hwp (unknown)
[2026-05-31T06:06:58.997Z][RAG-REBUILD] 파싱 미지원 첨부 형식, 메타데이터만 본문에 포함 예정: 1. 연구개발계획서_트리포스_v1.999.hwp (unknown)
[2026-05-31T06:06:58.997Z][RAG-REBUILD] 파싱 미지원 첨부 형식, 메타데이터만 본문에 포함 예정: 1. 연구개발계획서_트리포스_v1.9999_SC.hwp (unknown)
[2026-05-31T06:06:58.997Z][RAG-REBUILD] 파싱 미지원 첨부 형식, 메타데이터만 본문에 포함 예정: 1. 연구개발계획서_트리포스_v1.9999_SC.hwp (unknown)
[2026-05-31T06:06:58.997Z][RAG-REBUILD] 파싱 미지원 첨부 형식, 메타데이터만 본문에 포함 예정: 연구개발계획서_트리포스_최종.hwp (unknown)
[2026-05-31T06:06:58.997Z][RAG-REBUILD] 파싱 미지원 첨부 형식, 메타데이터만 본문에 포함 예정: 안전과제.xlsx (application/vnd.openxmlformats-officedocument.spreadsheetml.sheet)
[2026-05-31T06:06:58.997Z][RAG-REBUILD] 파싱 미지원 첨부 형식, 메타데이터만 본문에 포함 예정: 연구개발계획서_트리포스_최종-1.1.hwp (unknown)
[2026-05-31T06:06:58.997Z][RAG-REBUILD] 파싱 미지원 첨부 형식, 메타데이터만 본문에 포함 예정: [붙임 3] 4대 업무혁신 분야 및 품목개요서 (1).hwpx (unknown)
[2026-05-31T06:06:58.997Z][RAG-REBUILD] 파싱 미지원 첨부 형식, 메타데이터만 본문에 포함 예정: [붙임 1-1] 신청방법 및 신청 또는 지원 제외사항 등 유의사항.hwpx (unknown)
[2026-05-31T06:06:58.997Z][RAG-REBUILD] 파싱 미지원 첨부 형식, 메타데이터만 본문에 포함 예정: [붙임 1-2] 중소기업기술개발 지원사업 보안대책.hwpx (unknown)
[2026-05-31T06:06:58.997Z][RAG-REBUILD] 파싱 미지원 첨부 형식, 메타데이터만 본문에 포함 예정: [붙임 2] 2026년도 중소기업기술혁신개발(도메인특화AI모델개발) 세부 지원내용.hwpx (unknown)
[2026-05-31T06:06:58.997Z][RAG-REBUILD] 파싱 미지원 첨부 형식, 메타데이터만 본문에 포함 예정: [붙임 3] 4대 업무혁신 분야 및 품목개요서.hwpx (unknown)
[2026-05-31T06:06:58.997Z][RAG-REBUILD] 파싱 미지원 첨부 형식, 메타데이터만 본문에 포함 예정: 1. 연구개발계획서 양식.hwp (unknown)
[2026-05-31T06:06:58.997Z][RAG-REBUILD] 파싱 미지원 첨부 형식, 메타데이터만 본문에 포함 예정: 2. 신용상태 조회 정보활용 동의서.hwp (unknown)
[2026-05-31T06:06:58.998Z][RAG-REBUILD] 파싱 미지원 첨부 형식, 메타데이터만 본문에 포함 예정: 3. 중소기업기술개발사업 개인정보 수집이용 동의서.hwp (unknown)
[2026-05-31T06:06:58.998Z][RAG-REBUILD] 파싱 미지원 첨부 형식, 메타데이터만 본문에 포함 예정: 4. 외부기술도입비 현물산정 신청서.hwp (unknown)
[2026-05-31T06:06:58.998Z][RAG-REBUILD] 파싱 미지원 첨부 형식, 메타데이터만 본문에 포함 예정: 5. 컨소시엄 확약서.hwp (unknown)
[2026-05-31T06:06:58.998Z][RAG-REBUILD] 파싱 미지원 첨부 형식, 메타데이터만 본문에 포함 예정: spc 지비전K연새비상 주식회사 연세대 교직원식당 한경관 어울샘 관련 ai _1777854322831.hwp (unknown)
[2026-05-31T06:06:58.998Z][RAG-REBUILD] 파싱 미지원 첨부 형식, 메타데이터만 본문에 포함 예정: yonsei_cafeteria_business_20260504030434.pptx (application/vnd.openxmlformats-officedocument.presentationml.presentation)
[2026-05-31T06:06:58.998Z][RAG-REBUILD] 파싱 미지원 첨부 형식, 메타데이터만 본문에 포함 예정: yonsei_cafeteria_business_plan_20260504013702.pptx (application/vnd.openxmlformats-officedocument.presentationml.presentation)
[2026-05-31T06:06:58.998Z][RAG-REBUILD] 파싱 미지원 첨부 형식, 메타데이터만 본문에 포함 예정: yonsei_cafeteria_business_plan_20260504013702.pptx (application/vnd.openxmlformats-officedocument.presentationml.presentation)
[2026-05-31T06:06:58.998Z][RAG-REBUILD] 파싱 미지원 첨부 형식, 메타데이터만 본문에 포함 예정: 최요한 연세대학교 상남경영관 관련내용 (1)_1777854341309.hwp (unknown)
[2026-05-31T06:06:58.999Z][RAG-REBUILD] 파싱 미지원 첨부 형식, 메타데이터만 본문에 포함 예정: 공모중점기술7종컨셉예시_yh수정.hwpx (unknown)
[2026-05-31T06:06:59.002Z][RAG-REBUILD] 파싱 미지원 첨부 형식, 메타데이터만 본문에 포함 예정: 스카이칩스-견적서 복사본.xls (application/vnd.ms-excel)
[2026-05-31T06:06:59.002Z][RAG-REBUILD] 파싱 미지원 첨부 형식, 메타데이터만 본문에 포함 예정: AxBright-견적서.xls (application/vnd.ms-excel)
[2026-05-31T06:06:59.003Z][RAG-REBUILD] 파싱 미지원 첨부 형식, 메타데이터만 본문에 포함 예정: 2025-10-23 김기홍 대표님.zip (application/zip)
[2026-05-31T06:06:59.003Z][RAG-REBUILD] 파싱 미지원 첨부 형식, 메타데이터만 본문에 포함 예정: 구슬 트래킹 시스템 제안서_엠비젼_20250825.pptx (application/vnd.openxmlformats-officedocument.presentationml.presentation)
[2026-05-31T06:06:59.003Z][RAG-REBUILD] 파싱 미지원 첨부 형식, 메타데이터만 본문에 포함 예정: 스카이칩스-견적서.xls (application/vnd.ms-excel)
[2026-05-31T06:06:59.010Z][RAG-REBUILD] 파싱 미지원 첨부 형식, 메타데이터만 본문에 포함 예정: 통화 녹음 KC 하승한 부사장.성장전략실. 한홍규전무소개.더에이스테크.25.9.25.이성하대표님소개회사._260506_103303.m4a (audio/x-m4a)
[2026-05-31T06:06:59.010Z][RAG-REBUILD] 파싱 미지원 첨부 형식, 메타데이터만 본문에 포함 예정: AAA.m4a (audio/x-m4a)
[2026-05-31T06:06:59.011Z][RAG-REBUILD] 파싱 미지원 첨부 형식, 메타데이터만 본문에 포함 예정: _talkv_wy5gXQr7YD_In47ccAPApINSVeaf2STY1_talkv_high.mov (video/quicktime)
[2026-05-31T06:06:59.011Z][RAG-REBUILD] 파싱 미지원 첨부 형식, 메타데이터만 본문에 포함 예정: towel_sequence_hist_eq.mp4 (video/mp4)
[2026-05-31T06:06:59.011Z][RAG-REBUILD] 파싱 미지원 첨부 형식, 메타데이터만 본문에 포함 예정: SBS_AVM.mp4 (video/mp4)
[2026-05-31T06:06:59.011Z][RAG-REBUILD] 파싱 미지원 첨부 형식, 메타데이터만 본문에 포함 예정: 지식재산권현황_통합_20251102.xlsx (application/vnd.openxmlformats-officedocument.spreadsheetml.sheet)
[2026-05-31T06:06:59.012Z][RAG-REBUILD] 파싱 미지원 첨부 형식, 메타데이터만 본문에 포함 예정: 60504_090852 복사본.m4a (audio/x-m4a)
[2026-05-31T06:06:59.016Z][RAG-REBUILD] 파싱 미지원 첨부 형식, 메타데이터만 본문에 포함 예정: 60504_090852 복사본.m4a (audio/x-m4a)
[2026-05-31T06:06:59.016Z][RAG-REBUILD] 파싱 미지원 첨부 형식, 메타데이터만 본문에 포함 예정: 60504_090852 복사본.m4a (audio/x-m4a)
[2026-05-31T06:06:59.016Z][RAG-REBUILD] 파싱 미지원 첨부 형식, 메타데이터만 본문에 포함 예정: 60504_090852 복사본.m4a (audio/x-m4a)
[2026-05-31T06:06:59.017Z][RAG-REBUILD] 파싱 미지원 첨부 형식, 메타데이터만 본문에 포함 예정: 60504_090852.m4a (audio/x-m4a)
[2026-05-31T06:06:59.020Z][RAG-REBUILD] 첨부 파일 없음, 건너뜀: audio.m4a (/home/freegear/EasyDocStation/Database/ObjectFile/ch-1776440801214/c545d592-42ff-40e7-810f-d93a3a1eff2b/audio.m4a)
[2026-05-31T06:06:59.021Z][RAG-REBUILD] 첨부 파일 없음, 건너뜀: audio.m4a (/home/freegear/EasyDocStation/Database/ObjectFile/ch-1776440801214/5d296ced-64e8-4181-bb6f-b33f55ce3141/audio.m4a)
[2026-05-31T06:06:59.021Z][RAG-REBUILD] 첨부 파일 없음, 건너뜀: audio.m4a (/home/freegear/EasyDocStation/Database/ObjectFile/ch-1776440801214/cc2b7f02-f9c8-49d0-95c2-a9e2cc7491db/audio.m4a)
[2026-05-31T06:06:59.029Z][RAG-REBUILD] 파싱 미지원 첨부 형식, 메타데이터만 본문에 포함 예정: on_device_ai_voice_interface_proposal_1.0.pptx (application/vnd.openxmlformats-officedocument.presentationml.presentation)
[2026-05-31T06:06:59.029Z][RAG-REBUILD] 파싱 미지원 첨부 형식, 메타데이터만 본문에 포함 예정: strategy_execution_summary_20260525184710.pptx (application/vnd.openxmlformats-officedocument.presentationml.presentation)
[2026-05-31T06:06:59.029Z][RAG-REBUILD] 파싱 미지원 첨부 형식, 메타데이터만 본문에 포함 예정: on_device_ai_voice_interface_proposal_1.1.pptx (application/vnd.openxmlformats-officedocument.presentationml.presentation)
[2026-05-31T06:06:59.029Z][RAG-REBUILD] 파싱 미지원 첨부 형식, 메타데이터만 본문에 포함 예정: 데모영상.pptx (application/vnd.openxmlformats-officedocument.presentationml.presentation)
[2026-05-31T06:06:59.029Z][RAG-REBUILD] 파싱 미지원 첨부 형식, 메타데이터만 본문에 포함 예정: media1.mp4 (video/mp4)
[2026-05-31T06:06:59.030Z][RAG-REBUILD] 파싱 미지원 첨부 형식, 메타데이터만 본문에 포함 예정: Elim AI-EasyStation 통합 플랫폼.pptx (application/vnd.openxmlformats-officedocument.presentationml.presentation)
[2026-05-31T06:06:59.030Z][RAG-REBUILD] 파싱 미지원 첨부 형식, 메타데이터만 본문에 포함 예정: ELIM & EasyStation System Architecture.pptx (application/vnd.openxmlformats-officedocument.presentationml.presentation)
[2026-05-31T06:06:59.030Z][RAG-REBUILD] 파싱 미지원 첨부 형식, 메타데이터만 본문에 포함 예정: ai_smart_callcenter_fsm_1.3.pptx (application/vnd.openxmlformats-officedocument.presentationml.presentation)
[2026-05-31T06:06:59.030Z][RAG-REBUILD] 파싱 미지원 첨부 형식, 메타데이터만 본문에 포함 예정: Executive Dashboard _standalone_.html (text/html)
[2026-05-31T06:06:59.030Z][RAG-REBUILD] 파싱 미지원 첨부 형식, 메타데이터만 본문에 포함 예정: ai_smart_callcenter_fsm_1.2.pptx (application/vnd.openxmlformats-officedocument.presentationml.presentation)
[2026-05-31T06:06:59.030Z][RAG-REBUILD] 파싱 미지원 첨부 형식, 메타데이터만 본문에 포함 예정: ai_smart_callcenter_fsm_6month_roadmap_20260521082955.pptx (application/vnd.openxmlformats-officedocument.presentationml.presentation)
[2026-05-31T06:06:59.030Z][RAG-REBUILD] 파싱 미지원 첨부 형식, 메타데이터만 본문에 포함 예정: ai_field_service_sales_platform_20260521075953.pptx (application/vnd.openxmlformats-officedocument.presentationml.presentation)
[2026-05-31T06:06:59.030Z][RAG-REBUILD] 파싱 미지원 첨부 형식, 메타데이터만 본문에 포함 예정: smart_call_center_fsm_platform_20260521080047.pptx (application/vnd.openxmlformats-officedocument.presentationml.presentation)
[2026-05-31T06:06:59.030Z][RAG-REBUILD] 파싱 미지원 첨부 형식, 메타데이터만 본문에 포함 예정: ai_smart_callcenter_fsm_6month_roadmap_20260521082955.pptx (application/vnd.openxmlformats-officedocument.presentationml.presentation)
[2026-05-31T06:06:59.030Z][RAG-REBUILD] 파싱 미지원 첨부 형식, 메타데이터만 본문에 포함 예정: 9-stage Kanban Wireframe _standalone_.html (text/html)
[2026-05-31T06:06:59.030Z][RAG-REBUILD] 파싱 미지원 첨부 형식, 메타데이터만 본문에 포함 예정: 9-stage Kanban Wireframe _standalone_ (1).html (text/html)
[2026-05-31T06:06:59.031Z][RAG-REBUILD] 파싱 미지원 첨부 형식, 메타데이터만 본문에 포함 예정: ELIMNET.zip (application/zip)
[2026-05-31T06:06:59.054Z][RAG-REBUILD] 파싱 미지원 첨부 형식, 메타데이터만 본문에 포함 예정: 2026년 예비창업패키지 사업계획서_1.1.hwp (unknown)
[2026-05-31T06:06:59.055Z][RAG-REBUILD] 파싱 미지원 첨부 형식, 메타데이터만 본문에 포함 예정: 2026년 예비창업패키지 사업계획서_1.2.hwp (unknown)
[2026-05-31T06:06:59.056Z][RAG-REBUILD] 파싱 미지원 첨부 형식, 메타데이터만 본문에 포함 예정: 2026년 예비창업패키지 사업계획서_1.3.hwp (unknown)
[2026-05-31T06:06:59.073Z][RAG-REBUILD] 파싱 미지원 첨부 형식, 메타데이터만 본문에 포함 예정: hyundai_ansim_proposal_1.2.pptx (application/vnd.openxmlformats-officedocument.presentationml.presentation)
[2026-05-31T06:06:59.073Z][RAG-REBUILD] 파싱 미지원 첨부 형식, 메타데이터만 본문에 포함 예정: hyundai_ansim_proposal_1.3.pptx (application/vnd.openxmlformats-officedocument.presentationml.presentation)
[2026-05-31T06:06:59.077Z][RAG-REBUILD] 파싱 미지원 첨부 형식, 메타데이터만 본문에 포함 예정: 화면 기록 2026-05-02 오후 11.32.16.mov (video/quicktime)
[2026-05-31T06:06:59.078Z][RAG-REBUILD] 파싱 미지원 첨부 형식, 메타데이터만 본문에 포함 예정: 화면 기록 2026-05-02 오전 9.51.34.mp4 (video/mp4)
[2026-05-31T06:06:59.087Z][RAG-REBUILD] 파싱 미지원 첨부 형식, 메타데이터만 본문에 포함 예정: Executive Dashboard _standalone_.html (text/html)
[2026-05-31T06:06:59.088Z][RAG-REBUILD] 파싱 미지원 첨부 형식, 메타데이터만 본문에 포함 예정: ai_smart_callcenter_fsm_1.2.pptx (application/vnd.openxmlformats-officedocument.presentationml.presentation)
[2026-05-31T06:06:59.090Z][RAG-REBUILD] 파싱 미지원 첨부 형식, 메타데이터만 본문에 포함 예정: 화면 기록 2026-05-02 오전 9.51.34.mov (video/quicktime)
[2026-05-31T06:06:59.101Z][RAG-REBUILD] 파싱 미지원 첨부 형식, 메타데이터만 본문에 포함 예정: GTL.xlsx (application/vnd.openxmlformats-officedocument.spreadsheetml.sheet)
[2026-05-31T06:06:59.103Z][RAG-REBUILD] 파싱 미지원 첨부 형식, 메타데이터만 본문에 포함 예정: WhiteOWL_260525.xlsx (application/vnd.openxmlformats-officedocument.spreadsheetml.sheet)
[2026-05-31T06:06:59.103Z][RAG-REBUILD] 파싱 미지원 첨부 형식, 메타데이터만 본문에 포함 예정: smart_call_center_fsm_platform_20260521080047.pptx (application/vnd.openxmlformats-officedocument.presentationml.presentation)
[2026-05-31T06:06:59.104Z][RAG-REBUILD] 파싱 미지원 첨부 형식, 메타데이터만 본문에 포함 예정: ai_smart_callcenter_fsm_6month_roadmap_20260521082955.pptx (application/vnd.openxmlformats-officedocument.presentationml.presentation)
[2026-05-31T06:06:59.104Z][RAG-REBUILD] 파싱 미지원 첨부 형식, 메타데이터만 본문에 포함 예정: 9-stage Kanban Wireframe _standalone_.html (text/html)
[2026-05-31T06:06:59.104Z][RAG-REBUILD] 파싱 미지원 첨부 형식, 메타데이터만 본문에 포함 예정: 9-stage Kanban Wireframe _standalone_ (1).html (text/html)
[2026-05-31T06:06:59.104Z][RAG-REBUILD] 파싱 미지원 첨부 형식, 메타데이터만 본문에 포함 예정: CremaXample.exe (application/x-msdownload)
[2026-05-31T06:06:59.107Z][RAG-REBUILD] 파싱 미지원 첨부 형식, 메타데이터만 본문에 포함 예정: media1.mp4 (video/mp4)
[2026-05-31T06:06:59.109Z][RAG-REBUILD] 파싱 미지원 첨부 형식, 메타데이터만 본문에 포함 예정: spc 지비전K연새비상 주식회사 연세대 교직원식당 한경관 어울샘 관련 ai _1777854322831.hwp (unknown)
[2026-05-31T06:06:59.109Z][RAG-REBUILD] 파싱 미지원 첨부 형식, 메타데이터만 본문에 포함 예정: yonsei_cafeteria_business_20260504030434.pptx (application/vnd.openxmlformats-officedocument.presentationml.presentation)
[2026-05-31T06:06:59.111Z][RAG-REBUILD] 파싱 미지원 첨부 형식, 메타데이터만 본문에 포함 예정: yonsei_cafeteria_business_plan_20260504013702.pptx (application/vnd.openxmlformats-officedocument.presentationml.presentation)
[2026-05-31T06:06:59.112Z][RAG-REBUILD] 파싱 미지원 첨부 형식, 메타데이터만 본문에 포함 예정: yonsei_cafeteria_business_plan_20260504013702.pptx (application/vnd.openxmlformats-officedocument.presentationml.presentation)
[2026-05-31T06:06:59.118Z][RAG-REBUILD] 파싱 미지원 첨부 형식, 메타데이터만 본문에 포함 예정: _talkv_wy5gXQr7YD_In47ccAPApINSVeaf2STY1_talkv_high.mov (video/quicktime)
[2026-05-31T06:06:59.119Z][RAG-REBUILD] 파싱 미지원 첨부 형식, 메타데이터만 본문에 포함 예정: towel_sequence_hist_eq.mp4 (video/mp4)
[2026-05-31T06:06:59.120Z][RAG-REBUILD] 파싱 미지원 첨부 형식, 메타데이터만 본문에 포함 예정: SBS_AVM.mp4 (video/mp4)
[2026-05-31T06:06:59.128Z][RAG-REBUILD] 파싱 미지원 첨부 형식, 메타데이터만 본문에 포함 예정: [붙임 1-1] 신청방법 및 신청 또는 지원 제외사항 등 유의사항.hwpx (unknown)
[2026-05-31T06:06:59.128Z][RAG-REBUILD] 파싱 미지원 첨부 형식, 메타데이터만 본문에 포함 예정: [붙임 1-2] 중소기업기술개발 지원사업 보안대책.hwpx (unknown)
[2026-05-31T06:06:59.128Z][RAG-REBUILD] 파싱 미지원 첨부 형식, 메타데이터만 본문에 포함 예정: [붙임 2] 2026년도 중소기업기술혁신개발(도메인특화AI모델개발) 세부 지원내용.hwpx (unknown)
[2026-05-31T06:06:59.128Z][RAG-REBUILD] 파싱 미지원 첨부 형식, 메타데이터만 본문에 포함 예정: [붙임 3] 4대 업무혁신 분야 및 품목개요서.hwpx (unknown)
[2026-05-31T06:06:59.128Z][RAG-REBUILD] 파싱 미지원 첨부 형식, 메타데이터만 본문에 포함 예정: 1. 연구개발계획서 양식.hwp (unknown)
[2026-05-31T06:06:59.128Z][RAG-REBUILD] 파싱 미지원 첨부 형식, 메타데이터만 본문에 포함 예정: 2. 신용상태 조회 정보활용 동의서.hwp (unknown)
[2026-05-31T06:06:59.128Z][RAG-REBUILD] 파싱 미지원 첨부 형식, 메타데이터만 본문에 포함 예정: 3. 중소기업기술개발사업 개인정보 수집이용 동의서.hwp (unknown)
[2026-05-31T06:06:59.128Z][RAG-REBUILD] 파싱 미지원 첨부 형식, 메타데이터만 본문에 포함 예정: 4. 외부기술도입비 현물산정 신청서.hwp (unknown)
[2026-05-31T06:06:59.128Z][RAG-REBUILD] 파싱 미지원 첨부 형식, 메타데이터만 본문에 포함 예정: 5. 컨소시엄 확약서.hwp (unknown)
[2026-05-31T06:06:59.141Z][RAG-REBUILD] 파싱 미지원 첨부 형식, 메타데이터만 본문에 포함 예정: Insights Dashboard _standalone_.html (text/html)
[2026-05-31T06:06:59.146Z][RAG-REBUILD] 파싱 미지원 첨부 형식, 메타데이터만 본문에 포함 예정: ai_safety_platform_strategy_20260502011452.pptx (application/vnd.openxmlformats-officedocument.presentationml.presentation)
[2026-05-31T06:06:59.146Z][RAG-REBUILD] 파싱 미지원 첨부 형식, 메타데이터만 본문에 포함 예정: ai_safety_platform_strategy_20260502011452.pptx (application/vnd.openxmlformats-officedocument.presentationml.presentation)
[2026-05-31T06:06:59.147Z][RAG-REBUILD] 파싱 미지원 첨부 형식, 메타데이터만 본문에 포함 예정: Anjeon114 x EasyAIStation AI Strategy.pptx (application/vnd.openxmlformats-officedocument.presentationml.presentation)
[2026-05-31T06:06:59.147Z][RAG-REBUILD] 파싱 미지원 첨부 형식, 메타데이터만 본문에 포함 예정: 모바일 현장 점검 시스템 제안.pptx (application/vnd.openxmlformats-officedocument.presentationml.presentation)
[2026-05-31T06:06:59.153Z][RAG-REBUILD] 파싱 미지원 첨부 형식, 메타데이터만 본문에 포함 예정: UI_UX Blueprint for AI Knowledge System.pptx (application/vnd.openxmlformats-officedocument.presentationml.presentation)
[2026-05-31T06:06:59.154Z][RAG-REBUILD] 파싱 미지원 첨부 형식, 메타데이터만 본문에 포함 예정: Elim AI-EasyStation 통합 플랫폼.pptx (application/vnd.openxmlformats-officedocument.presentationml.presentation)
[2026-05-31T06:06:59.154Z][RAG-REBUILD] 파싱 미지원 첨부 형식, 메타데이터만 본문에 포함 예정: ELIM & EasyStation System Architecture.pptx (application/vnd.openxmlformats-officedocument.presentationml.presentation)
[2026-05-31T06:06:59.154Z][RAG-REBUILD] 파싱 미지원 첨부 형식, 메타데이터만 본문에 포함 예정: ai_smart_callcenter_fsm_1.3.pptx (application/vnd.openxmlformats-officedocument.presentationml.presentation)
[2026-05-31T06:06:59.155Z][RAG-REBUILD] 파싱 미지원 첨부 형식, 메타데이터만 본문에 포함 예정: 1. 연구개발계획서_트리포스_v1.5 (1).hwp (unknown)
[2026-05-31T06:06:59.155Z][RAG-REBUILD] 파싱 미지원 첨부 형식, 메타데이터만 본문에 포함 예정: 1. 연구개발계획서_트리포스_v1.7_SC.hwp (unknown)
[2026-05-31T06:06:59.155Z][RAG-REBUILD] 파싱 미지원 첨부 형식, 메타데이터만 본문에 포함 예정: 1. 연구개발계획서_트리포스_v1.7_SC.hwp (unknown)
[2026-05-31T06:06:59.156Z][RAG-REBUILD] 파싱 미지원 첨부 형식, 메타데이터만 본문에 포함 예정: 1. 연구개발계획서_트리포스_v1.99.hwp (unknown)
[2026-05-31T06:06:59.156Z][RAG-REBUILD] 파싱 미지원 첨부 형식, 메타데이터만 본문에 포함 예정: 1. 연구개발계획서_트리포스_v1.999.hwp (unknown)
[2026-05-31T06:06:59.156Z][RAG-REBUILD] 파싱 미지원 첨부 형식, 메타데이터만 본문에 포함 예정: 1. 연구개발계획서_트리포스_v1.9999_SC.hwp (unknown)
[2026-05-31T06:06:59.156Z][RAG-REBUILD] 파싱 미지원 첨부 형식, 메타데이터만 본문에 포함 예정: 1. 연구개발계획서_트리포스_v1.9999_SC.hwp (unknown)
[2026-05-31T06:06:59.158Z][RAG-REBUILD] 파싱 미지원 첨부 형식, 메타데이터만 본문에 포함 예정: 연구개발계획서_트리포스_최종.hwp (unknown)
[2026-05-31T06:06:59.158Z][RAG-REBUILD] 파싱 미지원 첨부 형식, 메타데이터만 본문에 포함 예정: 안전과제.xlsx (application/vnd.openxmlformats-officedocument.spreadsheetml.sheet)
[2026-05-31T06:06:59.158Z][RAG-REBUILD] 파싱 미지원 첨부 형식, 메타데이터만 본문에 포함 예정: 연구개발계획서_트리포스_최종-1.1.hwp (unknown)
[2026-05-31T06:06:59.159Z][RAG-REBUILD] 파싱 미지원 첨부 형식, 메타데이터만 본문에 포함 예정: strategy_execution_summary_20260525184710.pptx (application/vnd.openxmlformats-officedocument.presentationml.presentation)
[2026-05-31T06:06:59.159Z][RAG-REBUILD] 파싱 미지원 첨부 형식, 메타데이터만 본문에 포함 예정: on_device_ai_voice_interface_proposal_1.1.pptx (application/vnd.openxmlformats-officedocument.presentationml.presentation)
[2026-05-31T06:06:59.160Z][RAG-REBUILD] 파싱 미지원 첨부 형식, 메타데이터만 본문에 포함 예정: ai_safety_platform_strategy_1.1.pptx (application/vnd.openxmlformats-officedocument.presentationml.presentation)
[2026-05-31T06:06:59.161Z][RAG-REBUILD] 학습 대상: 게시글 383건, 댓글 567건, 첨부 649건
[2026-05-31T06:07:00.036Z][RAG-REBUILD] 게시글 배치 학습 1/39: 10건
/home/freegear/EasyDocStation/server/rag_train.py:111: DeprecationWarning: `langchain-community` is being sunset and is no longer actively maintained. See https://github.com/langchain-ai/langchain-community/issues/674 for details and migration guidance toward standalone integration packages.
  from langchain_community.document_loaders import Docx2txtLoader
[RAG] 테이블 생성 완료 (dim=1024)
[RAG] post=c29aec5a-2d32-4671-8f14-94af4b717f21 text → 1청크
[RAG] Word 학습 완료: 업무협력 및 해외판매 계약서_1.2.docx (5청크)
[RAG] Word 학습 완료: 위임장_동우화인켐_1.3.docx (2청크)
[RAG] 학습 진행률: 10% (게시글 Word)
[RAG] Word 학습 완료: 위임장_동우화인켐_1.2.docx (2청크)
[RAG] post=6b1455a2-0a28-4b5b-82b1-cfac5e768b6a text → 1청크
[RAG] 학습 진행률: 20% (게시글 본문)
[RAG] Word 학습 완료: 업무협력 및 해외판매 계약서.docx (6청크)
[RAG] post=d407acd9-0803-41f0-83e6-c8e002a66c7a text → 1청크
[RAG] 학습 진행률: 30% (게시글 본문)
[RAG] Word 학습 완료: 위임장_DongWoo_1.2.docx (2청크)
[RAG] post=f7e94527-e499-4188-88a8-8d7907872b94 text → 3청크
[RAG] 학습 진행률: 40% (게시글 본문)
[RAG] post=92ab1e0b-56e8-4997-a403-c081271e778c text → 1청크
[RAG] PDF 학습 시작: GTLD leaflet.pdf
[RAG] PDF 파싱 시작 (Unstructured fast): GTLD leaflet.pdf
[RAG] PDF 파싱 완료 (Unstructured fast): GTLD leaflet.pdf / elements=528 / 1.8s
[RAG] AUTO 복잡 페이지 판별: 2/2 pages (text<120 또는 표/이미지)
[RAG] PDF 파싱 시작 (Unstructured hi_res): GTLD leaflet.pdf
[RAG] PDF 파싱 진행중: GTLD leaflet.pdf (10s 경과)
Loading weights:   0%|          | 0/367 [00:00<?, ?it/s]Loading weights: 100%|██████████| 367/367 [00:00<00:00, 11940.22it/s]
[RAG] PDF 파싱 진행중: GTLD leaflet.pdf (20s 경과)
[RAG] PDF 파싱 진행중: GTLD leaflet.pdf (30s 경과)
[RAG] PDF 파싱 진행중: GTLD leaflet.pdf (40s 경과)
[RAG] PDF 파싱 진행중: GTLD leaflet.pdf (50s 경과)
[RAG] PDF 파싱 완료 (Unstructured hi_res): GTLD leaflet.pdf / elements=430 / 58.9s
[RAG] AUTO 전략 적용 완료: fast=528, hi_res_subset=430, merged=430
[RAG] Gemma 이미지 설명 완료 (page=1, 28.7s): 2110자
[RAG] Gemma 이미지 설명 완료 (page=1, 24.8s): 1633자
[RAG] Gemma 이미지 설명 완료 (page=1, 30.9s): 1950자
[RAG] Gemma 이미지 설명 완료 (page=1, 29.0s): 1930자
[RAG] Gemma 이미지 설명 완료 (page=1, 33.3s): 2247자
[RAG] Gemma 이미지 설명 완료 (page=1, 28.9s): 1709자
[RAG] Gemma 이미지 설명 완료 (page=1, 28.0s): 1890자
[RAG] Gemma 이미지 설명 완료 (page=1, 27.0s): 1908자
[RAG] Gemma 이미지 설명 완료 (page=1, 27.7s): 1772자
[RAG] Gemma 이미지 설명 완료 (page=1, 27.4s): 1832자
[RAG] Gemma 이미지 설명 완료 (page=1, 24.8s): 1466자
[RAG] Gemma 이미지 설명 완료 (page=1, 27.5s): 1813자
[RAG] Gemma 이미지 설명 완료 (page=1, 26.5s): 1621자
[RAG] Gemma 이미지 설명 완료 (page=1, 29.3s): 2073자
[RAG] Gemma 이미지 설명 완료 (page=1, 23.8s): 1396자
[RAG] Gemma 이미지 설명 완료 (page=1, 25.8s): 1889자
[RAG] Gemma 이미지 설명 완료 (page=1, 26.8s): 1855자
[RAG] Gemma 이미지 설명 완료 (page=1, 29.4s): 1839자
[RAG] Gemma 이미지 설명 완료 (page=1, 30.4s): 1917자
[RAG] Gemma 이미지 설명 완료 (page=1, 26.8s): 1643자
[RAG] Gemma 이미지 설명 완료 (page=1, 25.5s): 1465자
[RAG] Gemma 이미지 설명 완료 (page=1, 28.7s): 1961자
[RAG] Gemma 이미지 설명 완료 (page=1, 29.7s): 2247자
[RAG] Gemma 이미지 설명 완료 (page=1, 30.0s): 2139자
[RAG] Gemma 이미지 설명 완료 (page=1, 23.0s): 1391자
[RAG] Gemma 이미지 설명 완료 (page=1, 33.0s): 2230자
[RAG] Gemma 이미지 설명 완료 (page=1, 25.2s): 1846자
[RAG] Gemma 이미지 설명 완료 (page=1, 29.6s): 2004자
[RAG] Gemma 이미지 설명 완료 (page=1, 24.8s): 1753자
[RAG] Gemma 이미지 설명 완료 (page=1, 25.7s): 1754자
[RAG] Gemma 이미지 설명 완료 (page=1, 24.0s): 1606자
[RAG] Gemma 이미지 설명 완료 (page=1, 22.9s): 1613자
[RAG] Gemma 이미지 설명 완료 (page=2, 30.3s): 1980자
[RAG] Gemma 이미지 설명 완료 (page=2, 22.2s): 1427자
[RAG] Gemma 이미지 설명 완료 (page=2, 27.4s): 1756자
[RAG] Gemma 이미지 설명 완료 (page=2, 28.6s): 2130자
[RAG] Gemma 이미지 설명 완료 (page=2, 23.5s): 1475자
[RAG] Gemma 이미지 설명 완료 (page=2, 22.4s): 1503자
[RAG] Gemma 이미지 설명 완료 (page=2, 24.7s): 1885자
[RAG] Gemma 이미지 설명 완료 (page=2, 29.6s): 2118자
[RAG] Gemma 이미지 설명 완료 (page=2, 25.3s): 1679자
[RAG] Gemma 이미지 설명 완료 (page=2, 30.5s): 2180자
[RAG] Gemma 이미지 설명 완료 (page=2, 20.9s): 1302자
[RAG] Gemma 이미지 설명 완료 (page=2, 24.1s): 1507자
[RAG] Gemma 이미지 설명 완료 (page=2, 24.5s): 1613자
[RAG] Gemma 이미지 설명 완료 (page=2, 19.5s): 1273자
[RAG] Gemma 이미지 설명 완료 (page=2, 19.2s): 1216자
[RAG] Gemma 이미지 설명 완료 (page=2, 25.1s): 1630자
[RAG] Gemma 이미지 설명 완료 (page=2, 23.7s): 1569자
[RAG] Gemma 이미지 설명 완료 (page=2, 23.6s): 1649자
[RAG] Gemma 이미지 설명 완료 (page=2, 29.5s): 2338자
[RAG] Gemma 이미지 설명 완료 (page=2, 26.9s): 1671자
[RAG] Gemma 이미지 설명 완료 (page=2, 22.1s): 1326자
[RAG] Gemma 이미지 설명 완료 (page=2, 23.2s): 1471자
[RAG] Gemma 이미지 설명 완료 (page=2, 30.1s): 2118자
[RAG] Gemma 이미지 설명 완료 (page=2, 23.1s): 1606자
[RAG] Gemma 이미지 설명 완료 (page=2, 20.4s): 1331자
[RAG] Gemma 이미지 설명 완료 (page=2, 17.5s): 944자
[RAG] Gemma 이미지 설명 완료 (page=2, 18.7s): 1307자
[RAG] Gemma 이미지 설명 완료 (page=2, 22.9s): 1680자
[RAG] Gemma 이미지 설명 완료 (page=2, 26.8s): 1957자
[RAG] Gemma 이미지 설명 완료 (page=2, 28.9s): 2092자
[RAG] Gemma 이미지 설명 완료 (page=2, 24.8s): 1671자
[RAG] Gemma 이미지 설명 완료 (page=2, 24.8s): 1706자
[RAG] Gemma 이미지 설명 완료 (page=2, 13.2s): 500자
[RAG] Gemma 이미지 설명 완료 (page=2, 19.6s): 1105자
[RAG] Gemma 이미지 설명 완료 (page=2, 19.8s): 1162자
[2026-05-31T06:37:00.356Z][RAG-REBUILD] 실패: Error: /home/freegear/EasyDocStation/server/rag_train.py:111: DeprecationWarning: `langchain-community` is being sunset and is no longer actively maintained. See https://github.com/langchain-ai/langchain-community/issues/674 for details and migration guidance toward standalone integration packages.
  from langchain_community.document_loaders import Docx2txtLoader
Loading weights:   0%|          | 0/367 [00:00<?, ?it/s]Loading weights: 100%|██████████| 367/367 [00:00<00:00, 11940.22it/s]

    at ChildProcess.<anonymous> (/home/freegear/EasyDocStation/server/scripts/rebuild-rag-all.js:405:19)
    at ChildProcess.emit (node:events:519:28)
    at maybeClose (node:internal/child_process:1101:16)
    at ChildProcess._handle.onexit (node:internal/child_process:304:5)
/home/freegear/EasyDocStation/scripts/rebuild-rag-all.sh: line 116: app_stopped: unbound variable
[20260531-15:39:35][RAG-REBUILD] 전체 RAG 재학습 시작
[20260531-15:39:35][RAG-REBUILD] 로그 파일: /home/freegear/EasyDocStation/logs/rebuild-rag-all.log
[20260531-15:39:36][RAG-REBUILD] EasyDocStation은 이미 중지 상태입니다.
[20260531-15:39:36][RAG-REBUILD] RAG 저장소 초기화
[Reset] 대상 경로
  - LanceDB:        /home/freegear/EasyDocStation/Database/LanceDB
  - FileTrainingData: /home/freegear/EasyDocStation/Database/ObjectFile/FileTrainingData
[Reset] 완료
  - LanceDB 내부 초기화 완료
  - FileTrainingData 내부 초기화 완료
[20260531-15:39:36][RAG-REBUILD] 모든 팀/채널 게시글, 댓글, 첨부 문서, 이미지 재학습
[2026-05-31T06:39:36.914Z][RAG-REBUILD] Python: /home/freegear/EasyDocStation/.venv/bin/python3
[2026-05-31T06:39:36.914Z][RAG-REBUILD] 배치 크기: 10
✅ Database migration complete.
[2026-05-31T06:39:37.816Z][RAG-REBUILD] "찾을 수 없습니다"류의 이전 AI 실패 답변은 RAG 오염 방지를 위해 제외합니다.
✅ Cassandra connected
✅ Cassandra schema initialized
[2026-05-31T06:39:37.846Z][RAG-REBUILD] ObjectFile Path: /home/freegear/EasyDocStation/Database/ObjectFile
[2026-05-31T06:39:37.846Z][RAG-REBUILD] LanceDB Path: /home/freegear/EasyDocStation/Database/LanceDB
[2026-05-31T06:39:37.847Z][RAG-REBUILD] 임시 RAG 임베딩 서버 시작: 127.0.0.1:5001
[RAG-EMBED] [RAG Server] 임베딩 모델 로드 중 (device=cuda)...
[RAG-EMBED-ERR] Loading weights:   0%|          | 0/391 [00:00<?, ?it/s][RAG-EMBED-ERR] Loading weights: 100%|██████████| 391/391 [00:00<00:00, 48910.61it/s]
[RAG-EMBED] [RAG Server] 임베딩 모델 로드 완료
[RAG-EMBED] [RAG Server] 포트 5001 에서 시작됨
[2026-05-31T06:39:55.906Z][RAG-REBUILD] 조회 완료: 게시글 383건, 댓글 567건
[2026-05-31T06:39:55.918Z][RAG-REBUILD] 파싱 미지원 첨부 형식, 메타데이터만 본문에 포함 예정: KakaoTalk_20260422_140922251.mp4 (video/mp4)
[2026-05-31T06:39:55.918Z][RAG-REBUILD] 파싱 미지원 첨부 형식, 메타데이터만 본문에 포함 예정: KakaoTalk_20260119_110833374.mp4 (video/mp4)
[2026-05-31T06:39:55.919Z][RAG-REBUILD] 파싱 미지원 첨부 형식, 메타데이터만 본문에 포함 예정: KakaoTalk_20251117_145851003.mp4 (video/mp4)
[2026-05-31T06:39:55.920Z][RAG-REBUILD] 파싱 미지원 첨부 형식, 메타데이터만 본문에 포함 예정: KakaoTalk_20251016_184653386.mp4 (video/mp4)
[2026-05-31T06:39:55.920Z][RAG-REBUILD] 파싱 미지원 첨부 형식, 메타데이터만 본문에 포함 예정: KakaoTalk_20251013_152939797.mp4 (video/mp4)
[2026-05-31T06:39:55.920Z][RAG-REBUILD] 파싱 미지원 첨부 형식, 메타데이터만 본문에 포함 예정: G-TLD_Hongik University.mp4 (video/mp4)
[2026-05-31T06:39:55.921Z][RAG-REBUILD] 파싱 미지원 첨부 형식, 메타데이터만 본문에 포함 예정: G-TLD_Hoka.mp4 (video/mp4)
[2026-05-31T06:39:55.921Z][RAG-REBUILD] 파싱 미지원 첨부 형식, 메타데이터만 본문에 포함 예정: G-TLD_CES.mp4 (video/mp4)
[2026-05-31T06:39:55.921Z][RAG-REBUILD] 파싱 미지원 첨부 형식, 메타데이터만 본문에 포함 예정: G-TLD_BUS.mp4 (video/mp4)
[2026-05-31T06:39:55.922Z][RAG-REBUILD] 파싱 미지원 첨부 형식, 메타데이터만 본문에 포함 예정: 스미토모.mp4 (video/mp4)
[2026-05-31T06:39:55.923Z][RAG-REBUILD] 파싱 미지원 첨부 형식, 메타데이터만 본문에 포함 예정: 202604 G-TLD 표준제안서.pptx (application/vnd.openxmlformats-officedocument.presentationml.presentation)
[2026-05-31T06:39:55.923Z][RAG-REBUILD] 파싱 미지원 첨부 형식, 메타데이터만 본문에 포함 예정: 2025년 국립중앙박물관 COB1.53 설치 사례.mp4 (video/mp4)
[2026-05-31T06:39:55.926Z][RAG-REBUILD] 파싱 미지원 첨부 형식, 메타데이터만 본문에 포함 예정: KakaoTalk_Video_2026-05-10-14-25-25.mp4 (video/mp4)
[2026-05-31T06:39:55.927Z][RAG-REBUILD] 파싱 미지원 첨부 형식, 메타데이터만 본문에 포함 예정: hyundai_ansim_proposal_1.2.pptx (application/vnd.openxmlformats-officedocument.presentationml.presentation)
[2026-05-31T06:39:55.927Z][RAG-REBUILD] 파싱 미지원 첨부 형식, 메타데이터만 본문에 포함 예정: hyundai_ansim_proposal_1.3.pptx (application/vnd.openxmlformats-officedocument.presentationml.presentation)
[2026-05-31T06:39:55.928Z][RAG-REBUILD] 파싱 미지원 첨부 형식, 메타데이터만 본문에 포함 예정: 마곡더그리드 시스템 설치공사 견적서_1차 발신_260506.xlsx (application/vnd.openxmlformats-officedocument.spreadsheetml.sheet)
[2026-05-31T06:39:55.928Z][RAG-REBUILD] 파싱 미지원 첨부 형식, 메타데이터만 본문에 포함 예정: TADS-Rplus 260227.pptx (application/vnd.openxmlformats-officedocument.presentationml.presentation)
[2026-05-31T06:39:55.930Z][RAG-REBUILD] 파싱 미지원 첨부 형식, 메타데이터만 본문에 포함 예정: 수량 산출 및 검토사항_260429.xlsx (application/vnd.openxmlformats-officedocument.spreadsheetml.sheet)
[2026-05-31T06:39:55.930Z][RAG-REBUILD] 파싱 미지원 첨부 형식, 메타데이터만 본문에 포함 예정: HD_마곡현장_설치계획_V0.2_0428.pptx (application/vnd.openxmlformats-officedocument.presentationml.presentation)
[2026-05-31T06:39:55.935Z][RAG-REBUILD] 파싱 미지원 첨부 형식, 메타데이터만 본문에 포함 예정: CREMA_2.2.6.zip (application/zip)
[2026-05-31T06:39:55.935Z][RAG-REBUILD] 파싱 미지원 첨부 형식, 메타데이터만 본문에 포함 예정: CremaXample.exe (application/x-msdownload)
[2026-05-31T06:39:55.935Z][RAG-REBUILD] 파싱 미지원 첨부 형식, 메타데이터만 본문에 포함 예정: _talkf_wzc5u730qA_w0QcXNt3AR0NzRImDK2Ch0_f_e3e84459a45f 2.MP4 (video/mp4)
[2026-05-31T06:39:55.936Z][RAG-REBUILD] 파싱 미지원 첨부 형식, 메타데이터만 본문에 포함 예정: _talkf_wzc5u730qA_w0QcXNt3AR0NzRImDK2Ch0_f_e3e84459a45f.MP4 (video/mp4)
[2026-05-31T06:39:55.936Z][RAG-REBUILD] 파싱 미지원 첨부 형식, 메타데이터만 본문에 포함 예정: _talkf_wzc7lJZN7U_5LkTDBZz1x10BYxK7eP7Ik_f_e236cc9d6298 2.MP4 (video/mp4)
[2026-05-31T06:39:55.936Z][RAG-REBUILD] 파싱 미지원 첨부 형식, 메타데이터만 본문에 포함 예정: _talkf_wzc7lJZN7U_5LkTDBZz1x10BYxK7eP7Ik_f_e236cc9d6298.MP4 (video/mp4)
[2026-05-31T06:39:55.937Z][RAG-REBUILD] 파싱 미지원 첨부 형식, 메타데이터만 본문에 포함 예정: _talkf_wzM72BH2sd_PbWOThKHgsL9fpe4oQ91e1_f_81d284e251e6.mp4 (video/mp4)
[2026-05-31T06:39:55.937Z][RAG-REBUILD] 파싱 미지원 첨부 형식, 메타데이터만 본문에 포함 예정: Pop Girl.mp4 (video/mp4)
[2026-05-31T06:39:55.940Z][RAG-REBUILD] 파싱 미지원 첨부 형식, 메타데이터만 본문에 포함 예정: 구매자금 협조 요청서 .hwpx (unknown)
[2026-05-31T06:39:55.949Z][RAG-REBUILD] 파싱 미지원 첨부 형식, 메타데이터만 본문에 포함 예정: stock_recommend_quant.py (text/x-python-script)
[2026-05-31T06:39:55.951Z][RAG-REBUILD] 파싱 미지원 첨부 형식, 메타데이터만 본문에 포함 예정: GTL.xlsx (application/vnd.openxmlformats-officedocument.spreadsheetml.sheet)
[2026-05-31T06:39:55.954Z][RAG-REBUILD] 파싱 미지원 첨부 형식, 메타데이터만 본문에 포함 예정: WhiteOWL_260525.xlsx (application/vnd.openxmlformats-officedocument.spreadsheetml.sheet)
[2026-05-31T06:39:55.959Z][RAG-REBUILD] 파싱 미지원 첨부 형식, 메타데이터만 본문에 포함 예정: 화면 기록 2026-05-17 오후 4.18.12.mov (video/quicktime)
[2026-05-31T06:39:56.025Z][RAG-REBUILD] 파싱 미지원 첨부 형식, 메타데이터만 본문에 포함 예정: IP-VAV_&_Wi-F260410韓国版.mp4 (video/mp4)
[2026-05-31T06:39:56.026Z][RAG-REBUILD] 파싱 미지원 첨부 형식, 메타데이터만 본문에 포함 예정: AIが創る、次世代のスマートオフィス韓国語字幕.mp4 (video/mp4)
[2026-05-31T06:39:56.026Z][RAG-REBUILD] 파싱 미지원 첨부 형식, 메타데이터만 본문에 포함 예정: 【案】AI画像解析カメラソリューション_要件一覧_v1.0.xlsx (application/vnd.openxmlformats-officedocument.spreadsheetml.sheet)
[2026-05-31T06:39:56.030Z][RAG-REBUILD] 파싱 미지원 첨부 형식, 메타데이터만 본문에 포함 예정: 공모중점기술7종컨셉예시_yh수정.hwpx (unknown)
[2026-05-31T06:39:56.033Z][RAG-REBUILD] 파싱 미지원 첨부 형식, 메타데이터만 본문에 포함 예정: 과제수행목록_1.1.xlsx (application/vnd.openxmlformats-officedocument.spreadsheetml.sheet)
[2026-05-31T06:39:56.034Z][RAG-REBUILD] 파싱 미지원 첨부 형식, 메타데이터만 본문에 포함 예정: 1. 연구개발계획서_트리포스_v1.4.hwp (unknown)
[2026-05-31T06:39:56.034Z][RAG-REBUILD] 파싱 미지원 첨부 형식, 메타데이터만 본문에 포함 예정: 1. 연구개발계획서_트리포스_v1.5 (1).hwp (unknown)
[2026-05-31T06:39:56.034Z][RAG-REBUILD] 파싱 미지원 첨부 형식, 메타데이터만 본문에 포함 예정: 1. 연구개발계획서_트리포스_v1.7_SC.hwp (unknown)
[2026-05-31T06:39:56.034Z][RAG-REBUILD] 파싱 미지원 첨부 형식, 메타데이터만 본문에 포함 예정: 1. 연구개발계획서_트리포스_v1.7_SC.hwp (unknown)
[2026-05-31T06:39:56.034Z][RAG-REBUILD] 파싱 미지원 첨부 형식, 메타데이터만 본문에 포함 예정: 1. 연구개발계획서_트리포스_v1.99.hwp (unknown)
[2026-05-31T06:39:56.034Z][RAG-REBUILD] 파싱 미지원 첨부 형식, 메타데이터만 본문에 포함 예정: 1. 연구개발계획서_트리포스_v1.999.hwp (unknown)
[2026-05-31T06:39:56.034Z][RAG-REBUILD] 파싱 미지원 첨부 형식, 메타데이터만 본문에 포함 예정: 1. 연구개발계획서_트리포스_v1.9999_SC.hwp (unknown)
[2026-05-31T06:39:56.034Z][RAG-REBUILD] 파싱 미지원 첨부 형식, 메타데이터만 본문에 포함 예정: 1. 연구개발계획서_트리포스_v1.9999_SC.hwp (unknown)
[2026-05-31T06:39:56.034Z][RAG-REBUILD] 파싱 미지원 첨부 형식, 메타데이터만 본문에 포함 예정: 연구개발계획서_트리포스_최종.hwp (unknown)
[2026-05-31T06:39:56.034Z][RAG-REBUILD] 파싱 미지원 첨부 형식, 메타데이터만 본문에 포함 예정: 안전과제.xlsx (application/vnd.openxmlformats-officedocument.spreadsheetml.sheet)
[2026-05-31T06:39:56.034Z][RAG-REBUILD] 파싱 미지원 첨부 형식, 메타데이터만 본문에 포함 예정: 연구개발계획서_트리포스_최종-1.1.hwp (unknown)
[2026-05-31T06:39:56.035Z][RAG-REBUILD] 파싱 미지원 첨부 형식, 메타데이터만 본문에 포함 예정: [붙임 3] 4대 업무혁신 분야 및 품목개요서 (1).hwpx (unknown)
[2026-05-31T06:39:56.035Z][RAG-REBUILD] 파싱 미지원 첨부 형식, 메타데이터만 본문에 포함 예정: [붙임 1-1] 신청방법 및 신청 또는 지원 제외사항 등 유의사항.hwpx (unknown)
[2026-05-31T06:39:56.035Z][RAG-REBUILD] 파싱 미지원 첨부 형식, 메타데이터만 본문에 포함 예정: [붙임 1-2] 중소기업기술개발 지원사업 보안대책.hwpx (unknown)
[2026-05-31T06:39:56.035Z][RAG-REBUILD] 파싱 미지원 첨부 형식, 메타데이터만 본문에 포함 예정: [붙임 2] 2026년도 중소기업기술혁신개발(도메인특화AI모델개발) 세부 지원내용.hwpx (unknown)
[2026-05-31T06:39:56.035Z][RAG-REBUILD] 파싱 미지원 첨부 형식, 메타데이터만 본문에 포함 예정: [붙임 3] 4대 업무혁신 분야 및 품목개요서.hwpx (unknown)
[2026-05-31T06:39:56.035Z][RAG-REBUILD] 파싱 미지원 첨부 형식, 메타데이터만 본문에 포함 예정: 1. 연구개발계획서 양식.hwp (unknown)
[2026-05-31T06:39:56.035Z][RAG-REBUILD] 파싱 미지원 첨부 형식, 메타데이터만 본문에 포함 예정: 2. 신용상태 조회 정보활용 동의서.hwp (unknown)
[2026-05-31T06:39:56.035Z][RAG-REBUILD] 파싱 미지원 첨부 형식, 메타데이터만 본문에 포함 예정: 3. 중소기업기술개발사업 개인정보 수집이용 동의서.hwp (unknown)
[2026-05-31T06:39:56.035Z][RAG-REBUILD] 파싱 미지원 첨부 형식, 메타데이터만 본문에 포함 예정: 4. 외부기술도입비 현물산정 신청서.hwp (unknown)
[2026-05-31T06:39:56.035Z][RAG-REBUILD] 파싱 미지원 첨부 형식, 메타데이터만 본문에 포함 예정: 5. 컨소시엄 확약서.hwp (unknown)
[2026-05-31T06:39:56.036Z][RAG-REBUILD] 파싱 미지원 첨부 형식, 메타데이터만 본문에 포함 예정: spc 지비전K연새비상 주식회사 연세대 교직원식당 한경관 어울샘 관련 ai _1777854322831.hwp (unknown)
[2026-05-31T06:39:56.036Z][RAG-REBUILD] 파싱 미지원 첨부 형식, 메타데이터만 본문에 포함 예정: yonsei_cafeteria_business_20260504030434.pptx (application/vnd.openxmlformats-officedocument.presentationml.presentation)
[2026-05-31T06:39:56.036Z][RAG-REBUILD] 파싱 미지원 첨부 형식, 메타데이터만 본문에 포함 예정: yonsei_cafeteria_business_plan_20260504013702.pptx (application/vnd.openxmlformats-officedocument.presentationml.presentation)
[2026-05-31T06:39:56.036Z][RAG-REBUILD] 파싱 미지원 첨부 형식, 메타데이터만 본문에 포함 예정: yonsei_cafeteria_business_plan_20260504013702.pptx (application/vnd.openxmlformats-officedocument.presentationml.presentation)
[2026-05-31T06:39:56.036Z][RAG-REBUILD] 파싱 미지원 첨부 형식, 메타데이터만 본문에 포함 예정: 최요한 연세대학교 상남경영관 관련내용 (1)_1777854341309.hwp (unknown)
[2026-05-31T06:39:56.037Z][RAG-REBUILD] 파싱 미지원 첨부 형식, 메타데이터만 본문에 포함 예정: 공모중점기술7종컨셉예시_yh수정.hwpx (unknown)
[2026-05-31T06:39:56.039Z][RAG-REBUILD] 파싱 미지원 첨부 형식, 메타데이터만 본문에 포함 예정: 스카이칩스-견적서 복사본.xls (application/vnd.ms-excel)
[2026-05-31T06:39:56.039Z][RAG-REBUILD] 파싱 미지원 첨부 형식, 메타데이터만 본문에 포함 예정: AxBright-견적서.xls (application/vnd.ms-excel)
[2026-05-31T06:39:56.040Z][RAG-REBUILD] 파싱 미지원 첨부 형식, 메타데이터만 본문에 포함 예정: 2025-10-23 김기홍 대표님.zip (application/zip)
[2026-05-31T06:39:56.040Z][RAG-REBUILD] 파싱 미지원 첨부 형식, 메타데이터만 본문에 포함 예정: 구슬 트래킹 시스템 제안서_엠비젼_20250825.pptx (application/vnd.openxmlformats-officedocument.presentationml.presentation)
[2026-05-31T06:39:56.040Z][RAG-REBUILD] 파싱 미지원 첨부 형식, 메타데이터만 본문에 포함 예정: 스카이칩스-견적서.xls (application/vnd.ms-excel)
[2026-05-31T06:39:56.043Z][RAG-REBUILD] 파싱 미지원 첨부 형식, 메타데이터만 본문에 포함 예정: 통화 녹음 KC 하승한 부사장.성장전략실. 한홍규전무소개.더에이스테크.25.9.25.이성하대표님소개회사._260506_103303.m4a (audio/x-m4a)
[2026-05-31T06:39:56.043Z][RAG-REBUILD] 파싱 미지원 첨부 형식, 메타데이터만 본문에 포함 예정: AAA.m4a (audio/x-m4a)
[2026-05-31T06:39:56.043Z][RAG-REBUILD] 파싱 미지원 첨부 형식, 메타데이터만 본문에 포함 예정: _talkv_wy5gXQr7YD_In47ccAPApINSVeaf2STY1_talkv_high.mov (video/quicktime)
[2026-05-31T06:39:56.043Z][RAG-REBUILD] 파싱 미지원 첨부 형식, 메타데이터만 본문에 포함 예정: towel_sequence_hist_eq.mp4 (video/mp4)
[2026-05-31T06:39:56.043Z][RAG-REBUILD] 파싱 미지원 첨부 형식, 메타데이터만 본문에 포함 예정: SBS_AVM.mp4 (video/mp4)
[2026-05-31T06:39:56.044Z][RAG-REBUILD] 파싱 미지원 첨부 형식, 메타데이터만 본문에 포함 예정: 지식재산권현황_통합_20251102.xlsx (application/vnd.openxmlformats-officedocument.spreadsheetml.sheet)
[2026-05-31T06:39:56.045Z][RAG-REBUILD] 파싱 미지원 첨부 형식, 메타데이터만 본문에 포함 예정: 60504_090852 복사본.m4a (audio/x-m4a)
[2026-05-31T06:39:56.048Z][RAG-REBUILD] 파싱 미지원 첨부 형식, 메타데이터만 본문에 포함 예정: 60504_090852 복사본.m4a (audio/x-m4a)
[2026-05-31T06:39:56.049Z][RAG-REBUILD] 파싱 미지원 첨부 형식, 메타데이터만 본문에 포함 예정: 60504_090852 복사본.m4a (audio/x-m4a)
[2026-05-31T06:39:56.049Z][RAG-REBUILD] 파싱 미지원 첨부 형식, 메타데이터만 본문에 포함 예정: 60504_090852 복사본.m4a (audio/x-m4a)
[2026-05-31T06:39:56.049Z][RAG-REBUILD] 파싱 미지원 첨부 형식, 메타데이터만 본문에 포함 예정: 60504_090852.m4a (audio/x-m4a)
[2026-05-31T06:39:56.053Z][RAG-REBUILD] 첨부 파일 없음, 건너뜀: audio.m4a (/home/freegear/EasyDocStation/Database/ObjectFile/ch-1776440801214/c545d592-42ff-40e7-810f-d93a3a1eff2b/audio.m4a)
[2026-05-31T06:39:56.054Z][RAG-REBUILD] 첨부 파일 없음, 건너뜀: audio.m4a (/home/freegear/EasyDocStation/Database/ObjectFile/ch-1776440801214/5d296ced-64e8-4181-bb6f-b33f55ce3141/audio.m4a)
[2026-05-31T06:39:56.055Z][RAG-REBUILD] 첨부 파일 없음, 건너뜀: audio.m4a (/home/freegear/EasyDocStation/Database/ObjectFile/ch-1776440801214/cc2b7f02-f9c8-49d0-95c2-a9e2cc7491db/audio.m4a)
[2026-05-31T06:39:56.063Z][RAG-REBUILD] 파싱 미지원 첨부 형식, 메타데이터만 본문에 포함 예정: on_device_ai_voice_interface_proposal_1.0.pptx (application/vnd.openxmlformats-officedocument.presentationml.presentation)
[2026-05-31T06:39:56.063Z][RAG-REBUILD] 파싱 미지원 첨부 형식, 메타데이터만 본문에 포함 예정: strategy_execution_summary_20260525184710.pptx (application/vnd.openxmlformats-officedocument.presentationml.presentation)
[2026-05-31T06:39:56.063Z][RAG-REBUILD] 파싱 미지원 첨부 형식, 메타데이터만 본문에 포함 예정: on_device_ai_voice_interface_proposal_1.1.pptx (application/vnd.openxmlformats-officedocument.presentationml.presentation)
[2026-05-31T06:39:56.065Z][RAG-REBUILD] 파싱 미지원 첨부 형식, 메타데이터만 본문에 포함 예정: 데모영상.pptx (application/vnd.openxmlformats-officedocument.presentationml.presentation)
[2026-05-31T06:39:56.065Z][RAG-REBUILD] 파싱 미지원 첨부 형식, 메타데이터만 본문에 포함 예정: media1.mp4 (video/mp4)
[2026-05-31T06:39:56.066Z][RAG-REBUILD] 파싱 미지원 첨부 형식, 메타데이터만 본문에 포함 예정: Elim AI-EasyStation 통합 플랫폼.pptx (application/vnd.openxmlformats-officedocument.presentationml.presentation)
[2026-05-31T06:39:56.066Z][RAG-REBUILD] 파싱 미지원 첨부 형식, 메타데이터만 본문에 포함 예정: ELIM & EasyStation System Architecture.pptx (application/vnd.openxmlformats-officedocument.presentationml.presentation)
[2026-05-31T06:39:56.066Z][RAG-REBUILD] 파싱 미지원 첨부 형식, 메타데이터만 본문에 포함 예정: ai_smart_callcenter_fsm_1.3.pptx (application/vnd.openxmlformats-officedocument.presentationml.presentation)
[2026-05-31T06:39:56.067Z][RAG-REBUILD] 파싱 미지원 첨부 형식, 메타데이터만 본문에 포함 예정: Executive Dashboard _standalone_.html (text/html)
[2026-05-31T06:39:56.067Z][RAG-REBUILD] 파싱 미지원 첨부 형식, 메타데이터만 본문에 포함 예정: ai_smart_callcenter_fsm_1.2.pptx (application/vnd.openxmlformats-officedocument.presentationml.presentation)
[2026-05-31T06:39:56.067Z][RAG-REBUILD] 파싱 미지원 첨부 형식, 메타데이터만 본문에 포함 예정: ai_smart_callcenter_fsm_6month_roadmap_20260521082955.pptx (application/vnd.openxmlformats-officedocument.presentationml.presentation)
[2026-05-31T06:39:56.067Z][RAG-REBUILD] 파싱 미지원 첨부 형식, 메타데이터만 본문에 포함 예정: ai_field_service_sales_platform_20260521075953.pptx (application/vnd.openxmlformats-officedocument.presentationml.presentation)
[2026-05-31T06:39:56.068Z][RAG-REBUILD] 파싱 미지원 첨부 형식, 메타데이터만 본문에 포함 예정: smart_call_center_fsm_platform_20260521080047.pptx (application/vnd.openxmlformats-officedocument.presentationml.presentation)
[2026-05-31T06:39:56.068Z][RAG-REBUILD] 파싱 미지원 첨부 형식, 메타데이터만 본문에 포함 예정: ai_smart_callcenter_fsm_6month_roadmap_20260521082955.pptx (application/vnd.openxmlformats-officedocument.presentationml.presentation)
[2026-05-31T06:39:56.068Z][RAG-REBUILD] 파싱 미지원 첨부 형식, 메타데이터만 본문에 포함 예정: 9-stage Kanban Wireframe _standalone_.html (text/html)
[2026-05-31T06:39:56.068Z][RAG-REBUILD] 파싱 미지원 첨부 형식, 메타데이터만 본문에 포함 예정: 9-stage Kanban Wireframe _standalone_ (1).html (text/html)
[2026-05-31T06:39:56.071Z][RAG-REBUILD] 파싱 미지원 첨부 형식, 메타데이터만 본문에 포함 예정: ELIMNET.zip (application/zip)
[2026-05-31T06:39:56.123Z][RAG-REBUILD] 파싱 미지원 첨부 형식, 메타데이터만 본문에 포함 예정: 2026년 예비창업패키지 사업계획서_1.1.hwp (unknown)
[2026-05-31T06:39:56.124Z][RAG-REBUILD] 파싱 미지원 첨부 형식, 메타데이터만 본문에 포함 예정: 2026년 예비창업패키지 사업계획서_1.2.hwp (unknown)
[2026-05-31T06:39:56.125Z][RAG-REBUILD] 파싱 미지원 첨부 형식, 메타데이터만 본문에 포함 예정: 2026년 예비창업패키지 사업계획서_1.3.hwp (unknown)
[2026-05-31T06:39:56.143Z][RAG-REBUILD] 파싱 미지원 첨부 형식, 메타데이터만 본문에 포함 예정: hyundai_ansim_proposal_1.2.pptx (application/vnd.openxmlformats-officedocument.presentationml.presentation)
[2026-05-31T06:39:56.143Z][RAG-REBUILD] 파싱 미지원 첨부 형식, 메타데이터만 본문에 포함 예정: hyundai_ansim_proposal_1.3.pptx (application/vnd.openxmlformats-officedocument.presentationml.presentation)
[2026-05-31T06:39:56.147Z][RAG-REBUILD] 파싱 미지원 첨부 형식, 메타데이터만 본문에 포함 예정: 화면 기록 2026-05-02 오후 11.32.16.mov (video/quicktime)
[2026-05-31T06:39:56.148Z][RAG-REBUILD] 파싱 미지원 첨부 형식, 메타데이터만 본문에 포함 예정: 화면 기록 2026-05-02 오전 9.51.34.mp4 (video/mp4)
[2026-05-31T06:39:56.166Z][RAG-REBUILD] 파싱 미지원 첨부 형식, 메타데이터만 본문에 포함 예정: Executive Dashboard _standalone_.html (text/html)
[2026-05-31T06:39:56.170Z][RAG-REBUILD] 파싱 미지원 첨부 형식, 메타데이터만 본문에 포함 예정: ai_smart_callcenter_fsm_1.2.pptx (application/vnd.openxmlformats-officedocument.presentationml.presentation)
[2026-05-31T06:39:56.180Z][RAG-REBUILD] 파싱 미지원 첨부 형식, 메타데이터만 본문에 포함 예정: 화면 기록 2026-05-02 오전 9.51.34.mov (video/quicktime)
[2026-05-31T06:39:56.242Z][RAG-REBUILD] 파싱 미지원 첨부 형식, 메타데이터만 본문에 포함 예정: GTL.xlsx (application/vnd.openxmlformats-officedocument.spreadsheetml.sheet)
[2026-05-31T06:39:56.247Z][RAG-REBUILD] 파싱 미지원 첨부 형식, 메타데이터만 본문에 포함 예정: WhiteOWL_260525.xlsx (application/vnd.openxmlformats-officedocument.spreadsheetml.sheet)
[2026-05-31T06:39:56.251Z][RAG-REBUILD] 파싱 미지원 첨부 형식, 메타데이터만 본문에 포함 예정: smart_call_center_fsm_platform_20260521080047.pptx (application/vnd.openxmlformats-officedocument.presentationml.presentation)
[2026-05-31T06:39:56.252Z][RAG-REBUILD] 파싱 미지원 첨부 형식, 메타데이터만 본문에 포함 예정: ai_smart_callcenter_fsm_6month_roadmap_20260521082955.pptx (application/vnd.openxmlformats-officedocument.presentationml.presentation)
[2026-05-31T06:39:56.253Z][RAG-REBUILD] 파싱 미지원 첨부 형식, 메타데이터만 본문에 포함 예정: 9-stage Kanban Wireframe _standalone_.html (text/html)
[2026-05-31T06:39:56.253Z][RAG-REBUILD] 파싱 미지원 첨부 형식, 메타데이터만 본문에 포함 예정: 9-stage Kanban Wireframe _standalone_ (1).html (text/html)
[2026-05-31T06:39:56.255Z][RAG-REBUILD] 파싱 미지원 첨부 형식, 메타데이터만 본문에 포함 예정: CremaXample.exe (application/x-msdownload)
[2026-05-31T06:39:56.266Z][RAG-REBUILD] 파싱 미지원 첨부 형식, 메타데이터만 본문에 포함 예정: media1.mp4 (video/mp4)
[2026-05-31T06:39:56.271Z][RAG-REBUILD] 파싱 미지원 첨부 형식, 메타데이터만 본문에 포함 예정: spc 지비전K연새비상 주식회사 연세대 교직원식당 한경관 어울샘 관련 ai _1777854322831.hwp (unknown)
[2026-05-31T06:39:56.272Z][RAG-REBUILD] 파싱 미지원 첨부 형식, 메타데이터만 본문에 포함 예정: yonsei_cafeteria_business_20260504030434.pptx (application/vnd.openxmlformats-officedocument.presentationml.presentation)
[2026-05-31T06:39:56.273Z][RAG-REBUILD] 파싱 미지원 첨부 형식, 메타데이터만 본문에 포함 예정: yonsei_cafeteria_business_plan_20260504013702.pptx (application/vnd.openxmlformats-officedocument.presentationml.presentation)
[2026-05-31T06:39:56.274Z][RAG-REBUILD] 파싱 미지원 첨부 형식, 메타데이터만 본문에 포함 예정: yonsei_cafeteria_business_plan_20260504013702.pptx (application/vnd.openxmlformats-officedocument.presentationml.presentation)
[2026-05-31T06:39:56.281Z][RAG-REBUILD] 파싱 미지원 첨부 형식, 메타데이터만 본문에 포함 예정: _talkv_wy5gXQr7YD_In47ccAPApINSVeaf2STY1_talkv_high.mov (video/quicktime)
[2026-05-31T06:39:56.282Z][RAG-REBUILD] 파싱 미지원 첨부 형식, 메타데이터만 본문에 포함 예정: towel_sequence_hist_eq.mp4 (video/mp4)
[2026-05-31T06:39:56.282Z][RAG-REBUILD] 파싱 미지원 첨부 형식, 메타데이터만 본문에 포함 예정: SBS_AVM.mp4 (video/mp4)
[2026-05-31T06:39:56.296Z][RAG-REBUILD] 파싱 미지원 첨부 형식, 메타데이터만 본문에 포함 예정: [붙임 1-1] 신청방법 및 신청 또는 지원 제외사항 등 유의사항.hwpx (unknown)
[2026-05-31T06:39:56.296Z][RAG-REBUILD] 파싱 미지원 첨부 형식, 메타데이터만 본문에 포함 예정: [붙임 1-2] 중소기업기술개발 지원사업 보안대책.hwpx (unknown)
[2026-05-31T06:39:56.296Z][RAG-REBUILD] 파싱 미지원 첨부 형식, 메타데이터만 본문에 포함 예정: [붙임 2] 2026년도 중소기업기술혁신개발(도메인특화AI모델개발) 세부 지원내용.hwpx (unknown)
[2026-05-31T06:39:56.296Z][RAG-REBUILD] 파싱 미지원 첨부 형식, 메타데이터만 본문에 포함 예정: [붙임 3] 4대 업무혁신 분야 및 품목개요서.hwpx (unknown)
[2026-05-31T06:39:56.297Z][RAG-REBUILD] 파싱 미지원 첨부 형식, 메타데이터만 본문에 포함 예정: 1. 연구개발계획서 양식.hwp (unknown)
[2026-05-31T06:39:56.297Z][RAG-REBUILD] 파싱 미지원 첨부 형식, 메타데이터만 본문에 포함 예정: 2. 신용상태 조회 정보활용 동의서.hwp (unknown)
[2026-05-31T06:39:56.297Z][RAG-REBUILD] 파싱 미지원 첨부 형식, 메타데이터만 본문에 포함 예정: 3. 중소기업기술개발사업 개인정보 수집이용 동의서.hwp (unknown)
[2026-05-31T06:39:56.297Z][RAG-REBUILD] 파싱 미지원 첨부 형식, 메타데이터만 본문에 포함 예정: 4. 외부기술도입비 현물산정 신청서.hwp (unknown)
[2026-05-31T06:39:56.297Z][RAG-REBUILD] 파싱 미지원 첨부 형식, 메타데이터만 본문에 포함 예정: 5. 컨소시엄 확약서.hwp (unknown)
[2026-05-31T06:39:56.314Z][RAG-REBUILD] 파싱 미지원 첨부 형식, 메타데이터만 본문에 포함 예정: Insights Dashboard _standalone_.html (text/html)
[2026-05-31T06:39:56.334Z][RAG-REBUILD] 파싱 미지원 첨부 형식, 메타데이터만 본문에 포함 예정: ai_safety_platform_strategy_20260502011452.pptx (application/vnd.openxmlformats-officedocument.presentationml.presentation)
[2026-05-31T06:39:56.335Z][RAG-REBUILD] 파싱 미지원 첨부 형식, 메타데이터만 본문에 포함 예정: ai_safety_platform_strategy_20260502011452.pptx (application/vnd.openxmlformats-officedocument.presentationml.presentation)
[2026-05-31T06:39:56.337Z][RAG-REBUILD] 파싱 미지원 첨부 형식, 메타데이터만 본문에 포함 예정: Anjeon114 x EasyAIStation AI Strategy.pptx (application/vnd.openxmlformats-officedocument.presentationml.presentation)
[2026-05-31T06:39:56.339Z][RAG-REBUILD] 파싱 미지원 첨부 형식, 메타데이터만 본문에 포함 예정: 모바일 현장 점검 시스템 제안.pptx (application/vnd.openxmlformats-officedocument.presentationml.presentation)
[2026-05-31T06:39:56.348Z][RAG-REBUILD] 파싱 미지원 첨부 형식, 메타데이터만 본문에 포함 예정: UI_UX Blueprint for AI Knowledge System.pptx (application/vnd.openxmlformats-officedocument.presentationml.presentation)
[2026-05-31T06:39:56.351Z][RAG-REBUILD] 파싱 미지원 첨부 형식, 메타데이터만 본문에 포함 예정: Elim AI-EasyStation 통합 플랫폼.pptx (application/vnd.openxmlformats-officedocument.presentationml.presentation)
[2026-05-31T06:39:56.352Z][RAG-REBUILD] 파싱 미지원 첨부 형식, 메타데이터만 본문에 포함 예정: ELIM & EasyStation System Architecture.pptx (application/vnd.openxmlformats-officedocument.presentationml.presentation)
[2026-05-31T06:39:56.353Z][RAG-REBUILD] 파싱 미지원 첨부 형식, 메타데이터만 본문에 포함 예정: ai_smart_callcenter_fsm_1.3.pptx (application/vnd.openxmlformats-officedocument.presentationml.presentation)
[2026-05-31T06:39:56.356Z][RAG-REBUILD] 파싱 미지원 첨부 형식, 메타데이터만 본문에 포함 예정: 1. 연구개발계획서_트리포스_v1.5 (1).hwp (unknown)
[2026-05-31T06:39:56.357Z][RAG-REBUILD] 파싱 미지원 첨부 형식, 메타데이터만 본문에 포함 예정: 1. 연구개발계획서_트리포스_v1.7_SC.hwp (unknown)
[2026-05-31T06:39:56.358Z][RAG-REBUILD] 파싱 미지원 첨부 형식, 메타데이터만 본문에 포함 예정: 1. 연구개발계획서_트리포스_v1.7_SC.hwp (unknown)
[2026-05-31T06:39:56.359Z][RAG-REBUILD] 파싱 미지원 첨부 형식, 메타데이터만 본문에 포함 예정: 1. 연구개발계획서_트리포스_v1.99.hwp (unknown)
[2026-05-31T06:39:56.361Z][RAG-REBUILD] 파싱 미지원 첨부 형식, 메타데이터만 본문에 포함 예정: 1. 연구개발계획서_트리포스_v1.999.hwp (unknown)
[2026-05-31T06:39:56.362Z][RAG-REBUILD] 파싱 미지원 첨부 형식, 메타데이터만 본문에 포함 예정: 1. 연구개발계획서_트리포스_v1.9999_SC.hwp (unknown)
[2026-05-31T06:39:56.363Z][RAG-REBUILD] 파싱 미지원 첨부 형식, 메타데이터만 본문에 포함 예정: 1. 연구개발계획서_트리포스_v1.9999_SC.hwp (unknown)
[2026-05-31T06:39:56.373Z][RAG-REBUILD] 파싱 미지원 첨부 형식, 메타데이터만 본문에 포함 예정: 연구개발계획서_트리포스_최종.hwp (unknown)
[2026-05-31T06:39:56.374Z][RAG-REBUILD] 파싱 미지원 첨부 형식, 메타데이터만 본문에 포함 예정: 안전과제.xlsx (application/vnd.openxmlformats-officedocument.spreadsheetml.sheet)
[2026-05-31T06:39:56.375Z][RAG-REBUILD] 파싱 미지원 첨부 형식, 메타데이터만 본문에 포함 예정: 연구개발계획서_트리포스_최종-1.1.hwp (unknown)
[2026-05-31T06:39:56.380Z][RAG-REBUILD] 파싱 미지원 첨부 형식, 메타데이터만 본문에 포함 예정: strategy_execution_summary_20260525184710.pptx (application/vnd.openxmlformats-officedocument.presentationml.presentation)
[2026-05-31T06:39:56.380Z][RAG-REBUILD] 파싱 미지원 첨부 형식, 메타데이터만 본문에 포함 예정: on_device_ai_voice_interface_proposal_1.1.pptx (application/vnd.openxmlformats-officedocument.presentationml.presentation)
[2026-05-31T06:39:56.386Z][RAG-REBUILD] 파싱 미지원 첨부 형식, 메타데이터만 본문에 포함 예정: ai_safety_platform_strategy_1.1.pptx (application/vnd.openxmlformats-officedocument.presentationml.presentation)
[2026-05-31T06:39:56.390Z][RAG-REBUILD] 학습 대상: 게시글 383건, 댓글 567건, 첨부 649건
[2026-05-31T06:39:57.295Z][RAG-REBUILD] 게시글 배치 학습 1/39: 10건
/home/freegear/EasyDocStation/server/rag_train.py:111: DeprecationWarning: `langchain-community` is being sunset and is no longer actively maintained. See https://github.com/langchain-ai/langchain-community/issues/674 for details and migration guidance toward standalone integration packages.
  from langchain_community.document_loaders import Docx2txtLoader
[RAG] 테이블 생성 완료 (dim=1024)
[RAG] post=c29aec5a-2d32-4671-8f14-94af4b717f21 text → 1청크
[RAG] Word 학습 시작: 업무협력 및 해외판매 계약서_1.2.docx
[RAG] Word 학습 완료: 업무협력 및 해외판매 계약서_1.2.docx (5청크)
[RAG] Word 학습 시작: 위임장_동우화인켐_1.3.docx
[RAG] Word 학습 완료: 위임장_동우화인켐_1.3.docx (2청크)
[RAG] 학습 진행률: 10% (게시글 Word)
[RAG] Word 학습 시작: 위임장_동우화인켐_1.2.docx
[RAG] Word 학습 완료: 위임장_동우화인켐_1.2.docx (2청크)
[RAG] post=6b1455a2-0a28-4b5b-82b1-cfac5e768b6a text → 1청크
[RAG] 학습 진행률: 20% (게시글 본문)
[RAG] Word 학습 시작: 업무협력 및 해외판매 계약서.docx
[RAG] Word 학습 완료: 업무협력 및 해외판매 계약서.docx (6청크)
[RAG] post=d407acd9-0803-41f0-83e6-c8e002a66c7a text → 1청크
[RAG] 학습 진행률: 30% (게시글 본문)
[RAG] Word 학습 시작: 위임장_DongWoo_1.2.docx
[RAG] Word 학습 완료: 위임장_DongWoo_1.2.docx (2청크)
[RAG] post=f7e94527-e499-4188-88a8-8d7907872b94 text → 3청크
[RAG] 학습 진행률: 40% (게시글 본문)
[RAG] post=92ab1e0b-56e8-4997-a403-c081271e778c text → 1청크
[RAG] PDF 학습 시작: GTLD leaflet.pdf
[RAG] PDF 파싱 시작 (Unstructured fast): GTLD leaflet.pdf
[RAG] PDF 파싱 완료 (Unstructured fast): GTLD leaflet.pdf / elements=528 / 1.8s
[RAG] AUTO 복잡 페이지 판별: 2/2 pages (text<120 또는 표/이미지)
[RAG] PDF 파싱 시작 (Unstructured hi_res): GTLD leaflet.pdf
[RAG] PDF 파싱 진행중: GTLD leaflet.pdf (10s 경과)
Loading weights:   0%|          | 0/367 [00:00<?, ?it/s]Loading weights: 100%|██████████| 367/367 [00:00<00:00, 15419.00it/s]
[RAG] PDF 파싱 진행중: GTLD leaflet.pdf (20s 경과)
[RAG] PDF 파싱 진행중: GTLD leaflet.pdf (30s 경과)
[RAG] PDF 파싱 진행중: GTLD leaflet.pdf (40s 경과)
[RAG] PDF 파싱 진행중: GTLD leaflet.pdf (50s 경과)
[RAG] PDF 파싱 완료 (Unstructured hi_res): GTLD leaflet.pdf / elements=430 / 59.0s
[RAG] AUTO 전략 적용 완료: fast=528, hi_res_subset=430, merged=430
[RAG] Gemma 이미지 설명 완료 (page=1, 30.8s): 2285자
[RAG] Gemma 이미지 설명 완료 (page=1, 24.7s): 1633자
[RAG] Gemma 이미지 설명 완료 (page=1, 30.9s): 1950자
[RAG] Gemma 이미지 설명 완료 (page=1, 28.8s): 1930자
[RAG] Gemma 이미지 설명 완료 (page=1, 33.2s): 2247자
[RAG] Gemma 이미지 설명 완료 (page=1, 28.9s): 1709자
[RAG] Gemma 이미지 설명 완료 (page=1, 28.0s): 1890자
[RAG] Gemma 이미지 설명 완료 (page=1, 26.8s): 1908자
[RAG] Gemma 이미지 설명 완료 (page=1, 27.5s): 1772자
[RAG] Gemma 이미지 설명 완료 (page=1, 27.2s): 1832자
[RAG] Gemma 이미지 설명 완료 (page=1, 24.7s): 1466자
[RAG] Gemma 이미지 설명 완료 (page=1, 27.3s): 1813자
[RAG] Gemma 이미지 설명 완료 (page=1, 26.4s): 1621자
[RAG] Gemma 이미지 설명 완료 (page=1, 29.2s): 2073자
[RAG] Gemma 이미지 설명 완료 (page=1, 23.7s): 1396자
[RAG] Gemma 이미지 설명 완료 (page=1, 25.6s): 1889자
[RAG] Gemma 이미지 설명 완료 (page=1, 26.8s): 1855자
[RAG] Gemma 이미지 설명 완료 (page=1, 29.2s): 1839자
[RAG] Gemma 이미지 설명 완료 (page=1, 30.3s): 1917자
[RAG] Gemma 이미지 설명 완료 (page=1, 26.8s): 1643자
[RAG] Gemma 이미지 설명 완료 (page=1, 25.3s): 1465자
[RAG] Gemma 이미지 설명 완료 (page=1, 28.5s): 1961자
[RAG] Gemma 이미지 설명 완료 (page=1, 29.6s): 2247자
[RAG] Gemma 이미지 설명 완료 (page=1, 29.8s): 2139자
[RAG] Gemma 이미지 설명 완료 (page=1, 22.8s): 1391자
[RAG] Gemma 이미지 설명 완료 (page=1, 32.9s): 2230자
[RAG] Gemma 이미지 설명 완료 (page=1, 25.1s): 1846자
[RAG] Gemma 이미지 설명 완료 (page=1, 29.5s): 2004자
[RAG] Gemma 이미지 설명 완료 (page=1, 24.5s): 1753자
[RAG] Gemma 이미지 설명 완료 (page=1, 25.7s): 1754자
[RAG] Gemma 이미지 설명 완료 (page=1, 23.9s): 1606자
[RAG] Gemma 이미지 설명 완료 (page=1, 22.7s): 1613자
[RAG] Gemma 이미지 설명 완료 (page=2, 30.1s): 1980자
[RAG] Gemma 이미지 설명 완료 (page=2, 22.0s): 1427자
[RAG] Gemma 이미지 설명 완료 (page=2, 27.1s): 1756자
[RAG] Gemma 이미지 설명 완료 (page=2, 28.4s): 2130자
[RAG] Gemma 이미지 설명 완료 (page=2, 23.2s): 1475자
[RAG] Gemma 이미지 설명 완료 (page=2, 22.2s): 1503자
[RAG] Gemma 이미지 설명 완료 (page=2, 24.7s): 1885자
[RAG] Gemma 이미지 설명 완료 (page=2, 29.4s): 2118자
[RAG] Gemma 이미지 설명 완료 (page=2, 25.0s): 1679자
[RAG] Gemma 이미지 설명 완료 (page=2, 30.2s): 2180자
[RAG] Gemma 이미지 설명 완료 (page=2, 20.7s): 1302자
[RAG] Gemma 이미지 설명 완료 (page=2, 23.9s): 1507자
[RAG] Gemma 이미지 설명 완료 (page=2, 24.2s): 1613자
[RAG] Gemma 이미지 설명 완료 (page=2, 19.4s): 1273자
[RAG] Gemma 이미지 설명 완료 (page=2, 18.9s): 1216자
[RAG] Gemma 이미지 설명 완료 (page=2, 24.8s): 1630자
[RAG] Gemma 이미지 설명 완료 (page=2, 23.5s): 1569자
[RAG] Gemma 이미지 설명 완료 (page=2, 23.3s): 1649자
[RAG] Gemma 이미지 설명 완료 (page=2, 29.1s): 2338자
[RAG] Gemma 이미지 설명 완료 (page=2, 26.6s): 1671자
[RAG] Gemma 이미지 설명 완료 (page=2, 21.8s): 1326자
[RAG] Gemma 이미지 설명 완료 (page=2, 22.9s): 1471자
[RAG] Gemma 이미지 설명 완료 (page=2, 29.8s): 2118자
[RAG] Gemma 이미지 설명 완료 (page=2, 22.8s): 1606자
[RAG] Gemma 이미지 설명 완료 (page=2, 20.2s): 1331자
[RAG] Gemma 이미지 설명 완료 (page=2, 17.3s): 944자
[RAG] Gemma 이미지 설명 완료 (page=2, 18.5s): 1307자
[RAG] Gemma 이미지 설명 완료 (page=2, 22.7s): 1680자
[RAG] Gemma 이미지 설명 완료 (page=2, 26.7s): 1957자
[RAG] Gemma 이미지 설명 완료 (page=2, 28.4s): 2092자
[RAG] Gemma 이미지 설명 완료 (page=2, 24.5s): 1671자
[RAG] Gemma 이미지 설명 완료 (page=2, 24.5s): 1706자
[RAG] Gemma 이미지 설명 완료 (page=2, 13.0s): 500자
[RAG] Gemma 이미지 설명 완료 (page=2, 19.5s): 1105자
[RAG] Gemma 이미지 설명 완료 (page=2, 19.7s): 1162자
[2026-05-31T07:09:58.548Z][RAG-REBUILD] 실패: Error: /home/freegear/EasyDocStation/server/rag_train.py:111: DeprecationWarning: `langchain-community` is being sunset and is no longer actively maintained. See https://github.com/langchain-ai/langchain-community/issues/674 for details and migration guidance toward standalone integration packages.
  from langchain_community.document_loaders import Docx2txtLoader
Loading weights:   0%|          | 0/367 [00:00<?, ?it/s]Loading weights: 100%|██████████| 367/367 [00:00<00:00, 15419.00it/s]

    at ChildProcess.<anonymous> (/home/freegear/EasyDocStation/server/scripts/rebuild-rag-all.js:452:19)
    at ChildProcess.emit (node:events:519:28)
    at maybeClose (node:internal/child_process:1101:16)
    at ChildProcess._handle.onexit (node:internal/child_process:304:5)
/home/freegear/EasyDocStation/scripts/rebuild-rag-all.sh: line 116: app_stopped: unbound variable
[20260531-16:14:33][RAG-REBUILD] 전체 RAG 재학습 시작
[20260531-16:14:33][RAG-REBUILD] 로그 파일: /home/freegear/EasyDocStation/logs/rebuild-rag-all.log
[20260531-16:14:34][RAG-REBUILD] EasyDocStation은 이미 중지 상태입니다.
[20260531-16:14:34][RAG-REBUILD] RAG 저장소 초기화
[Reset] 대상 경로
  - LanceDB:        /home/freegear/EasyDocStation/Database/LanceDB
  - FileTrainingData: /home/freegear/EasyDocStation/Database/ObjectFile/FileTrainingData
[Reset] 완료
  - LanceDB 내부 초기화 완료
  - FileTrainingData 내부 초기화 완료
[20260531-16:14:34][RAG-REBUILD] 모든 팀/채널 게시글, 댓글, 첨부 문서, 이미지 재학습
[2026-05-31T07:14:34.804Z][RAG-REBUILD] Python: /home/freegear/EasyDocStation/.venv/bin/python3
[2026-05-31T07:14:34.804Z][RAG-REBUILD] 배치 크기: 10
✅ Database migration complete.
[2026-05-31T07:14:35.720Z][RAG-REBUILD] "찾을 수 없습니다"류의 이전 AI 실패 답변은 RAG 오염 방지를 위해 제외합니다.
✅ Cassandra connected
✅ Cassandra schema initialized
[2026-05-31T07:14:35.763Z][RAG-REBUILD] ObjectFile Path: /home/freegear/EasyDocStation/Database/ObjectFile
[2026-05-31T07:14:35.763Z][RAG-REBUILD] LanceDB Path: /home/freegear/EasyDocStation/Database/LanceDB
[2026-05-31T07:14:35.763Z][RAG-REBUILD] 배치 학습 시간 제한: 없음
[2026-05-31T07:14:35.767Z][RAG-REBUILD] 임시 RAG 임베딩 서버 시작: 127.0.0.1:5001
[RAG-EMBED] [RAG Server] 임베딩 모델 로드 중 (device=cuda)...
[RAG-EMBED-ERR] Loading weights:   0%|          | 0/391 [00:00<?, ?it/s][RAG-EMBED-ERR] Loading weights: 100%|██████████| 391/391 [00:00<00:00, 47008.14it/s]
[RAG-EMBED] [RAG Server] 임베딩 모델 로드 완료
[RAG Server] 포트 5001 에서 시작됨
[2026-05-31T07:14:54.823Z][RAG-REBUILD] 조회 완료: 게시글 383건, 댓글 567건
[2026-05-31T07:14:54.831Z][RAG-REBUILD] 파싱 미지원 첨부 형식, 메타데이터만 본문에 포함 예정: KakaoTalk_20260422_140922251.mp4 (video/mp4)
[2026-05-31T07:14:54.831Z][RAG-REBUILD] 파싱 미지원 첨부 형식, 메타데이터만 본문에 포함 예정: KakaoTalk_20260119_110833374.mp4 (video/mp4)
[2026-05-31T07:14:54.831Z][RAG-REBUILD] 파싱 미지원 첨부 형식, 메타데이터만 본문에 포함 예정: KakaoTalk_20251117_145851003.mp4 (video/mp4)
[2026-05-31T07:14:54.832Z][RAG-REBUILD] 파싱 미지원 첨부 형식, 메타데이터만 본문에 포함 예정: KakaoTalk_20251016_184653386.mp4 (video/mp4)
[2026-05-31T07:14:54.832Z][RAG-REBUILD] 파싱 미지원 첨부 형식, 메타데이터만 본문에 포함 예정: KakaoTalk_20251013_152939797.mp4 (video/mp4)
[2026-05-31T07:14:54.832Z][RAG-REBUILD] 파싱 미지원 첨부 형식, 메타데이터만 본문에 포함 예정: G-TLD_Hongik University.mp4 (video/mp4)
[2026-05-31T07:14:54.832Z][RAG-REBUILD] 파싱 미지원 첨부 형식, 메타데이터만 본문에 포함 예정: G-TLD_Hoka.mp4 (video/mp4)
[2026-05-31T07:14:54.832Z][RAG-REBUILD] 파싱 미지원 첨부 형식, 메타데이터만 본문에 포함 예정: G-TLD_CES.mp4 (video/mp4)
[2026-05-31T07:14:54.832Z][RAG-REBUILD] 파싱 미지원 첨부 형식, 메타데이터만 본문에 포함 예정: G-TLD_BUS.mp4 (video/mp4)
[2026-05-31T07:14:54.833Z][RAG-REBUILD] 파싱 미지원 첨부 형식, 메타데이터만 본문에 포함 예정: 스미토모.mp4 (video/mp4)
[2026-05-31T07:14:54.833Z][RAG-REBUILD] 파싱 미지원 첨부 형식, 메타데이터만 본문에 포함 예정: 202604 G-TLD 표준제안서.pptx (application/vnd.openxmlformats-officedocument.presentationml.presentation)
[2026-05-31T07:14:54.833Z][RAG-REBUILD] 파싱 미지원 첨부 형식, 메타데이터만 본문에 포함 예정: 2025년 국립중앙박물관 COB1.53 설치 사례.mp4 (video/mp4)
[2026-05-31T07:14:54.834Z][RAG-REBUILD] 파싱 미지원 첨부 형식, 메타데이터만 본문에 포함 예정: KakaoTalk_Video_2026-05-10-14-25-25.mp4 (video/mp4)
[2026-05-31T07:14:54.834Z][RAG-REBUILD] 파싱 미지원 첨부 형식, 메타데이터만 본문에 포함 예정: hyundai_ansim_proposal_1.2.pptx (application/vnd.openxmlformats-officedocument.presentationml.presentation)
[2026-05-31T07:14:54.834Z][RAG-REBUILD] 파싱 미지원 첨부 형식, 메타데이터만 본문에 포함 예정: hyundai_ansim_proposal_1.3.pptx (application/vnd.openxmlformats-officedocument.presentationml.presentation)
[2026-05-31T07:14:54.834Z][RAG-REBUILD] 파싱 미지원 첨부 형식, 메타데이터만 본문에 포함 예정: 마곡더그리드 시스템 설치공사 견적서_1차 발신_260506.xlsx (application/vnd.openxmlformats-officedocument.spreadsheetml.sheet)
[2026-05-31T07:14:54.834Z][RAG-REBUILD] 파싱 미지원 첨부 형식, 메타데이터만 본문에 포함 예정: TADS-Rplus 260227.pptx (application/vnd.openxmlformats-officedocument.presentationml.presentation)
[2026-05-31T07:14:54.835Z][RAG-REBUILD] 파싱 미지원 첨부 형식, 메타데이터만 본문에 포함 예정: 수량 산출 및 검토사항_260429.xlsx (application/vnd.openxmlformats-officedocument.spreadsheetml.sheet)
[2026-05-31T07:14:54.835Z][RAG-REBUILD] 파싱 미지원 첨부 형식, 메타데이터만 본문에 포함 예정: HD_마곡현장_설치계획_V0.2_0428.pptx (application/vnd.openxmlformats-officedocument.presentationml.presentation)
[2026-05-31T07:14:54.836Z][RAG-REBUILD] 파싱 미지원 첨부 형식, 메타데이터만 본문에 포함 예정: CREMA_2.2.6.zip (application/zip)
[2026-05-31T07:14:54.836Z][RAG-REBUILD] 파싱 미지원 첨부 형식, 메타데이터만 본문에 포함 예정: CremaXample.exe (application/x-msdownload)
[2026-05-31T07:14:54.836Z][RAG-REBUILD] 파싱 미지원 첨부 형식, 메타데이터만 본문에 포함 예정: _talkf_wzc5u730qA_w0QcXNt3AR0NzRImDK2Ch0_f_e3e84459a45f 2.MP4 (video/mp4)
[2026-05-31T07:14:54.836Z][RAG-REBUILD] 파싱 미지원 첨부 형식, 메타데이터만 본문에 포함 예정: _talkf_wzc5u730qA_w0QcXNt3AR0NzRImDK2Ch0_f_e3e84459a45f.MP4 (video/mp4)
[2026-05-31T07:14:54.836Z][RAG-REBUILD] 파싱 미지원 첨부 형식, 메타데이터만 본문에 포함 예정: _talkf_wzc7lJZN7U_5LkTDBZz1x10BYxK7eP7Ik_f_e236cc9d6298 2.MP4 (video/mp4)
[2026-05-31T07:14:54.836Z][RAG-REBUILD] 파싱 미지원 첨부 형식, 메타데이터만 본문에 포함 예정: _talkf_wzc7lJZN7U_5LkTDBZz1x10BYxK7eP7Ik_f_e236cc9d6298.MP4 (video/mp4)
[2026-05-31T07:14:54.836Z][RAG-REBUILD] 파싱 미지원 첨부 형식, 메타데이터만 본문에 포함 예정: _talkf_wzM72BH2sd_PbWOThKHgsL9fpe4oQ91e1_f_81d284e251e6.mp4 (video/mp4)
[2026-05-31T07:14:54.836Z][RAG-REBUILD] 파싱 미지원 첨부 형식, 메타데이터만 본문에 포함 예정: Pop Girl.mp4 (video/mp4)
[2026-05-31T07:14:54.837Z][RAG-REBUILD] 파싱 미지원 첨부 형식, 메타데이터만 본문에 포함 예정: 구매자금 협조 요청서 .hwpx (unknown)
[2026-05-31T07:14:54.838Z][RAG-REBUILD] 파싱 미지원 첨부 형식, 메타데이터만 본문에 포함 예정: stock_recommend_quant.py (text/x-python-script)
[2026-05-31T07:14:54.838Z][RAG-REBUILD] 파싱 미지원 첨부 형식, 메타데이터만 본문에 포함 예정: GTL.xlsx (application/vnd.openxmlformats-officedocument.spreadsheetml.sheet)
[2026-05-31T07:14:54.839Z][RAG-REBUILD] 파싱 미지원 첨부 형식, 메타데이터만 본문에 포함 예정: WhiteOWL_260525.xlsx (application/vnd.openxmlformats-officedocument.spreadsheetml.sheet)
[2026-05-31T07:14:54.840Z][RAG-REBUILD] 파싱 미지원 첨부 형식, 메타데이터만 본문에 포함 예정: 화면 기록 2026-05-17 오후 4.18.12.mov (video/quicktime)
[2026-05-31T07:14:54.849Z][RAG-REBUILD] 파싱 미지원 첨부 형식, 메타데이터만 본문에 포함 예정: IP-VAV_&_Wi-F260410韓国版.mp4 (video/mp4)
[2026-05-31T07:14:54.849Z][RAG-REBUILD] 파싱 미지원 첨부 형식, 메타데이터만 본문에 포함 예정: AIが創る、次世代のスマートオフィス韓国語字幕.mp4 (video/mp4)
[2026-05-31T07:14:54.849Z][RAG-REBUILD] 파싱 미지원 첨부 형식, 메타데이터만 본문에 포함 예정: 【案】AI画像解析カメラソリューション_要件一覧_v1.0.xlsx (application/vnd.openxmlformats-officedocument.spreadsheetml.sheet)
[2026-05-31T07:14:54.849Z][RAG-REBUILD] 파싱 미지원 첨부 형식, 메타데이터만 본문에 포함 예정: 공모중점기술7종컨셉예시_yh수정.hwpx (unknown)
[2026-05-31T07:14:54.850Z][RAG-REBUILD] 파싱 미지원 첨부 형식, 메타데이터만 본문에 포함 예정: 과제수행목록_1.1.xlsx (application/vnd.openxmlformats-officedocument.spreadsheetml.sheet)
[2026-05-31T07:14:54.850Z][RAG-REBUILD] 파싱 미지원 첨부 형식, 메타데이터만 본문에 포함 예정: 1. 연구개발계획서_트리포스_v1.4.hwp (unknown)
[2026-05-31T07:14:54.850Z][RAG-REBUILD] 파싱 미지원 첨부 형식, 메타데이터만 본문에 포함 예정: 1. 연구개발계획서_트리포스_v1.5 (1).hwp (unknown)
[2026-05-31T07:14:54.850Z][RAG-REBUILD] 파싱 미지원 첨부 형식, 메타데이터만 본문에 포함 예정: 1. 연구개발계획서_트리포스_v1.7_SC.hwp (unknown)
[2026-05-31T07:14:54.850Z][RAG-REBUILD] 파싱 미지원 첨부 형식, 메타데이터만 본문에 포함 예정: 1. 연구개발계획서_트리포스_v1.7_SC.hwp (unknown)
[2026-05-31T07:14:54.850Z][RAG-REBUILD] 파싱 미지원 첨부 형식, 메타데이터만 본문에 포함 예정: 1. 연구개발계획서_트리포스_v1.99.hwp (unknown)
[2026-05-31T07:14:54.850Z][RAG-REBUILD] 파싱 미지원 첨부 형식, 메타데이터만 본문에 포함 예정: 1. 연구개발계획서_트리포스_v1.999.hwp (unknown)
[2026-05-31T07:14:54.850Z][RAG-REBUILD] 파싱 미지원 첨부 형식, 메타데이터만 본문에 포함 예정: 1. 연구개발계획서_트리포스_v1.9999_SC.hwp (unknown)
[2026-05-31T07:14:54.850Z][RAG-REBUILD] 파싱 미지원 첨부 형식, 메타데이터만 본문에 포함 예정: 1. 연구개발계획서_트리포스_v1.9999_SC.hwp (unknown)
[2026-05-31T07:14:54.850Z][RAG-REBUILD] 파싱 미지원 첨부 형식, 메타데이터만 본문에 포함 예정: 연구개발계획서_트리포스_최종.hwp (unknown)
[2026-05-31T07:14:54.850Z][RAG-REBUILD] 파싱 미지원 첨부 형식, 메타데이터만 본문에 포함 예정: 안전과제.xlsx (application/vnd.openxmlformats-officedocument.spreadsheetml.sheet)
[2026-05-31T07:14:54.850Z][RAG-REBUILD] 파싱 미지원 첨부 형식, 메타데이터만 본문에 포함 예정: 연구개발계획서_트리포스_최종-1.1.hwp (unknown)
[2026-05-31T07:14:54.850Z][RAG-REBUILD] 파싱 미지원 첨부 형식, 메타데이터만 본문에 포함 예정: [붙임 3] 4대 업무혁신 분야 및 품목개요서 (1).hwpx (unknown)
[2026-05-31T07:14:54.850Z][RAG-REBUILD] 파싱 미지원 첨부 형식, 메타데이터만 본문에 포함 예정: [붙임 1-1] 신청방법 및 신청 또는 지원 제외사항 등 유의사항.hwpx (unknown)
[2026-05-31T07:14:54.850Z][RAG-REBUILD] 파싱 미지원 첨부 형식, 메타데이터만 본문에 포함 예정: [붙임 1-2] 중소기업기술개발 지원사업 보안대책.hwpx (unknown)
[2026-05-31T07:14:54.850Z][RAG-REBUILD] 파싱 미지원 첨부 형식, 메타데이터만 본문에 포함 예정: [붙임 2] 2026년도 중소기업기술혁신개발(도메인특화AI모델개발) 세부 지원내용.hwpx (unknown)
[2026-05-31T07:14:54.850Z][RAG-REBUILD] 파싱 미지원 첨부 형식, 메타데이터만 본문에 포함 예정: [붙임 3] 4대 업무혁신 분야 및 품목개요서.hwpx (unknown)
[2026-05-31T07:14:54.850Z][RAG-REBUILD] 파싱 미지원 첨부 형식, 메타데이터만 본문에 포함 예정: 1. 연구개발계획서 양식.hwp (unknown)
[2026-05-31T07:14:54.850Z][RAG-REBUILD] 파싱 미지원 첨부 형식, 메타데이터만 본문에 포함 예정: 2. 신용상태 조회 정보활용 동의서.hwp (unknown)
[2026-05-31T07:14:54.850Z][RAG-REBUILD] 파싱 미지원 첨부 형식, 메타데이터만 본문에 포함 예정: 3. 중소기업기술개발사업 개인정보 수집이용 동의서.hwp (unknown)
[2026-05-31T07:14:54.850Z][RAG-REBUILD] 파싱 미지원 첨부 형식, 메타데이터만 본문에 포함 예정: 4. 외부기술도입비 현물산정 신청서.hwp (unknown)
[2026-05-31T07:14:54.850Z][RAG-REBUILD] 파싱 미지원 첨부 형식, 메타데이터만 본문에 포함 예정: 5. 컨소시엄 확약서.hwp (unknown)
[2026-05-31T07:14:54.850Z][RAG-REBUILD] 파싱 미지원 첨부 형식, 메타데이터만 본문에 포함 예정: spc 지비전K연새비상 주식회사 연세대 교직원식당 한경관 어울샘 관련 ai _1777854322831.hwp (unknown)
[2026-05-31T07:14:54.850Z][RAG-REBUILD] 파싱 미지원 첨부 형식, 메타데이터만 본문에 포함 예정: yonsei_cafeteria_business_20260504030434.pptx (application/vnd.openxmlformats-officedocument.presentationml.presentation)
[2026-05-31T07:14:54.850Z][RAG-REBUILD] 파싱 미지원 첨부 형식, 메타데이터만 본문에 포함 예정: yonsei_cafeteria_business_plan_20260504013702.pptx (application/vnd.openxmlformats-officedocument.presentationml.presentation)
[2026-05-31T07:14:54.850Z][RAG-REBUILD] 파싱 미지원 첨부 형식, 메타데이터만 본문에 포함 예정: yonsei_cafeteria_business_plan_20260504013702.pptx (application/vnd.openxmlformats-officedocument.presentationml.presentation)
[2026-05-31T07:14:54.851Z][RAG-REBUILD] 파싱 미지원 첨부 형식, 메타데이터만 본문에 포함 예정: 최요한 연세대학교 상남경영관 관련내용 (1)_1777854341309.hwp (unknown)
[2026-05-31T07:14:54.851Z][RAG-REBUILD] 파싱 미지원 첨부 형식, 메타데이터만 본문에 포함 예정: 공모중점기술7종컨셉예시_yh수정.hwpx (unknown)
[2026-05-31T07:14:54.851Z][RAG-REBUILD] 파싱 미지원 첨부 형식, 메타데이터만 본문에 포함 예정: 스카이칩스-견적서 복사본.xls (application/vnd.ms-excel)
[2026-05-31T07:14:54.851Z][RAG-REBUILD] 파싱 미지원 첨부 형식, 메타데이터만 본문에 포함 예정: AxBright-견적서.xls (application/vnd.ms-excel)
[2026-05-31T07:14:54.851Z][RAG-REBUILD] 파싱 미지원 첨부 형식, 메타데이터만 본문에 포함 예정: 2025-10-23 김기홍 대표님.zip (application/zip)
[2026-05-31T07:14:54.851Z][RAG-REBUILD] 파싱 미지원 첨부 형식, 메타데이터만 본문에 포함 예정: 구슬 트래킹 시스템 제안서_엠비젼_20250825.pptx (application/vnd.openxmlformats-officedocument.presentationml.presentation)
[2026-05-31T07:14:54.851Z][RAG-REBUILD] 파싱 미지원 첨부 형식, 메타데이터만 본문에 포함 예정: 스카이칩스-견적서.xls (application/vnd.ms-excel)
[2026-05-31T07:14:54.852Z][RAG-REBUILD] 파싱 미지원 첨부 형식, 메타데이터만 본문에 포함 예정: 통화 녹음 KC 하승한 부사장.성장전략실. 한홍규전무소개.더에이스테크.25.9.25.이성하대표님소개회사._260506_103303.m4a (audio/x-m4a)
[2026-05-31T07:14:54.852Z][RAG-REBUILD] 파싱 미지원 첨부 형식, 메타데이터만 본문에 포함 예정: AAA.m4a (audio/x-m4a)
[2026-05-31T07:14:54.852Z][RAG-REBUILD] 파싱 미지원 첨부 형식, 메타데이터만 본문에 포함 예정: _talkv_wy5gXQr7YD_In47ccAPApINSVeaf2STY1_talkv_high.mov (video/quicktime)
[2026-05-31T07:14:54.852Z][RAG-REBUILD] 파싱 미지원 첨부 형식, 메타데이터만 본문에 포함 예정: towel_sequence_hist_eq.mp4 (video/mp4)
[2026-05-31T07:14:54.852Z][RAG-REBUILD] 파싱 미지원 첨부 형식, 메타데이터만 본문에 포함 예정: SBS_AVM.mp4 (video/mp4)
[2026-05-31T07:14:54.852Z][RAG-REBUILD] 파싱 미지원 첨부 형식, 메타데이터만 본문에 포함 예정: 지식재산권현황_통합_20251102.xlsx (application/vnd.openxmlformats-officedocument.spreadsheetml.sheet)
[2026-05-31T07:14:54.852Z][RAG-REBUILD] 파싱 미지원 첨부 형식, 메타데이터만 본문에 포함 예정: 60504_090852 복사본.m4a (audio/x-m4a)
[2026-05-31T07:14:54.853Z][RAG-REBUILD] 파싱 미지원 첨부 형식, 메타데이터만 본문에 포함 예정: 60504_090852 복사본.m4a (audio/x-m4a)
[2026-05-31T07:14:54.853Z][RAG-REBUILD] 파싱 미지원 첨부 형식, 메타데이터만 본문에 포함 예정: 60504_090852 복사본.m4a (audio/x-m4a)
[2026-05-31T07:14:54.853Z][RAG-REBUILD] 파싱 미지원 첨부 형식, 메타데이터만 본문에 포함 예정: 60504_090852 복사본.m4a (audio/x-m4a)
[2026-05-31T07:14:54.853Z][RAG-REBUILD] 파싱 미지원 첨부 형식, 메타데이터만 본문에 포함 예정: 60504_090852.m4a (audio/x-m4a)
[2026-05-31T07:14:54.853Z][RAG-REBUILD] 첨부 파일 없음, 건너뜀: audio.m4a (/home/freegear/EasyDocStation/Database/ObjectFile/ch-1776440801214/c545d592-42ff-40e7-810f-d93a3a1eff2b/audio.m4a)
[2026-05-31T07:14:54.853Z][RAG-REBUILD] 첨부 파일 없음, 건너뜀: audio.m4a (/home/freegear/EasyDocStation/Database/ObjectFile/ch-1776440801214/5d296ced-64e8-4181-bb6f-b33f55ce3141/audio.m4a)
[2026-05-31T07:14:54.853Z][RAG-REBUILD] 첨부 파일 없음, 건너뜀: audio.m4a (/home/freegear/EasyDocStation/Database/ObjectFile/ch-1776440801214/cc2b7f02-f9c8-49d0-95c2-a9e2cc7491db/audio.m4a)
[2026-05-31T07:14:54.855Z][RAG-REBUILD] 파싱 미지원 첨부 형식, 메타데이터만 본문에 포함 예정: on_device_ai_voice_interface_proposal_1.0.pptx (application/vnd.openxmlformats-officedocument.presentationml.presentation)
[2026-05-31T07:14:54.855Z][RAG-REBUILD] 파싱 미지원 첨부 형식, 메타데이터만 본문에 포함 예정: strategy_execution_summary_20260525184710.pptx (application/vnd.openxmlformats-officedocument.presentationml.presentation)
[2026-05-31T07:14:54.855Z][RAG-REBUILD] 파싱 미지원 첨부 형식, 메타데이터만 본문에 포함 예정: on_device_ai_voice_interface_proposal_1.1.pptx (application/vnd.openxmlformats-officedocument.presentationml.presentation)
[2026-05-31T07:14:54.855Z][RAG-REBUILD] 파싱 미지원 첨부 형식, 메타데이터만 본문에 포함 예정: 데모영상.pptx (application/vnd.openxmlformats-officedocument.presentationml.presentation)
[2026-05-31T07:14:54.855Z][RAG-REBUILD] 파싱 미지원 첨부 형식, 메타데이터만 본문에 포함 예정: media1.mp4 (video/mp4)
[2026-05-31T07:14:54.856Z][RAG-REBUILD] 파싱 미지원 첨부 형식, 메타데이터만 본문에 포함 예정: Elim AI-EasyStation 통합 플랫폼.pptx (application/vnd.openxmlformats-officedocument.presentationml.presentation)
[2026-05-31T07:14:54.856Z][RAG-REBUILD] 파싱 미지원 첨부 형식, 메타데이터만 본문에 포함 예정: ELIM & EasyStation System Architecture.pptx (application/vnd.openxmlformats-officedocument.presentationml.presentation)
[2026-05-31T07:14:54.856Z][RAG-REBUILD] 파싱 미지원 첨부 형식, 메타데이터만 본문에 포함 예정: ai_smart_callcenter_fsm_1.3.pptx (application/vnd.openxmlformats-officedocument.presentationml.presentation)
[2026-05-31T07:14:54.856Z][RAG-REBUILD] 파싱 미지원 첨부 형식, 메타데이터만 본문에 포함 예정: Executive Dashboard _standalone_.html (text/html)
[2026-05-31T07:14:54.856Z][RAG-REBUILD] 파싱 미지원 첨부 형식, 메타데이터만 본문에 포함 예정: ai_smart_callcenter_fsm_1.2.pptx (application/vnd.openxmlformats-officedocument.presentationml.presentation)
[2026-05-31T07:14:54.856Z][RAG-REBUILD] 파싱 미지원 첨부 형식, 메타데이터만 본문에 포함 예정: ai_smart_callcenter_fsm_6month_roadmap_20260521082955.pptx (application/vnd.openxmlformats-officedocument.presentationml.presentation)
[2026-05-31T07:14:54.856Z][RAG-REBUILD] 파싱 미지원 첨부 형식, 메타데이터만 본문에 포함 예정: ai_field_service_sales_platform_20260521075953.pptx (application/vnd.openxmlformats-officedocument.presentationml.presentation)
[2026-05-31T07:14:54.856Z][RAG-REBUILD] 파싱 미지원 첨부 형식, 메타데이터만 본문에 포함 예정: smart_call_center_fsm_platform_20260521080047.pptx (application/vnd.openxmlformats-officedocument.presentationml.presentation)
[2026-05-31T07:14:54.856Z][RAG-REBUILD] 파싱 미지원 첨부 형식, 메타데이터만 본문에 포함 예정: ai_smart_callcenter_fsm_6month_roadmap_20260521082955.pptx (application/vnd.openxmlformats-officedocument.presentationml.presentation)
[2026-05-31T07:14:54.856Z][RAG-REBUILD] 파싱 미지원 첨부 형식, 메타데이터만 본문에 포함 예정: 9-stage Kanban Wireframe _standalone_.html (text/html)
[2026-05-31T07:14:54.856Z][RAG-REBUILD] 파싱 미지원 첨부 형식, 메타데이터만 본문에 포함 예정: 9-stage Kanban Wireframe _standalone_ (1).html (text/html)
[2026-05-31T07:14:54.857Z][RAG-REBUILD] 파싱 미지원 첨부 형식, 메타데이터만 본문에 포함 예정: ELIMNET.zip (application/zip)
[2026-05-31T07:14:54.879Z][RAG-REBUILD] 파싱 미지원 첨부 형식, 메타데이터만 본문에 포함 예정: 2026년 예비창업패키지 사업계획서_1.1.hwp (unknown)
[2026-05-31T07:14:54.879Z][RAG-REBUILD] 파싱 미지원 첨부 형식, 메타데이터만 본문에 포함 예정: 2026년 예비창업패키지 사업계획서_1.2.hwp (unknown)
[2026-05-31T07:14:54.879Z][RAG-REBUILD] 파싱 미지원 첨부 형식, 메타데이터만 본문에 포함 예정: 2026년 예비창업패키지 사업계획서_1.3.hwp (unknown)
[2026-05-31T07:14:54.882Z][RAG-REBUILD] 파싱 미지원 첨부 형식, 메타데이터만 본문에 포함 예정: hyundai_ansim_proposal_1.2.pptx (application/vnd.openxmlformats-officedocument.presentationml.presentation)
[2026-05-31T07:14:54.882Z][RAG-REBUILD] 파싱 미지원 첨부 형식, 메타데이터만 본문에 포함 예정: hyundai_ansim_proposal_1.3.pptx (application/vnd.openxmlformats-officedocument.presentationml.presentation)
[2026-05-31T07:14:54.883Z][RAG-REBUILD] 파싱 미지원 첨부 형식, 메타데이터만 본문에 포함 예정: 화면 기록 2026-05-02 오후 11.32.16.mov (video/quicktime)
[2026-05-31T07:14:54.883Z][RAG-REBUILD] 파싱 미지원 첨부 형식, 메타데이터만 본문에 포함 예정: 화면 기록 2026-05-02 오전 9.51.34.mp4 (video/mp4)
[2026-05-31T07:14:54.888Z][RAG-REBUILD] 파싱 미지원 첨부 형식, 메타데이터만 본문에 포함 예정: Executive Dashboard _standalone_.html (text/html)
[2026-05-31T07:14:54.888Z][RAG-REBUILD] 파싱 미지원 첨부 형식, 메타데이터만 본문에 포함 예정: ai_smart_callcenter_fsm_1.2.pptx (application/vnd.openxmlformats-officedocument.presentationml.presentation)
[2026-05-31T07:14:54.890Z][RAG-REBUILD] 파싱 미지원 첨부 형식, 메타데이터만 본문에 포함 예정: 화면 기록 2026-05-02 오전 9.51.34.mov (video/quicktime)
[2026-05-31T07:14:54.904Z][RAG-REBUILD] 파싱 미지원 첨부 형식, 메타데이터만 본문에 포함 예정: GTL.xlsx (application/vnd.openxmlformats-officedocument.spreadsheetml.sheet)
[2026-05-31T07:14:54.910Z][RAG-REBUILD] 파싱 미지원 첨부 형식, 메타데이터만 본문에 포함 예정: WhiteOWL_260525.xlsx (application/vnd.openxmlformats-officedocument.spreadsheetml.sheet)
[2026-05-31T07:14:54.913Z][RAG-REBUILD] 파싱 미지원 첨부 형식, 메타데이터만 본문에 포함 예정: smart_call_center_fsm_platform_20260521080047.pptx (application/vnd.openxmlformats-officedocument.presentationml.presentation)
[2026-05-31T07:14:54.914Z][RAG-REBUILD] 파싱 미지원 첨부 형식, 메타데이터만 본문에 포함 예정: ai_smart_callcenter_fsm_6month_roadmap_20260521082955.pptx (application/vnd.openxmlformats-officedocument.presentationml.presentation)
[2026-05-31T07:14:54.915Z][RAG-REBUILD] 파싱 미지원 첨부 형식, 메타데이터만 본문에 포함 예정: 9-stage Kanban Wireframe _standalone_.html (text/html)
[2026-05-31T07:14:54.916Z][RAG-REBUILD] 파싱 미지원 첨부 형식, 메타데이터만 본문에 포함 예정: 9-stage Kanban Wireframe _standalone_ (1).html (text/html)
[2026-05-31T07:14:54.917Z][RAG-REBUILD] 파싱 미지원 첨부 형식, 메타데이터만 본문에 포함 예정: CremaXample.exe (application/x-msdownload)
[2026-05-31T07:14:54.932Z][RAG-REBUILD] 파싱 미지원 첨부 형식, 메타데이터만 본문에 포함 예정: media1.mp4 (video/mp4)
[2026-05-31T07:14:54.941Z][RAG-REBUILD] 파싱 미지원 첨부 형식, 메타데이터만 본문에 포함 예정: spc 지비전K연새비상 주식회사 연세대 교직원식당 한경관 어울샘 관련 ai _1777854322831.hwp (unknown)
[2026-05-31T07:14:54.942Z][RAG-REBUILD] 파싱 미지원 첨부 형식, 메타데이터만 본문에 포함 예정: yonsei_cafeteria_business_20260504030434.pptx (application/vnd.openxmlformats-officedocument.presentationml.presentation)
[2026-05-31T07:14:54.943Z][RAG-REBUILD] 파싱 미지원 첨부 형식, 메타데이터만 본문에 포함 예정: yonsei_cafeteria_business_plan_20260504013702.pptx (application/vnd.openxmlformats-officedocument.presentationml.presentation)
[2026-05-31T07:14:54.945Z][RAG-REBUILD] 파싱 미지원 첨부 형식, 메타데이터만 본문에 포함 예정: yonsei_cafeteria_business_plan_20260504013702.pptx (application/vnd.openxmlformats-officedocument.presentationml.presentation)
[2026-05-31T07:14:54.952Z][RAG-REBUILD] 파싱 미지원 첨부 형식, 메타데이터만 본문에 포함 예정: _talkv_wy5gXQr7YD_In47ccAPApINSVeaf2STY1_talkv_high.mov (video/quicktime)
[2026-05-31T07:14:54.953Z][RAG-REBUILD] 파싱 미지원 첨부 형식, 메타데이터만 본문에 포함 예정: towel_sequence_hist_eq.mp4 (video/mp4)
[2026-05-31T07:14:54.954Z][RAG-REBUILD] 파싱 미지원 첨부 형식, 메타데이터만 본문에 포함 예정: SBS_AVM.mp4 (video/mp4)
[2026-05-31T07:14:54.970Z][RAG-REBUILD] 파싱 미지원 첨부 형식, 메타데이터만 본문에 포함 예정: [붙임 1-1] 신청방법 및 신청 또는 지원 제외사항 등 유의사항.hwpx (unknown)
[2026-05-31T07:14:54.970Z][RAG-REBUILD] 파싱 미지원 첨부 형식, 메타데이터만 본문에 포함 예정: [붙임 1-2] 중소기업기술개발 지원사업 보안대책.hwpx (unknown)
[2026-05-31T07:14:54.970Z][RAG-REBUILD] 파싱 미지원 첨부 형식, 메타데이터만 본문에 포함 예정: [붙임 2] 2026년도 중소기업기술혁신개발(도메인특화AI모델개발) 세부 지원내용.hwpx (unknown)
[2026-05-31T07:14:54.970Z][RAG-REBUILD] 파싱 미지원 첨부 형식, 메타데이터만 본문에 포함 예정: [붙임 3] 4대 업무혁신 분야 및 품목개요서.hwpx (unknown)
[2026-05-31T07:14:54.970Z][RAG-REBUILD] 파싱 미지원 첨부 형식, 메타데이터만 본문에 포함 예정: 1. 연구개발계획서 양식.hwp (unknown)
[2026-05-31T07:14:54.971Z][RAG-REBUILD] 파싱 미지원 첨부 형식, 메타데이터만 본문에 포함 예정: 2. 신용상태 조회 정보활용 동의서.hwp (unknown)
[2026-05-31T07:14:54.971Z][RAG-REBUILD] 파싱 미지원 첨부 형식, 메타데이터만 본문에 포함 예정: 3. 중소기업기술개발사업 개인정보 수집이용 동의서.hwp (unknown)
[2026-05-31T07:14:54.971Z][RAG-REBUILD] 파싱 미지원 첨부 형식, 메타데이터만 본문에 포함 예정: 4. 외부기술도입비 현물산정 신청서.hwp (unknown)
[2026-05-31T07:14:54.971Z][RAG-REBUILD] 파싱 미지원 첨부 형식, 메타데이터만 본문에 포함 예정: 5. 컨소시엄 확약서.hwp (unknown)
[2026-05-31T07:14:54.985Z][RAG-REBUILD] 파싱 미지원 첨부 형식, 메타데이터만 본문에 포함 예정: Insights Dashboard _standalone_.html (text/html)
[2026-05-31T07:14:55.006Z][RAG-REBUILD] 파싱 미지원 첨부 형식, 메타데이터만 본문에 포함 예정: ai_safety_platform_strategy_20260502011452.pptx (application/vnd.openxmlformats-officedocument.presentationml.presentation)
[2026-05-31T07:14:55.007Z][RAG-REBUILD] 파싱 미지원 첨부 형식, 메타데이터만 본문에 포함 예정: ai_safety_platform_strategy_20260502011452.pptx (application/vnd.openxmlformats-officedocument.presentationml.presentation)
[2026-05-31T07:14:55.009Z][RAG-REBUILD] 파싱 미지원 첨부 형식, 메타데이터만 본문에 포함 예정: Anjeon114 x EasyAIStation AI Strategy.pptx (application/vnd.openxmlformats-officedocument.presentationml.presentation)
[2026-05-31T07:14:55.011Z][RAG-REBUILD] 파싱 미지원 첨부 형식, 메타데이터만 본문에 포함 예정: 모바일 현장 점검 시스템 제안.pptx (application/vnd.openxmlformats-officedocument.presentationml.presentation)
[2026-05-31T07:14:55.019Z][RAG-REBUILD] 파싱 미지원 첨부 형식, 메타데이터만 본문에 포함 예정: UI_UX Blueprint for AI Knowledge System.pptx (application/vnd.openxmlformats-officedocument.presentationml.presentation)
[2026-05-31T07:14:55.024Z][RAG-REBUILD] 파싱 미지원 첨부 형식, 메타데이터만 본문에 포함 예정: Elim AI-EasyStation 통합 플랫폼.pptx (application/vnd.openxmlformats-officedocument.presentationml.presentation)
[2026-05-31T07:14:55.026Z][RAG-REBUILD] 파싱 미지원 첨부 형식, 메타데이터만 본문에 포함 예정: ELIM & EasyStation System Architecture.pptx (application/vnd.openxmlformats-officedocument.presentationml.presentation)
[2026-05-31T07:14:55.027Z][RAG-REBUILD] 파싱 미지원 첨부 형식, 메타데이터만 본문에 포함 예정: ai_smart_callcenter_fsm_1.3.pptx (application/vnd.openxmlformats-officedocument.presentationml.presentation)
[2026-05-31T07:14:55.031Z][RAG-REBUILD] 파싱 미지원 첨부 형식, 메타데이터만 본문에 포함 예정: 1. 연구개발계획서_트리포스_v1.5 (1).hwp (unknown)
[2026-05-31T07:14:55.032Z][RAG-REBUILD] 파싱 미지원 첨부 형식, 메타데이터만 본문에 포함 예정: 1. 연구개발계획서_트리포스_v1.7_SC.hwp (unknown)
[2026-05-31T07:14:55.033Z][RAG-REBUILD] 파싱 미지원 첨부 형식, 메타데이터만 본문에 포함 예정: 1. 연구개발계획서_트리포스_v1.7_SC.hwp (unknown)
[2026-05-31T07:14:55.033Z][RAG-REBUILD] 파싱 미지원 첨부 형식, 메타데이터만 본문에 포함 예정: 1. 연구개발계획서_트리포스_v1.99.hwp (unknown)
[2026-05-31T07:14:55.035Z][RAG-REBUILD] 파싱 미지원 첨부 형식, 메타데이터만 본문에 포함 예정: 1. 연구개발계획서_트리포스_v1.999.hwp (unknown)
[2026-05-31T07:14:55.036Z][RAG-REBUILD] 파싱 미지원 첨부 형식, 메타데이터만 본문에 포함 예정: 1. 연구개발계획서_트리포스_v1.9999_SC.hwp (unknown)
[2026-05-31T07:14:55.039Z][RAG-REBUILD] 파싱 미지원 첨부 형식, 메타데이터만 본문에 포함 예정: 1. 연구개발계획서_트리포스_v1.9999_SC.hwp (unknown)
[2026-05-31T07:14:55.051Z][RAG-REBUILD] 파싱 미지원 첨부 형식, 메타데이터만 본문에 포함 예정: 연구개발계획서_트리포스_최종.hwp (unknown)
[2026-05-31T07:14:55.052Z][RAG-REBUILD] 파싱 미지원 첨부 형식, 메타데이터만 본문에 포함 예정: 안전과제.xlsx (application/vnd.openxmlformats-officedocument.spreadsheetml.sheet)
[2026-05-31T07:14:55.054Z][RAG-REBUILD] 파싱 미지원 첨부 형식, 메타데이터만 본문에 포함 예정: 연구개발계획서_트리포스_최종-1.1.hwp (unknown)
[2026-05-31T07:14:55.059Z][RAG-REBUILD] 파싱 미지원 첨부 형식, 메타데이터만 본문에 포함 예정: strategy_execution_summary_20260525184710.pptx (application/vnd.openxmlformats-officedocument.presentationml.presentation)
[2026-05-31T07:14:55.061Z][RAG-REBUILD] 파싱 미지원 첨부 형식, 메타데이터만 본문에 포함 예정: on_device_ai_voice_interface_proposal_1.1.pptx (application/vnd.openxmlformats-officedocument.presentationml.presentation)
[2026-05-31T07:14:55.068Z][RAG-REBUILD] 파싱 미지원 첨부 형식, 메타데이터만 본문에 포함 예정: ai_safety_platform_strategy_1.1.pptx (application/vnd.openxmlformats-officedocument.presentationml.presentation)
[2026-05-31T07:14:55.071Z][RAG-REBUILD] 학습 대상: 게시글 383건, 댓글 567건, 첨부 649건
[2026-05-31T07:14:55.933Z][RAG-REBUILD] 게시글 배치 학습 1/39: 10건
/home/freegear/EasyDocStation/server/rag_train.py:111: DeprecationWarning: `langchain-community` is being sunset and is no longer actively maintained. See https://github.com/langchain-ai/langchain-community/issues/674 for details and migration guidance toward standalone integration packages.
  from langchain_community.document_loaders import Docx2txtLoader
[RAG] 테이블 생성 완료 (dim=1024)
[RAG] post=c29aec5a-2d32-4671-8f14-94af4b717f21 text → 1청크
[RAG] Word 학습 시작: 업무협력 및 해외판매 계약서_1.2.docx
[RAG] Word 학습 완료: 업무협력 및 해외판매 계약서_1.2.docx (5청크)
[RAG] Word 학습 시작: 위임장_동우화인켐_1.3.docx
[RAG] Word 학습 완료: 위임장_동우화인켐_1.3.docx (2청크)
[RAG] 학습 진행률: 10% (게시글 Word)
[RAG] Word 학습 시작: 위임장_동우화인켐_1.2.docx
[RAG] Word 학습 완료: 위임장_동우화인켐_1.2.docx (2청크)
[RAG] post=6b1455a2-0a28-4b5b-82b1-cfac5e768b6a text → 1청크
[RAG] 학습 진행률: 20% (게시글 본문)
[RAG] Word 학습 시작: 업무협력 및 해외판매 계약서.docx
[RAG] Word 학습 완료: 업무협력 및 해외판매 계약서.docx (6청크)
[RAG] post=d407acd9-0803-41f0-83e6-c8e002a66c7a text → 1청크
[RAG] 학습 진행률: 30% (게시글 본문)
[RAG] Word 학습 시작: 위임장_DongWoo_1.2.docx
[RAG] Word 학습 완료: 위임장_DongWoo_1.2.docx (2청크)
[RAG] post=f7e94527-e499-4188-88a8-8d7907872b94 text → 3청크
[RAG] 학습 진행률: 40% (게시글 본문)
[RAG] post=92ab1e0b-56e8-4997-a403-c081271e778c text → 1청크
[RAG] PDF 학습 시작: GTLD leaflet.pdf
[RAG] PDF 파싱 시작 (Unstructured fast): GTLD leaflet.pdf
[RAG] PDF 파싱 완료 (Unstructured fast): GTLD leaflet.pdf / elements=528 / 1.8s
[RAG] AUTO 복잡 페이지 판별: 2/2 pages (text<120 또는 표/이미지)
[RAG] PDF 파싱 시작 (Unstructured hi_res): GTLD leaflet.pdf
[RAG] PDF 파싱 진행중: GTLD leaflet.pdf (10s 경과)
Loading weights:   0%|          | 0/367 [00:00<?, ?it/s]Loading weights: 100%|██████████| 367/367 [00:00<00:00, 9873.95it/s]
[RAG] PDF 파싱 진행중: GTLD leaflet.pdf (20s 경과)
[RAG] PDF 파싱 진행중: GTLD leaflet.pdf (30s 경과)
[RAG] PDF 파싱 진행중: GTLD leaflet.pdf (40s 경과)
[RAG] PDF 파싱 진행중: GTLD leaflet.pdf (50s 경과)
[RAG] PDF 파싱 완료 (Unstructured hi_res): GTLD leaflet.pdf / elements=430 / 58.9s
[RAG] AUTO 전략 적용 완료: fast=528, hi_res_subset=430, merged=430
[RAG] Gemma 이미지 설명 완료 (page=1, 33.4s): 2196자
[RAG] Gemma 이미지 설명 완료 (page=1, 24.7s): 1633자
[RAG] Gemma 이미지 설명 완료 (page=1, 30.9s): 1950자
[RAG] Gemma 이미지 설명 완료 (page=1, 28.8s): 1930자
[RAG] Gemma 이미지 설명 완료 (page=1, 33.1s): 2247자
[RAG] Gemma 이미지 설명 완료 (page=1, 28.8s): 1709자
[RAG] Gemma 이미지 설명 완료 (page=1, 27.9s): 1890자
[RAG] Gemma 이미지 설명 완료 (page=1, 26.7s): 1908자
[RAG] Gemma 이미지 설명 완료 (page=1, 27.4s): 1772자
[RAG] Gemma 이미지 설명 완료 (page=1, 27.2s): 1832자
[RAG] Gemma 이미지 설명 완료 (page=1, 24.6s): 1466자
[RAG] Gemma 이미지 설명 완료 (page=1, 27.3s): 1813자
[RAG] Gemma 이미지 설명 완료 (page=1, 26.4s): 1621자
[RAG] Gemma 이미지 설명 완료 (page=1, 29.1s): 2073자
[RAG] Gemma 이미지 설명 완료 (page=1, 23.7s): 1396자
[RAG] Gemma 이미지 설명 완료 (page=1, 25.6s): 1889자
[RAG] Gemma 이미지 설명 완료 (page=1, 26.7s): 1855자
[RAG] Gemma 이미지 설명 완료 (page=1, 29.2s): 1839자
[RAG] Gemma 이미지 설명 완료 (page=1, 30.2s): 1917자
[RAG] Gemma 이미지 설명 완료 (page=1, 26.6s): 1643자
[RAG] Gemma 이미지 설명 완료 (page=1, 25.2s): 1465자
[RAG] Gemma 이미지 설명 완료 (page=1, 28.5s): 1961자
[RAG] Gemma 이미지 설명 완료 (page=1, 29.6s): 2247자
[RAG] Gemma 이미지 설명 완료 (page=1, 29.8s): 2139자
[RAG] Gemma 이미지 설명 완료 (page=1, 22.8s): 1391자
[RAG] Gemma 이미지 설명 완료 (page=1, 32.9s): 2230자
[RAG] Gemma 이미지 설명 완료 (page=1, 25.1s): 1846자
[RAG] Gemma 이미지 설명 완료 (page=1, 29.5s): 2004자
[RAG] Gemma 이미지 설명 완료 (page=1, 24.6s): 1753자
[RAG] Gemma 이미지 설명 완료 (page=1, 25.6s): 1754자
[RAG] Gemma 이미지 설명 완료 (page=1, 23.8s): 1606자
[RAG] Gemma 이미지 설명 완료 (page=1, 22.7s): 1613자
[RAG] Gemma 이미지 설명 완료 (page=2, 30.2s): 1980자
[RAG] Gemma 이미지 설명 완료 (page=2, 22.0s): 1427자
[RAG] Gemma 이미지 설명 완료 (page=2, 27.1s): 1756자
[RAG] Gemma 이미지 설명 완료 (page=2, 28.4s): 2130자
[RAG] Gemma 이미지 설명 완료 (page=2, 23.3s): 1475자
[RAG] Gemma 이미지 설명 완료 (page=2, 22.2s): 1503자
[RAG] Gemma 이미지 설명 완료 (page=2, 24.7s): 1885자
[RAG] Gemma 이미지 설명 완료 (page=2, 29.4s): 2118자
[RAG] Gemma 이미지 설명 완료 (page=2, 24.9s): 1679자
[RAG] Gemma 이미지 설명 완료 (page=2, 30.2s): 2180자
[RAG] Gemma 이미지 설명 완료 (page=2, 20.7s): 1302자
[RAG] Gemma 이미지 설명 완료 (page=2, 23.9s): 1507자
[RAG] Gemma 이미지 설명 완료 (page=2, 24.3s): 1613자
[RAG] Gemma 이미지 설명 완료 (page=2, 19.3s): 1273자
[RAG] Gemma 이미지 설명 완료 (page=2, 19.1s): 1216자
[RAG] Gemma 이미지 설명 완료 (page=2, 24.9s): 1630자
[RAG] Gemma 이미지 설명 완료 (page=2, 23.6s): 1569자
[RAG] Gemma 이미지 설명 완료 (page=2, 23.4s): 1649자
[RAG] Gemma 이미지 설명 완료 (page=2, 29.2s): 2338자
[RAG] Gemma 이미지 설명 완료 (page=2, 26.7s): 1671자
[RAG] Gemma 이미지 설명 완료 (page=2, 21.8s): 1326자
[RAG] Gemma 이미지 설명 완료 (page=2, 23.0s): 1471자
[RAG] Gemma 이미지 설명 완료 (page=2, 29.9s): 2118자
[RAG] Gemma 이미지 설명 완료 (page=2, 22.9s): 1606자
[RAG] Gemma 이미지 설명 완료 (page=2, 20.2s): 1331자
[RAG] Gemma 이미지 설명 완료 (page=2, 17.5s): 944자
[RAG] Gemma 이미지 설명 완료 (page=2, 18.4s): 1307자
[RAG] Gemma 이미지 설명 완료 (page=2, 22.7s): 1680자
[RAG] Gemma 이미지 설명 완료 (page=2, 26.7s): 1957자
[RAG] Gemma 이미지 설명 완료 (page=2, 28.5s): 2092자
[RAG] Gemma 이미지 설명 완료 (page=2, 24.6s): 1671자
[RAG] Gemma 이미지 설명 완료 (page=2, 24.5s): 1706자
[RAG] Gemma 이미지 설명 완료 (page=2, 13.0s): 500자
[RAG] Gemma 이미지 설명 완료 (page=2, 19.5s): 1105자
[RAG] Gemma 이미지 설명 완료 (page=2, 19.6s): 1162자
[RAG] Gemma 이미지 설명 완료 (page=2, 25.7s): 1827자
[RAG] Gemma 이미지 설명 완료 (page=2, 20.3s): 1549자
[RAG] Gemma 이미지 설명 완료 (page=2, 21.3s): 1165자
[RAG] Gemma 이미지 설명 완료 (page=2, 18.2s): 861자
[RAG] Gemma 이미지 설명 완료 (page=2, 17.5s): 797자
[RAG] Gemma 이미지 설명 완료 (page=2, 20.7s): 1178자
[RAG] Gemma 이미지 설명 완료 (page=2, 18.6s): 1111자
[RAG] Gemma 이미지 설명 완료 (page=2, 22.9s): 1455자
[RAG] Gemma 이미지 설명 완료 (page=2, 18.7s): 1014자
[RAG] Gemma 이미지 설명 완료 (page=2, 25.5s): 1869자
[RAG] Gemma 이미지 설명 완료 (page=2, 24.3s): 1666자
[RAG] Gemma 이미지 설명 완료 (page=2, 22.8s): 1544자
[RAG] Gemma 이미지 설명 완료 (page=2, 24.2s): 1590자
[RAG] Gemma 이미지 설명 완료 (page=2, 24.8s): 1803자
[RAG] Gemma 이미지 설명 완료 (page=2, 26.5s): 1983자
[RAG] Gemma 이미지 설명 완료 (page=2, 25.1s): 1813자
[RAG] Gemma 이미지 설명 완료 (page=2, 22.0s): 1416자
[RAG] Gemma 이미지 설명 완료 (page=2, 27.5s): 1901자
[RAG] Gemma 이미지 설명 완료 (page=2, 20.6s): 1116자
[RAG] Gemma 이미지 설명 완료 (page=2, 16.9s): 1017자
[RAG] Gemma 이미지 설명 완료 (page=2, 22.6s): 1680자
[RAG] Gemma 이미지 설명 완료 (page=2, 23.9s): 1643자
[RAG] Gemma 이미지 설명 완료 (page=2, 24.8s): 1659자
[RAG] Gemma 이미지 설명 완료 (page=2, 18.7s): 1114자
[RAG] Gemma 이미지 설명 완료 (page=2, 23.5s): 1397자
[RAG] Gemma 이미지 설명 완료 (page=2, 21.3s): 1292자
[RAG] Gemma 이미지 설명 완료 (page=2, 24.9s): 1670자
[RAG] Gemma 이미지 설명 완료 (page=2, 27.0s): 1967자
[RAG] Gemma 이미지 설명 완료 (page=2, 22.4s): 1630자
[RAG] Gemma 이미지 설명 완료 (page=2, 18.1s): 1159자
[RAG] Gemma 이미지 설명 완료 (page=2, 17.9s): 1245자
[RAG] Gemma 이미지 설명 완료 (page=2, 11.9s): 531자
[RAG] Gemma 이미지 설명 완료 (page=2, 20.9s): 1281자
[RAG] Gemma 이미지 설명 완료 (page=2, 10.5s): 431자
[RAG] Gemma 이미지 설명 완료 (page=2, 22.7s): 1393자
[RAG] Gemma 이미지 설명 완료 (page=2, 21.4s): 1390자
[RAG] Gemma 이미지 설명 완료 (page=2, 18.1s): 1228자
[RAG] Gemma 이미지 설명 완료 (page=2, 14.3s): 811자
[RAG] Gemma 이미지 설명 완료 (page=2, 28.2s): 2006자
[RAG] Gemma 이미지 설명 완료 (page=2, 18.6s): 1160자
[RAG] Gemma 이미지 설명 완료 (page=2, 25.5s): 1831자
[RAG] Gemma 이미지 설명 완료 (page=2, 24.1s): 1624자
[RAG] Gemma 이미지 설명 완료 (page=2, 23.9s): 1789자
[RAG] Gemma 이미지 설명 완료 (page=2, 21.4s): 1551자
[RAG] Gemma 이미지 설명 완료 (page=2, 29.6s): 2122자
[RAG] Gemma 이미지 설명 완료 (page=2, 22.9s): 1656자
[RAG] Gemma 이미지 설명 완료 (page=2, 23.3s): 1644자
[RAG] Gemma 이미지 설명 완료 (page=2, 23.9s): 1662자
[RAG] Gemma 이미지 설명 완료 (page=2, 22.5s): 1443자
[RAG] Gemma 이미지 설명 완료 (page=2, 33.9s): 2077자
[RAG] Gemma 이미지 설명 완료 (page=2, 31.7s): 1981자
[RAG] Gemma 이미지 설명 완료 (page=2, 31.6s): 1968자
[RAG] Gemma 이미지 설명 완료 (page=2, 23.4s): 1566자
[RAG] Gemma 이미지 설명 완료 (page=2, 26.3s): 1845자
[RAG] PDF 학습 완료: GTLD leaflet.pdf (356청크)
[RAG] 분리 저장 완료: /home/freegear/EasyDocStation/Database/ObjectFile/FileTrainingData/92ab1e0b-56e8-4997-a403-c081271e778c/no_comment/7db94e5b-1ff4-4a0b-9a40-601bd94fc316/GTLD_leaflet.pdf
[RAG] 학습 진행률: 50% (게시글 PDF)
[RAG] PDF 학습 시작: GTLD.pdf
[RAG] PDF 파싱 시작 (Unstructured fast): GTLD.pdf
[RAG] PDF 파싱 완료 (Unstructured fast): GTLD.pdf / elements=189 / 0.3s
[RAG] AUTO 복잡 페이지 판별: 5/5 pages (text<120 또는 표/이미지)
[RAG] PDF 파싱 시작 (Unstructured hi_res): GTLD.pdf
[RAG] PDF 파싱 진행중: GTLD.pdf (10s 경과)
[RAG] PDF 파싱 진행중: GTLD.pdf (20s 경과)
[RAG] PDF 파싱 완료 (Unstructured hi_res): GTLD.pdf / elements=98 / 27.1s
[RAG] AUTO 전략 적용 완료: fast=189, hi_res_subset=98, merged=98
[RAG] Gemma 이미지 설명 완료 (page=1, 25.0s): 1900자
[RAG] Gemma 이미지 설명 완료 (page=1, 23.5s): 1720자
[RAG] Gemma 이미지 설명 완료 (page=1, 24.1s): 1790자
[RAG] Gemma 이미지 설명 완료 (page=1, 25.8s): 1689자
[RAG] Gemma 이미지 설명 완료 (page=1, 28.0s): 1943자
[RAG] Gemma 이미지 설명 완료 (page=1, 29.5s): 2010자
[RAG] Gemma 이미지 설명 완료 (page=2, 27.7s): 1703자
[RAG] Gemma 이미지 설명 완료 (page=2, 27.5s): 1914자
[RAG] Gemma 이미지 설명 완료 (page=2, 24.3s): 1691자
[RAG] Gemma 이미지 설명 완료 (page=2, 22.1s): 1305자
[RAG] Gemma 이미지 설명 완료 (page=2, 28.0s): 2017자
[RAG] Gemma 이미지 설명 완료 (page=2, 30.0s): 2065자
[RAG] Gemma 이미지 설명 완료 (page=2, 28.5s): 1903자
[RAG] Gemma 이미지 설명 완료 (page=2, 27.7s): 2114자
[RAG] Gemma 이미지 설명 완료 (page=3, 30.2s): 2278자
[RAG] Gemma 이미지 설명 완료 (page=3, 32.2s): 1909자
[RAG] Gemma 이미지 설명 완료 (page=3, 25.4s): 1674자
[RAG] Gemma 이미지 설명 완료 (page=4, 32.2s): 2240자
[RAG] Gemma 이미지 설명 완료 (page=4, 25.8s): 1755자
[RAG] Gemma 이미지 설명 완료 (page=4, 28.6s): 2093자
[RAG] Gemma 이미지 설명 완료 (page=4, 29.5s): 2156자
[RAG] Gemma 이미지 설명 완료 (page=4, 25.9s): 1605자
[RAG] Gemma 이미지 설명 완료 (page=4, 31.5s): 1969자
[RAG] Gemma 이미지 설명 완료 (page=4, 29.4s): 1917자
[RAG] Gemma 이미지 설명 완료 (page=4, 28.4s): 2066자
[RAG] Gemma 이미지 설명 완료 (page=4, 23.5s): 1655자
[RAG] Gemma 이미지 설명 완료 (page=5, 31.7s): 2203자
[RAG] Gemma 이미지 설명 완료 (page=5, 27.6s): 1813자
[RAG] Gemma 이미지 설명 완료 (page=5, 34.9s): 2267자
[RAG] Gemma 이미지 설명 완료 (page=5, 32.3s): 1962자
[RAG] Gemma 이미지 설명 완료 (page=5, 35.7s): 2145자
[RAG] Gemma 이미지 설명 완료 (page=5, 28.4s): 1920자
[RAG] PDF 학습 완료: GTLD.pdf (119청크)
[RAG] 분리 저장 완료: /home/freegear/EasyDocStation/Database/ObjectFile/FileTrainingData/92ab1e0b-56e8-4997-a403-c081271e778c/no_comment/bb314fb3-8b43-4098-b65d-508a33b338ed/GTLD.pdf
[RAG] PDF 학습 시작: 2026 DFLUX CATALOGUE_V1.pdf
[RAG] PDF 파싱 시작 (Unstructured fast): 2026 DFLUX CATALOGUE_V1.pdf
[RAG] PDF 파싱 시작 (Unstructured hi_res): 2026 DFLUX CATALOGUE_V1.pdf
[RAG] PDF 파싱 진행중: 2026 DFLUX CATALOGUE_V1.pdf (10s 경과)
[RAG] PDF 파싱 진행중: 2026 DFLUX CATALOGUE_V1.pdf (20s 경과)
[RAG] PDF 파싱 진행중: 2026 DFLUX CATALOGUE_V1.pdf (30s 경과)
[RAG] PDF 파싱 진행중: 2026 DFLUX CATALOGUE_V1.pdf (40s 경과)
[RAG] PDF 파싱 진행중: 2026 DFLUX CATALOGUE_V1.pdf (50s 경과)
[RAG] PDF 파싱 진행중: 2026 DFLUX CATALOGUE_V1.pdf (60s 경과)
[RAG] PDF 파싱 진행중: 2026 DFLUX CATALOGUE_V1.pdf (70s 경과)
[RAG] PDF 파싱 진행중: 2026 DFLUX CATALOGUE_V1.pdf (80s 경과)
[RAG] PDF 파싱 진행중: 2026 DFLUX CATALOGUE_V1.pdf (90s 경과)
[RAG] PDF 파싱 진행중: 2026 DFLUX CATALOGUE_V1.pdf (100s 경과)
[RAG] PDF 파싱 완료 (Unstructured hi_res): 2026 DFLUX CATALOGUE_V1.pdf / elements=298 / 105.7s
[RAG] Gemma 이미지 설명 완료 (page=1, 36.5s): 2589자
[RAG] Gemma 이미지 설명 완료 (page=3, 37.3s): 2220자
[RAG] Gemma 이미지 설명 완료 (page=4, 34.0s): 2502자
[RAG] Gemma 이미지 설명 완료 (page=4, 26.2s): 1922자
[RAG] Gemma 이미지 설명 완료 (page=5, 33.8s): 2611자
[RAG] Gemma 이미지 설명 완료 (page=5, 32.2s): 2085자
[RAG] Gemma 이미지 설명 완료 (page=5, 33.3s): 2392자
[RAG] Gemma 이미지 설명 완료 (page=5, 27.5s): 1913자
[RAG] Gemma 이미지 설명 완료 (page=5, 27.7s): 1920자
[RAG] Gemma 이미지 설명 완료 (page=5, 25.6s): 1734자
[RAG] Gemma 이미지 설명 완료 (page=6, 23.3s): 1525자
[RAG] Gemma 이미지 설명 완료 (page=6, 32.2s): 2237자
[RAG] Gemma 이미지 설명 완료 (page=6, 29.1s): 2039자
[RAG] Gemma 이미지 설명 완료 (page=6, 27.2s): 2022자
[RAG] Gemma 이미지 설명 완료 (page=6, 26.1s): 1885자
[RAG] Gemma 이미지 설명 완료 (page=6, 22.3s): 1354자
[RAG] Gemma 이미지 설명 완료 (page=6, 34.2s): 2624자
[RAG] Gemma 이미지 설명 완료 (page=6, 32.2s): 2203자
[RAG] Gemma 이미지 설명 완료 (page=7, 30.3s): 2242자
[RAG] Gemma 이미지 설명 완료 (page=7, 22.7s): 1714자
[RAG] Gemma 이미지 설명 완료 (page=7, 31.4s): 1842자
[RAG] Gemma 이미지 설명 완료 (page=8, 37.2s): 2338자
[RAG] Gemma 이미지 설명 완료 (page=8, 21.9s): 1294자
[RAG] Gemma 이미지 설명 완료 (page=8, 25.9s): 1769자
[RAG] Gemma 이미지 설명 완료 (page=8, 25.0s): 1450자
[RAG] Gemma 이미지 설명 완료 (page=8, 26.0s): 1720자
[RAG] Gemma 이미지 설명 완료 (page=8, 25.9s): 1731자
[RAG] Gemma 이미지 설명 완료 (page=8, 22.7s): 1507자
[RAG] Gemma 이미지 설명 완료 (page=9, 31.0s): 2101자
[RAG] Gemma 이미지 설명 완료 (page=9, 27.7s): 1586자
[RAG] Gemma 이미지 설명 완료 (page=9, 32.7s): 2305자
[RAG] Gemma 이미지 설명 완료 (page=10, 29.7s): 2063자
[RAG] Gemma 이미지 설명 완료 (page=11, 23.2s): 1593자
[RAG] Gemma 이미지 설명 완료 (page=11, 31.5s): 2103자
[RAG] Gemma 이미지 설명 완료 (page=11, 27.7s): 1745자
[RAG] Gemma 이미지 설명 완료 (page=12, 29.4s): 1974자
[RAG] Gemma 이미지 설명 완료 (page=12, 28.6s): 2168자
[RAG] Gemma 이미지 설명 완료 (page=12, 31.5s): 2203자
[RAG] Gemma 이미지 설명 완료 (page=12, 21.1s): 1400자
[RAG] Gemma 이미지 설명 완료 (page=12, 24.9s): 1823자
[RAG] Gemma 이미지 설명 완료 (page=12, 21.0s): 1449자
[RAG] Gemma 이미지 설명 완료 (page=12, 26.3s): 1722자
[RAG] Gemma 이미지 설명 완료 (page=12, 28.9s): 2076자
[RAG] Gemma 이미지 설명 완료 (page=12, 26.4s): 1756자
[RAG] Gemma 이미지 설명 완료 (page=12, 27.3s): 1897자
[RAG] Gemma 이미지 설명 완료 (page=13, 40.1s): 2409자
[RAG] Gemma 이미지 설명 완료 (page=13, 36.3s): 2935자
[RAG] Gemma 이미지 설명 완료 (page=13, 34.2s): 2360자
[RAG] Gemma 이미지 설명 완료 (page=13, 36.4s): 2531자
[RAG] Gemma 이미지 설명 완료 (page=14, 32.3s): 2237자
[RAG] Gemma 이미지 설명 완료 (page=14, 34.2s): 2211자
[RAG] Gemma 이미지 설명 완료 (page=14, 26.1s): 1895자
[RAG] Gemma 이미지 설명 완료 (page=14, 29.4s): 1820자
[RAG] Gemma 이미지 설명 완료 (page=14, 30.0s): 2199자
[RAG] Gemma 이미지 설명 완료 (page=14, 28.3s): 2255자
[RAG] Gemma 이미지 설명 완료 (page=15, 32.2s): 2014자
[RAG] Gemma 이미지 설명 완료 (page=15, 46.1s): 2743자
[RAG] Gemma 이미지 설명 완료 (page=16, 27.5s): 1722자
[RAG] Gemma 이미지 설명 완료 (page=16, 42.8s): 2564자
[RAG] Gemma 이미지 설명 완료 (page=17, 28.9s): 1894자
[RAG] Gemma 이미지 설명 완료 (page=17, 27.6s): 1268자
[RAG] Gemma 이미지 설명 완료 (page=17, 26.8s): 1600자
[RAG] Gemma 이미지 설명 완료 (page=18, 32.7s): 2323자
[RAG] Gemma 이미지 설명 완료 (page=18, 30.4s): 2199자
[RAG] Gemma 이미지 설명 완료 (page=19, 29.5s): 2331자
[RAG] Gemma 이미지 설명 완료 (page=19, 36.4s): 2944자
[RAG] Gemma 이미지 설명 완료 (page=19, 26.2s): 1593자
[RAG] Gemma 이미지 설명 완료 (page=19, 30.2s): 2191자
[RAG] Gemma 이미지 설명 완료 (page=19, 30.9s): 2105자
[RAG] Gemma 이미지 설명 완료 (page=20, 29.9s): 1943자
[RAG] Gemma 이미지 설명 완료 (page=20, 22.9s): 1591자
[RAG] Gemma 이미지 설명 완료 (page=20, 24.8s): 1780자
[RAG] Gemma 이미지 설명 완료 (page=20, 24.3s): 1576자
[RAG] Gemma 이미지 설명 완료 (page=20, 24.2s): 1640자
[RAG] Gemma 이미지 설명 완료 (page=21, 29.0s): 1942자
[RAG] Gemma 이미지 설명 완료 (page=22, 30.1s): 2142자
[RAG] Gemma 이미지 설명 완료 (page=23, 29.5s): 1958자
[RAG] Gemma 이미지 설명 완료 (page=23, 33.0s): 2157자
[RAG] Gemma 이미지 설명 완료 (page=23, 29.8s): 2163자
[RAG] Gemma 이미지 설명 완료 (page=24, 30.1s): 2050자
[RAG] Gemma 이미지 설명 완료 (page=25, 31.6s): 2094자
[RAG] Gemma 이미지 설명 완료 (page=26, 35.8s): 2599자
[RAG] Gemma 이미지 설명 완료 (page=26, 19.9s): 1299자
[RAG] Gemma 이미지 설명 완료 (page=26, 47.1s): 3503자
[RAG] Gemma 이미지 설명 완료 (page=26, 40.3s): 2530자
[RAG] Gemma 이미지 설명 완료 (page=27, 28.6s): 1917자
[RAG] Gemma 이미지 설명 완료 (page=27, 34.6s): 1846자
[RAG] Gemma 이미지 설명 완료 (page=27, 35.9s): 2447자
[RAG] Gemma 이미지 설명 완료 (page=27, 32.4s): 2398자
[RAG] Gemma 이미지 설명 완료 (page=27, 33.1s): 2369자
[RAG] Gemma 이미지 설명 완료 (page=27, 30.6s): 2310자
[RAG] Gemma 이미지 설명 완료 (page=28, 26.1s): 1705자
[RAG] Gemma 이미지 설명 완료 (page=28, 21.9s): 1480자
[RAG] Gemma 이미지 설명 완료 (page=28, 28.3s): 1406자
[RAG] Gemma 이미지 설명 완료 (page=28, 26.0s): 1955자
[RAG] Gemma 이미지 설명 완료 (page=28, 25.2s): 1667자
[RAG] PDF 학습 완료: 2026 DFLUX CATALOGUE_V1.pdf (381청크)
[RAG] 분리 저장 완료: /home/freegear/EasyDocStation/Database/ObjectFile/FileTrainingData/92ab1e0b-56e8-4997-a403-c081271e778c/no_comment/e2e5d161-785b-4784-8fd8-342a8e247cf5/2026_DFLUX_CATALOGUE_V1.pdf
[RAG] PDF 학습 시작: 2026 DFLUX CATALOGUE_V2_JP Version.pdf
[RAG] PDF 파싱 시작 (Unstructured fast): 2026 DFLUX CATALOGUE_V2_JP Version.pdf
[RAG] PDF 파싱 시작 (Unstructured hi_res): 2026 DFLUX CATALOGUE_V2_JP Version.pdf
[RAG] PDF 파싱 진행중: 2026 DFLUX CATALOGUE_V2_JP Version.pdf (10s 경과)
[RAG] PDF 파싱 진행중: 2026 DFLUX CATALOGUE_V2_JP Version.pdf (20s 경과)
[RAG] PDF 파싱 진행중: 2026 DFLUX CATALOGUE_V2_JP Version.pdf (30s 경과)
[RAG] PDF 파싱 진행중: 2026 DFLUX CATALOGUE_V2_JP Version.pdf (40s 경과)
[RAG] PDF 파싱 진행중: 2026 DFLUX CATALOGUE_V2_JP Version.pdf (50s 경과)
[RAG] PDF 파싱 진행중: 2026 DFLUX CATALOGUE_V2_JP Version.pdf (60s 경과)
[RAG] PDF 파싱 진행중: 2026 DFLUX CATALOGUE_V2_JP Version.pdf (70s 경과)
[RAG] PDF 파싱 진행중: 2026 DFLUX CATALOGUE_V2_JP Version.pdf (80s 경과)
[RAG] PDF 파싱 진행중: 2026 DFLUX CATALOGUE_V2_JP Version.pdf (90s 경과)
[RAG] PDF 파싱 진행중: 2026 DFLUX CATALOGUE_V2_JP Version.pdf (100s 경과)
[RAG] PDF 파싱 진행중: 2026 DFLUX CATALOGUE_V2_JP Version.pdf (110s 경과)
[RAG] PDF 파싱 진행중: 2026 DFLUX CATALOGUE_V2_JP Version.pdf (120s 경과)
[RAG] PDF 파싱 완료 (Unstructured hi_res): 2026 DFLUX CATALOGUE_V2_JP Version.pdf / elements=257 / 126.6s
Cannot set non-stroke color because expected 4 components but got [1]
Cannot set non-stroke color because expected 4 components but got [1]
Cannot set non-stroke color because expected 4 components but got [1]
Cannot set non-stroke color because expected 4 components but got [1]
Cannot set non-stroke color because expected 4 components but got [1]
[RAG] Gemma 이미지 설명 완료 (page=1, 25.9s): 1813자
[RAG] Gemma 이미지 설명 완료 (page=1, 16.9s): 935자
[RAG] Gemma 이미지 설명 완료 (page=1, 30.5s): 2278자
[RAG] Gemma 이미지 설명 완료 (page=2, 28.1s): 1939자
[RAG] Gemma 이미지 설명 완료 (page=3, 30.3s): 2112자
[RAG] Gemma 이미지 설명 완료 (page=3, 22.8s): 1462자
[RAG] Gemma 이미지 설명 완료 (page=3, 26.2s): 1919자
[RAG] Gemma 이미지 설명 완료 (page=3, 24.3s): 1733자
[RAG] Gemma 이미지 설명 완료 (page=4, 31.6s): 2235자
[RAG] Gemma 이미지 설명 완료 (page=5, 34.3s): 2202자
[RAG] Gemma 이미지 설명 완료 (page=5, 29.1s): 2028자
[RAG] Gemma 이미지 설명 완료 (page=5, 25.8s): 1861자
[RAG] Gemma 이미지 설명 완료 (page=5, 29.6s): 2009자
[RAG] Gemma 이미지 설명 완료 (page=5, 26.0s): 1917자
[RAG] Gemma 이미지 설명 완료 (page=5, 28.9s): 1981자
[RAG] Gemma 이미지 설명 완료 (page=5, 30.0s): 1896자
[RAG] Gemma 이미지 설명 완료 (page=5, 26.0s): 1761자
[RAG] Gemma 이미지 설명 완료 (page=5, 24.8s): 1636자
[RAG] Gemma 이미지 설명 완료 (page=5, 27.9s): 1719자
[RAG] Gemma 이미지 설명 완료 (page=5, 23.7s): 1494자
[RAG] Gemma 이미지 설명 완료 (page=6, 29.7s): 2076자
[RAG] Gemma 이미지 설명 완료 (page=7, 37.0s): 2237자
[RAG] Gemma 이미지 설명 완료 (page=7, 21.6s): 1138자
[RAG] Gemma 이미지 설명 완료 (page=8, 34.6s): 2143자
[RAG] Gemma 이미지 설명 완료 (page=9, 36.2s): 2210자
[RAG] Gemma 이미지 설명 완료 (page=9, 29.4s): 2148자
[RAG] Gemma 이미지 설명 완료 (page=9, 27.1s): 1886자
[RAG] Gemma 이미지 설명 완료 (page=9, 26.4s): 1942자
[RAG] Gemma 이미지 설명 완료 (page=10, 26.0s): 1730자
[RAG] Gemma 이미지 설명 완료 (page=10, 25.7s): 1771자
[RAG] Gemma 이미지 설명 완료 (page=10, 37.0s): 2409자
[RAG] Gemma 이미지 설명 완료 (page=10, 23.2s): 1501자
[RAG] Gemma 이미지 설명 완료 (page=10, 25.3s): 1787자
[RAG] Gemma 이미지 설명 완료 (page=10, 24.6s): 1695자
[RAG] Gemma 이미지 설명 완료 (page=11, 31.6s): 1802자
[RAG] Gemma 이미지 설명 완료 (page=11, 24.6s): 1656자
[RAG] Gemma 이미지 설명 완료 (page=12, 30.7s): 1880자
[RAG] Gemma 이미지 설명 완료 (page=12, 28.6s): 1956자
[RAG] Gemma 이미지 설명 완료 (page=12, 30.5s): 2145자
[RAG] Gemma 이미지 설명 완료 (page=12, 28.5s): 1979자
[RAG] Gemma 이미지 설명 완료 (page=12, 31.5s): 2054자
[RAG] Gemma 이미지 설명 완료 (page=12, 27.5s): 1724자
[RAG] Gemma 이미지 설명 완료 (page=12, 28.1s): 1818자
[RAG] Gemma 이미지 설명 완료 (page=12, 27.3s): 1953자
[RAG] Gemma 이미지 설명 완료 (page=12, 28.6s): 1765자
[RAG] Gemma 이미지 설명 완료 (page=12, 26.9s): 1636자
[RAG] Gemma 이미지 설명 완료 (page=12, 30.0s): 2327자
[RAG] Gemma 이미지 설명 완료 (page=13, 29.5s): 1770자
[RAG] Gemma 이미지 설명 완료 (page=13, 14.4s): 632자
[RAG] Gemma 이미지 설명 완료 (page=13, 27.6s): 1952자
[RAG] Gemma 이미지 설명 완료 (page=13, 33.7s): 2490자
[RAG] Gemma 이미지 설명 완료 (page=13, 32.8s): 2276자
[RAG] Gemma 이미지 설명 완료 (page=13, 29.4s): 2091자
[RAG] Gemma 이미지 설명 완료 (page=13, 31.2s): 2158자
[RAG] Gemma 이미지 설명 완료 (page=13, 27.9s): 1845자
[RAG] Gemma 이미지 설명 완료 (page=13, 28.7s): 2028자
[RAG] Gemma 이미지 설명 완료 (page=13, 33.5s): 2458자
[RAG] Gemma 이미지 설명 완료 (page=14, 36.4s): 2294자
[RAG] Gemma 이미지 설명 완료 (page=14, 26.2s): 1837자
[RAG] Gemma 이미지 설명 완료 (page=15, 40.5s): 2521자
[RAG] Gemma 이미지 설명 완료 (page=16, 26.1s): 2076자
[RAG] PDF 학습 완료: 2026 DFLUX CATALOGUE_V2_JP Version.pdf (229청크)
[RAG] 분리 저장 완료: /home/freegear/EasyDocStation/Database/ObjectFile/FileTrainingData/92ab1e0b-56e8-4997-a403-c081271e778c/no_comment/8b893328-d3f4-40d3-95e3-970431877161/2026_DFLUX_CATALOGUE_V2_JP_Version.pdf
[RAG] 학습 진행률: 60% (게시글 PDF)
[RAG] PDF 학습 시작: 2026 DFLUX CATALOGUE_V2.pdf
[RAG] PDF 파싱 시작 (Unstructured fast): 2026 DFLUX CATALOGUE_V2.pdf
[RAG] PDF 파싱 시작 (Unstructured hi_res): 2026 DFLUX CATALOGUE_V2.pdf
[RAG] PDF 파싱 진행중: 2026 DFLUX CATALOGUE_V2.pdf (10s 경과)
[RAG] PDF 파싱 진행중: 2026 DFLUX CATALOGUE_V2.pdf (20s 경과)
[RAG] PDF 파싱 진행중: 2026 DFLUX CATALOGUE_V2.pdf (30s 경과)
[RAG] PDF 파싱 진행중: 2026 DFLUX CATALOGUE_V2.pdf (40s 경과)
[RAG] PDF 파싱 진행중: 2026 DFLUX CATALOGUE_V2.pdf (50s 경과)
[RAG] PDF 파싱 진행중: 2026 DFLUX CATALOGUE_V2.pdf (60s 경과)
[RAG] PDF 파싱 진행중: 2026 DFLUX CATALOGUE_V2.pdf (70s 경과)
[RAG] PDF 파싱 진행중: 2026 DFLUX CATALOGUE_V2.pdf (80s 경과)
[RAG] PDF 파싱 진행중: 2026 DFLUX CATALOGUE_V2.pdf (90s 경과)
[RAG] PDF 파싱 진행중: 2026 DFLUX CATALOGUE_V2.pdf (100s 경과)
[RAG] PDF 파싱 완료 (Unstructured hi_res): 2026 DFLUX CATALOGUE_V2.pdf / elements=256 / 106.3s
Cannot set non-stroke color because expected 4 components but got [1]
Cannot set non-stroke color because expected 4 components but got [1]
Cannot set non-stroke color because expected 4 components but got [1]
Cannot set non-stroke color because expected 4 components but got [1]
Cannot set non-stroke color because expected 4 components but got [1]
[RAG] Gemma 이미지 설명 완료 (page=1, 25.9s): 1813자
[RAG] Gemma 이미지 설명 완료 (page=1, 16.9s): 935자
[RAG] Gemma 이미지 설명 완료 (page=1, 30.6s): 2278자
[RAG] Gemma 이미지 설명 완료 (page=2, 31.4s): 2154자
[RAG] Gemma 이미지 설명 완료 (page=3, 29.2s): 2022자
[RAG] Gemma 이미지 설명 완료 (page=3, 27.0s): 1980자
[RAG] Gemma 이미지 설명 완료 (page=3, 27.7s): 2000자
[RAG] Gemma 이미지 설명 완료 (page=3, 23.8s): 1738자
[RAG] Gemma 이미지 설명 완료 (page=4, 31.4s): 2139자
[RAG] Gemma 이미지 설명 완료 (page=5, 35.3s): 2383자
[RAG] Gemma 이미지 설명 완료 (page=5, 25.9s): 1798자
[RAG] Gemma 이미지 설명 완료 (page=5, 27.0s): 2112자
[RAG] Gemma 이미지 설명 완료 (page=5, 24.8s): 1574자
[RAG] Gemma 이미지 설명 완료 (page=5, 23.3s): 1502자
[RAG] Gemma 이미지 설명 완료 (page=5, 30.2s): 2056자
[RAG] Gemma 이미지 설명 완료 (page=5, 26.2s): 1671자
[RAG] Gemma 이미지 설명 완료 (page=5, 30.9s): 2130자
[RAG] Gemma 이미지 설명 완료 (page=5, 28.5s): 2050자
[RAG] Gemma 이미지 설명 완료 (page=5, 30.1s): 2022자
[RAG] Gemma 이미지 설명 완료 (page=5, 28.8s): 2055자
[RAG] Gemma 이미지 설명 완료 (page=6, 36.7s): 2447자
[RAG] Gemma 이미지 설명 완료 (page=7, 38.7s): 2431자
[RAG] Gemma 이미지 설명 완료 (page=7, 24.2s): 1680자
[RAG] Gemma 이미지 설명 완료 (page=8, 37.7s): 2338자
[RAG] Gemma 이미지 설명 완료 (page=9, 38.0s): 2292자
[RAG] Gemma 이미지 설명 완료 (page=9, 29.6s): 2170자
[RAG] Gemma 이미지 설명 완료 (page=9, 23.0s): 1550자
[RAG] Gemma 이미지 설명 완료 (page=10, 25.3s): 1837자
[RAG] Gemma 이미지 설명 완료 (page=10, 28.3s): 2043자
[RAG] Gemma 이미지 설명 완료 (page=10, 36.8s): 2514자
[RAG] Gemma 이미지 설명 완료 (page=10, 25.5s): 1788자
[RAG] Gemma 이미지 설명 완료 (page=10, 26.0s): 1747자
[RAG] Gemma 이미지 설명 완료 (page=11, 38.2s): 2437자
[RAG] Gemma 이미지 설명 완료 (page=11, 22.1s): 1392자
[RAG] Gemma 이미지 설명 완료 (page=12, 26.2s): 1470자
[RAG] Gemma 이미지 설명 완료 (page=12, 24.8s): 1796자
[RAG] Gemma 이미지 설명 완료 (page=12, 25.3s): 1647자
[RAG] Gemma 이미지 설명 완료 (page=12, 29.9s): 1944자
[RAG] Gemma 이미지 설명 완료 (page=12, 30.4s): 2175자
[RAG] Gemma 이미지 설명 완료 (page=12, 27.5s): 1953자
[RAG] Gemma 이미지 설명 완료 (page=12, 29.4s): 1931자
[RAG] Gemma 이미지 설명 완료 (page=12, 27.2s): 1890자
[RAG] Gemma 이미지 설명 완료 (page=12, 32.3s): 2298자
[RAG] Gemma 이미지 설명 완료 (page=12, 27.0s): 1869자
[RAG] Gemma 이미지 설명 완료 (page=12, 29.0s): 1853자
[RAG] Gemma 이미지 설명 완료 (page=13, 33.3s): 2502자
[RAG] Gemma 이미지 설명 완료 (page=13, 27.8s): 2002자
[RAG] Gemma 이미지 설명 완료 (page=13, 31.6s): 2184자
[RAG] Gemma 이미지 설명 완료 (page=13, 35.0s): 2248자
[RAG] Gemma 이미지 설명 완료 (page=13, 30.2s): 2007자
[RAG] Gemma 이미지 설명 완료 (page=13, 30.4s): 2328자
[RAG] Gemma 이미지 설명 완료 (page=13, 28.1s): 1779자
[RAG] Gemma 이미지 설명 완료 (page=13, 33.3s): 2750자
[RAG] Gemma 이미지 설명 완료 (page=14, 41.4s): 2652자
[RAG] Gemma 이미지 설명 완료 (page=14, 25.5s): 1695자
[RAG] Gemma 이미지 설명 완료 (page=15, 37.6s): 2452자
[RAG] Gemma 이미지 설명 완료 (page=16, 26.2s): 2076자
[RAG] PDF 학습 완료: 2026 DFLUX CATALOGUE_V2.pdf (223청크)
[RAG] 분리 저장 완료: /home/freegear/EasyDocStation/Database/ObjectFile/FileTrainingData/92ab1e0b-56e8-4997-a403-c081271e778c/no_comment/c923b889-8348-4834-855b-e9c577fb6e57/2026_DFLUX_CATALOGUE_V2.pdf
[RAG] PDF 학습 시작: 2026 DFLUX CATALOGUE_V3.pdf
[RAG] PDF 파싱 시작 (Unstructured fast): 2026 DFLUX CATALOGUE_V3.pdf
Cannot set non-stroke color because expected 3 components but got [1]
Cannot set non-stroke color because expected 3 components but got [1]
Cannot set non-stroke color because expected 3 components but got [1]
Cannot set non-stroke color because expected 3 components but got [1]
Cannot set non-stroke color because expected 3 components but got [1]
[RAG] PDF 파싱 완료 (Unstructured fast): 2026 DFLUX CATALOGUE_V3.pdf / elements=430 / 0.9s
Cannot set non-stroke color because expected 3 components but got [1]
Cannot set non-stroke color because expected 3 components but got [1]
Cannot set non-stroke color because expected 3 components but got [1]
Cannot set non-stroke color because expected 3 components but got [1]
Cannot set non-stroke color because expected 3 components but got [1]
[RAG] AUTO 복잡 페이지 판별: 34/34 pages (text<120 또는 표/이미지)
[RAG] PDF 파싱 시작 (Unstructured hi_res): 2026 DFLUX CATALOGUE_V3.pdf
Cannot set non-stroke color because expected 3 components but got [1]
Cannot set non-stroke color because expected 3 components but got [1]
Cannot set non-stroke color because expected 3 components but got [1]
Cannot set non-stroke color because expected 3 components but got [1]
Cannot set non-stroke color because expected 3 components but got [1]
[RAG] PDF 파싱 진행중: 2026 DFLUX CATALOGUE_V3.pdf (10s 경과)
[RAG] PDF 파싱 진행중: 2026 DFLUX CATALOGUE_V3.pdf (20s 경과)
[RAG] PDF 파싱 진행중: 2026 DFLUX CATALOGUE_V3.pdf (30s 경과)
Cannot set non-stroke color because expected 3 components but got [1]
Cannot set non-stroke color because expected 3 components but got [1]
Cannot set non-stroke color because expected 3 components but got [1]
Cannot set non-stroke color because expected 3 components but got [1]
Cannot set non-stroke color because expected 3 components but got [1]
[RAG] PDF 파싱 진행중: 2026 DFLUX CATALOGUE_V3.pdf (40s 경과)
[RAG] PDF 파싱 진행중: 2026 DFLUX CATALOGUE_V3.pdf (50s 경과)
[RAG] PDF 파싱 진행중: 2026 DFLUX CATALOGUE_V3.pdf (60s 경과)
[RAG] PDF 파싱 진행중: 2026 DFLUX CATALOGUE_V3.pdf (70s 경과)
[RAG] PDF 파싱 진행중: 2026 DFLUX CATALOGUE_V3.pdf (80s 경과)
[RAG] PDF 파싱 진행중: 2026 DFLUX CATALOGUE_V3.pdf (90s 경과)
[RAG] PDF 파싱 진행중: 2026 DFLUX CATALOGUE_V3.pdf (100s 경과)
[RAG] PDF 파싱 진행중: 2026 DFLUX CATALOGUE_V3.pdf (110s 경과)
[RAG] PDF 파싱 진행중: 2026 DFLUX CATALOGUE_V3.pdf (120s 경과)
[RAG] PDF 파싱 진행중: 2026 DFLUX CATALOGUE_V3.pdf (130s 경과)
[RAG] PDF 파싱 진행중: 2026 DFLUX CATALOGUE_V3.pdf (140s 경과)
[RAG] PDF 파싱 완료 (Unstructured hi_res): 2026 DFLUX CATALOGUE_V3.pdf / elements=392 / 147.3s
Cannot set non-stroke color because expected 3 components but got [1]
Cannot set non-stroke color because expected 3 components but got [1]
Cannot set non-stroke color because expected 3 components but got [1]
Cannot set non-stroke color because expected 3 components but got [1]
Cannot set non-stroke color because expected 3 components but got [1]
[RAG] AUTO 전략 적용 완료: fast=430, hi_res_subset=392, merged=392
[RAG] Gemma 이미지 설명 완료 (page=1, 27.0s): 1919자
[RAG] Gemma 이미지 설명 완료 (page=1, 29.8s): 2170자
[RAG] Gemma 이미지 설명 완료 (page=1, 25.7s): 1635자
[RAG] Gemma 이미지 설명 완료 (page=2, 30.4s): 1889자
[RAG] Gemma 이미지 설명 완료 (page=2, 29.7s): 2038자
[RAG] Gemma 이미지 설명 완료 (page=2, 33.2s): 2344자
[RAG] Gemma 이미지 설명 완료 (page=2, 28.9s): 1811자
[RAG] Gemma 이미지 설명 완료 (page=2, 30.4s): 1917자
[RAG] Gemma 이미지 설명 완료 (page=2, 34.6s): 2434자
[RAG] Gemma 이미지 설명 완료 (page=3, 34.6s): 2417자
[RAG] Gemma 이미지 설명 완료 (page=3, 31.6s): 2376자
[RAG] Gemma 이미지 설명 완료 (page=3, 28.7s): 2052자
[RAG] Gemma 이미지 설명 완료 (page=3, 34.5s): 2713자
[RAG] Gemma 이미지 설명 완료 (page=3, 31.5s): 2326자
[RAG] Gemma 이미지 설명 완료 (page=3, 27.3s): 1885자
[RAG] Gemma 이미지 설명 완료 (page=3, 36.7s): 2716자
[RAG] Gemma 이미지 설명 완료 (page=3, 31.9s): 2336자
[RAG] Gemma 이미지 설명 완료 (page=3, 26.7s): 1844자
[RAG] Gemma 이미지 설명 완료 (page=3, 29.1s): 1914자
[RAG] Gemma 이미지 설명 완료 (page=3, 32.5s): 2486자
[RAG] Gemma 이미지 설명 완료 (page=3, 31.2s): 2672자
[RAG] Gemma 이미지 설명 완료 (page=3, 30.8s): 2256자
[RAG] Gemma 이미지 설명 완료 (page=3, 29.9s): 2311자
[RAG] Gemma 이미지 설명 완료 (page=3, 33.2s): 2609자
[RAG] Gemma 이미지 설명 완료 (page=3, 29.8s): 2486자
[RAG] Gemma 이미지 설명 완료 (page=3, 41.8s): 2893자
[RAG] Gemma 이미지 설명 완료 (page=3, 29.5s): 2159자
[RAG] Gemma 이미지 설명 완료 (page=3, 29.9s): 2135자
[RAG] Gemma 이미지 설명 완료 (page=3, 30.1s): 2107자
[RAG] Gemma 이미지 설명 완료 (page=3, 27.8s): 2045자
[RAG] Gemma 이미지 설명 완료 (page=3, 28.5s): 2183자
[RAG] Gemma 이미지 설명 완료 (page=3, 29.3s): 1986자
[RAG] Gemma 이미지 설명 완료 (page=3, 28.5s): 1958자
[RAG] Gemma 이미지 설명 완료 (page=3, 29.0s): 1634자
[RAG] Gemma 이미지 설명 완료 (page=3, 32.1s): 1920자
[RAG] Gemma 이미지 설명 완료 (page=3, 28.6s): 1597자
[RAG] Gemma 이미지 설명 완료 (page=3, 30.0s): 2610자
[RAG] Gemma 이미지 설명 완료 (page=3, 29.3s): 1960자
[RAG] Gemma 이미지 설명 완료 (page=3, 31.3s): 1750자
[RAG] Gemma 이미지 설명 완료 (page=4, 36.9s): 2518자
[RAG] Gemma 이미지 설명 완료 (page=4, 33.0s): 2075자
[RAG] Gemma 이미지 설명 완료 (page=5, 34.6s): 2444자
[RAG] Gemma 이미지 설명 완료 (page=7, 25.5s): 1730자
[RAG] Gemma 이미지 설명 완료 (page=7, 26.0s): 1825자
[RAG] Gemma 이미지 설명 완료 (page=7, 26.3s): 1802자
[RAG] Gemma 이미지 설명 완료 (page=7, 30.3s): 2262자
[RAG] Gemma 이미지 설명 완료 (page=7, 21.6s): 1446자
[RAG] Gemma 이미지 설명 완료 (page=7, 24.1s): 1634자
[RAG] Gemma 이미지 설명 완료 (page=7, 18.9s): 1168자
[RAG] Gemma 이미지 설명 완료 (page=7, 31.6s): 2181자
[RAG] Gemma 이미지 설명 완료 (page=7, 25.4s): 1611자
[RAG] Gemma 이미지 설명 완료 (page=7, 26.4s): 1844자
[RAG] Gemma 이미지 설명 완료 (page=7, 32.6s): 2322자
[RAG] Gemma 이미지 설명 완료 (page=8, 28.1s): 1846자
[RAG] Gemma 이미지 설명 완료 (page=8, 29.0s): 1914자
[RAG] Gemma 이미지 설명 완료 (page=8, 28.7s): 2048자
[RAG] Gemma 이미지 설명 완료 (page=8, 28.3s): 2019자
[RAG] Gemma 이미지 설명 완료 (page=8, 31.3s): 2027자
[RAG] Gemma 이미지 설명 완료 (page=8, 26.0s): 1659자
[RAG] Gemma 이미지 설명 완료 (page=9, 26.5s): 1679자
[RAG] Gemma 이미지 설명 완료 (page=9, 34.7s): 2185자
[RAG] Gemma 이미지 설명 완료 (page=9, 26.6s): 1845자
[RAG] Gemma 이미지 설명 완료 (page=9, 28.4s): 1816자
[RAG] Gemma 이미지 설명 완료 (page=9, 40.1s): 2500자
[RAG] Gemma 이미지 설명 완료 (page=9, 40.1s): 2643자
[RAG] Gemma 이미지 설명 완료 (page=9, 32.0s): 2245자
[RAG] Gemma 이미지 설명 완료 (page=9, 27.9s): 1809자
[RAG] Gemma 이미지 설명 완료 (page=10, 37.5s): 2313자
[RAG] Gemma 이미지 설명 완료 (page=10, 26.1s): 1677자
[RAG] Gemma 이미지 설명 완료 (page=10, 35.9s): 2334자
[RAG] Gemma 이미지 설명 완료 (page=10, 29.4s): 1768자
[RAG] Gemma 이미지 설명 완료 (page=10, 32.4s): 2028자
[RAG] Gemma 이미지 설명 완료 (page=10, 25.8s): 1810자
[RAG] Gemma 이미지 설명 완료 (page=10, 25.3s): 1492자
[RAG] Gemma 이미지 설명 완료 (page=12, 29.1s): 1827자
[RAG] Gemma 이미지 설명 완료 (page=12, 29.5s): 1775자
[RAG] Gemma 이미지 설명 완료 (page=12, 32.6s): 2169자
[RAG] Gemma 이미지 설명 완료 (page=12, 34.1s): 2308자
[RAG] Gemma 이미지 설명 완료 (page=12, 24.3s): 1626자
[RAG] Gemma 이미지 설명 완료 (page=12, 26.1s): 1745자
[RAG] Gemma 이미지 설명 완료 (page=12, 31.7s): 2029자
[RAG] Gemma 이미지 설명 완료 (page=12, 29.7s): 1941자
[RAG] Gemma 이미지 설명 완료 (page=12, 33.1s): 2119자
[RAG] Gemma 이미지 설명 완료 (page=12, 31.1s): 2197자
[RAG] Gemma 이미지 설명 완료 (page=13, 28.6s): 1961자
[RAG] Gemma 이미지 설명 완료 (page=13, 28.6s): 1740자
[RAG] Gemma 이미지 설명 완료 (page=13, 23.3s): 1365자
[RAG] Gemma 이미지 설명 완료 (page=13, 31.9s): 2009자
[RAG] Gemma 이미지 설명 완료 (page=14, 38.2s): 2539자
[RAG] Gemma 이미지 설명 완료 (page=14, 29.1s): 1844자
[RAG] Gemma 이미지 설명 완료 (page=14, 34.3s): 2233자
[RAG] Gemma 이미지 설명 완료 (page=14, 26.3s): 1643자
[RAG] Gemma 이미지 설명 완료 (page=14, 29.8s): 1862자
[RAG] Gemma 이미지 설명 완료 (page=14, 26.8s): 1526자
[RAG] Gemma 이미지 설명 완료 (page=15, 30.9s): 2091자
[RAG] Gemma 이미지 설명 완료 (page=15, 35.4s): 2195자
[RAG] Gemma 이미지 설명 완료 (page=15, 26.3s): 1812자
[RAG] Gemma 이미지 설명 완료 (page=15, 39.5s): 2471자
[RAG] Gemma 이미지 설명 완료 (page=15, 37.1s): 2476자
[RAG] Gemma 이미지 설명 완료 (page=15, 31.0s): 2026자
[RAG] Gemma 이미지 설명 완료 (page=15, 39.2s): 2877자
[RAG] Gemma 이미지 설명 완료 (page=15, 25.1s): 1495자
[RAG] Gemma 이미지 설명 완료 (page=15, 29.7s): 1926자
[RAG] Gemma 이미지 설명 완료 (page=15, 27.4s): 1716자
[RAG] Gemma 이미지 설명 완료 (page=15, 25.4s): 1644자
[RAG] Gemma 이미지 설명 완료 (page=17, 29.1s): 1813자
[RAG] Gemma 이미지 설명 완료 (page=17, 28.6s): 1915자
[RAG] Gemma 이미지 설명 완료 (page=17, 31.1s): 1924자
[RAG] Gemma 이미지 설명 완료 (page=17, 32.0s): 1880자
[RAG] Gemma 이미지 설명 완료 (page=18, 25.8s): 1427자
[RAG] Gemma 이미지 설명 완료 (page=18, 26.3s): 1755자
[RAG] Gemma 이미지 설명 완료 (page=18, 32.0s): 2034자
[RAG] Gemma 이미지 설명 완료 (page=20, 26.4s): 1761자
[RAG] Gemma 이미지 설명 완료 (page=20, 28.0s): 1847자
[RAG] Gemma 이미지 설명 완료 (page=20, 27.0s): 1725자
[RAG] Gemma 이미지 설명 완료 (page=20, 29.2s): 1700자
[RAG] Gemma 이미지 설명 완료 (page=21, 33.9s): 2265자
[RAG] Gemma 이미지 설명 완료 (page=21, 31.2s): 2342자
[RAG] Gemma 이미지 설명 완료 (page=21, 30.5s): 1994자
[RAG] Gemma 이미지 설명 완료 (page=21, 32.2s): 1964자
[RAG] Gemma 이미지 설명 완료 (page=22, 30.6s): 2218자
[RAG] Gemma 이미지 설명 완료 (page=22, 29.2s): 2056자
[RAG] Gemma 이미지 설명 완료 (page=22, 36.7s): 2457자
[RAG] Gemma 이미지 설명 완료 (page=22, 32.5s): 2109자
[RAG] Gemma 이미지 설명 완료 (page=23, 31.3s): 2158자
[RAG] Gemma 이미지 설명 완료 (page=23, 28.6s): 1666자
[RAG] Gemma 이미지 설명 완료 (page=23, 36.8s): 2516자
[RAG] Gemma 이미지 설명 완료 (page=23, 28.2s): 2000자
[RAG] Gemma 이미지 설명 완료 (page=23, 36.9s): 2224자
[RAG] Gemma 이미지 설명 완료 (page=23, 35.9s): 2420자
[RAG] Gemma 이미지 설명 완료 (page=24, 37.0s): 2512자
[RAG] Gemma 이미지 설명 완료 (page=24, 26.8s): 1894자
[RAG] Gemma 이미지 설명 완료 (page=24, 30.8s): 2102자
[RAG] Gemma 이미지 설명 완료 (page=24, 35.3s): 2206자
[RAG] Gemma 이미지 설명 완료 (page=26, 30.3s): 2168자
[RAG] Gemma 이미지 설명 완료 (page=26, 30.1s): 1947자
[RAG] Gemma 이미지 설명 완료 (page=26, 25.8s): 1564자
[RAG] Gemma 이미지 설명 완료 (page=26, 41.6s): 2660자
[RAG] Gemma 이미지 설명 완료 (page=27, 25.7s): 1683자
[RAG] Gemma 이미지 설명 완료 (page=27, 34.4s): 2771자
[RAG] Gemma 이미지 설명 완료 (page=27, 27.9s): 2012자
[RAG] Gemma 이미지 설명 완료 (page=27, 25.9s): 1938자
[RAG] Gemma 이미지 설명 완료 (page=27, 33.4s): 2522자
[RAG] Gemma 이미지 설명 완료 (page=29, 24.0s): 1456자
[RAG] Gemma 이미지 설명 완료 (page=29, 28.0s): 1891자
[RAG] Gemma 이미지 설명 완료 (page=29, 28.5s): 1925자
[RAG] Gemma 이미지 설명 완료 (page=29, 25.4s): 1734자
[RAG] Gemma 이미지 설명 완료 (page=29, 29.0s): 2156자
[RAG] Gemma 이미지 설명 완료 (page=29, 25.8s): 1591자
[RAG] Gemma 이미지 설명 완료 (page=29, 35.0s): 2307자
[RAG] Gemma 이미지 설명 완료 (page=29, 30.1s): 1999자
[RAG] Gemma 이미지 설명 완료 (page=29, 28.3s): 1973자
[RAG] Gemma 이미지 설명 완료 (page=30, 35.7s): 2441자
[RAG] Gemma 이미지 설명 완료 (page=31, 27.9s): 1844자
[RAG] Gemma 이미지 설명 완료 (page=31, 28.2s): 2064자
[RAG] Gemma 이미지 설명 완료 (page=31, 31.4s): 2170자
[RAG] Gemma 이미지 설명 완료 (page=31, 23.8s): 1472자
[RAG] Gemma 이미지 설명 완료 (page=31, 29.1s): 1728자
[RAG] Gemma 이미지 설명 완료 (page=31, 34.6s): 2553자
[RAG] Gemma 이미지 설명 완료 (page=31, 29.8s): 2271자
[RAG] Gemma 이미지 설명 완료 (page=32, 30.2s): 2003자
[RAG] Gemma 이미지 설명 완료 (page=32, 32.1s): 2138자
[RAG] Gemma 이미지 설명 완료 (page=32, 27.9s): 1724자
[RAG] Gemma 이미지 설명 완료 (page=32, 26.9s): 1725자
[RAG] Gemma 이미지 설명 완료 (page=32, 31.7s): 2024자
[RAG] Gemma 이미지 설명 완료 (page=33, 28.3s): 1929자
[RAG] Gemma 이미지 설명 완료 (page=33, 27.1s): 1863자
[RAG] Gemma 이미지 설명 완료 (page=33, 32.1s): 2024자
[RAG] Gemma 이미지 설명 완료 (page=6, 27.3s): 1878자
[RAG] Gemma 이미지 설명 완료 (page=6, 28.1s): 1805자
[RAG] Gemma 이미지 설명 완료 (page=11, 27.7s): 1995자
[RAG] Gemma 이미지 설명 완료 (page=16, 31.8s): 2213자
[RAG] Gemma 이미지 설명 완료 (page=16, 30.1s): 2079자
[RAG] Gemma 이미지 설명 완료 (page=19, 29.0s): 1985자
[RAG] Gemma 이미지 설명 완료 (page=19, 21.1s): 1379자
[RAG] Gemma 이미지 설명 완료 (page=25, 32.5s): 2227자
[RAG] Gemma 이미지 설명 완료 (page=28, 35.1s): 2625자
[RAG] PDF 학습 완료: 2026 DFLUX CATALOGUE_V3.pdf (682청크)
[RAG] 분리 저장 완료: /home/freegear/EasyDocStation/Database/ObjectFile/FileTrainingData/92ab1e0b-56e8-4997-a403-c081271e778c/no_comment/4052cf28-773d-4b34-9477-af7af86cc5d1/2026_DFLUX_CATALOGUE_V3.pdf
[RAG] 학습 진행률: 70% (게시글 PDF)
[RAG] post=8f1507f7-fb8f-42bc-a121-deb4b4352d28 text → 1청크
[RAG] post=39380665-9606-40cd-8466-93a657d7dd57 text → 1청크
[RAG] 학습 진행률: 80% (게시글 본문)
[RAG] post=756dc9b5-18cd-4384-b9b5-f83e51e654ce text → 1청크
[RAG] post=404a196e-ccfc-4f4c-84f7-ba3cbd5de038 text → 1청크
[RAG] 학습 진행률: 90% (게시글 본문)
[RAG] post=6763087d-f1d6-4092-a47d-ae5cf20d1046 text → 1청크
[RAG] 저장 완료 — 2019청크 / 10개 게시글 / 0개 댓글
[RAG] 학습 진행률: 100% (저장)
[2026-05-31T11:43:08.631Z][RAG-REBUILD] 게시글 배치 학습 2/39: 10건
/home/freegear/EasyDocStation/server/rag_train.py:111: DeprecationWarning: `langchain-community` is being sunset and is no longer actively maintained. See https://github.com/langchain-ai/langchain-community/issues/674 for details and migration guidance toward standalone integration packages.
  from langchain_community.document_loaders import Docx2txtLoader
[RAG] 테이블 생성 경합 감지, 기존 테이블 사용: Table 'my_rag_table' already exists
[RAG] post=843f34ac-eada-46de-a1bd-9be823f9d6a9 text → 1청크
[RAG] post=7d22e279-9742-4ced-89d4-f3c2755f917d text → 1청크
[RAG] 학습 진행률: 10% (게시글 본문)
[RAG] post=1207ef61-ae8f-49f3-991e-9ab2b60f5b7f text → 1청크
[RAG] 학습 진행률: 20% (게시글 본문)
[RAG] post=eaeb3e2d-d4cd-4d3f-8f8b-043f1261a625 text → 1청크
[RAG] post=500d2109-feab-46fe-9a0b-e180be093fd1 text → 1청크
[RAG] 학습 진행률: 30% (게시글 본문)
[RAG] post=e096671a-da0a-4907-a5a4-0dbf5209c696 text → 1청크
[RAG] 학습 진행률: 40% (게시글 본문)
[RAG] post=f6a32f35-6618-474e-a95e-af1ae4b7a1ab text → 1청크
[RAG] post=230819f2-bdd8-4a83-a9db-234b7397e5a8 text → 1청크
[RAG] 학습 진행률: 50% (게시글 본문)
[RAG] PDF 학습 시작: IR_포지티브섬_외부공유용_V202601pdf.pdf
[RAG] PDF 파싱 시작 (Unstructured fast): IR_포지티브섬_외부공유용_V202601pdf.pdf
[RAG] PDF 파싱 완료 (Unstructured fast): IR_포지티브섬_외부공유용_V202601pdf.pdf / elements=416 / 2.0s
[RAG] AUTO 복잡 페이지 판별: 18/18 pages (text<120 또는 표/이미지)
[RAG] PDF 파싱 시작 (Unstructured hi_res): IR_포지티브섬_외부공유용_V202601pdf.pdf
[RAG] PDF 파싱 진행중: IR_포지티브섬_외부공유용_V202601pdf.pdf (10s 경과)
[RAG] PDF 파싱 진행중: IR_포지티브섬_외부공유용_V202601pdf.pdf (20s 경과)
[RAG] PDF 파싱 진행중: IR_포지티브섬_외부공유용_V202601pdf.pdf (30s 경과)
Loading weights:   0%|          | 0/367 [00:00<?, ?it/s]Loading weights: 100%|██████████| 367/367 [00:00<00:00, 7488.66it/s]
[RAG] PDF 파싱 진행중: IR_포지티브섬_외부공유용_V202601pdf.pdf (40s 경과)
[RAG] PDF 파싱 진행중: IR_포지티브섬_외부공유용_V202601pdf.pdf (50s 경과)
[RAG] PDF 파싱 진행중: IR_포지티브섬_외부공유용_V202601pdf.pdf (60s 경과)
[RAG] PDF 파싱 진행중: IR_포지티브섬_외부공유용_V202601pdf.pdf (70s 경과)
[RAG] PDF 파싱 진행중: IR_포지티브섬_외부공유용_V202601pdf.pdf (80s 경과)
[RAG] PDF 파싱 진행중: IR_포지티브섬_외부공유용_V202601pdf.pdf (90s 경과)
[RAG] PDF 파싱 진행중: IR_포지티브섬_외부공유용_V202601pdf.pdf (100s 경과)
[RAG] PDF 파싱 진행중: IR_포지티브섬_외부공유용_V202601pdf.pdf (110s 경과)
[RAG] PDF 파싱 진행중: IR_포지티브섬_외부공유용_V202601pdf.pdf (120s 경과)
[RAG] PDF 파싱 진행중: IR_포지티브섬_외부공유용_V202601pdf.pdf (130s 경과)
[RAG] PDF 파싱 진행중: IR_포지티브섬_외부공유용_V202601pdf.pdf (140s 경과)
[RAG] PDF 파싱 진행중: IR_포지티브섬_외부공유용_V202601pdf.pdf (150s 경과)
[RAG] PDF 파싱 완료 (Unstructured hi_res): IR_포지티브섬_외부공유용_V202601pdf.pdf / elements=1558 / 153.2s
[RAG] AUTO 전략 적용 완료: fast=416, hi_res_subset=1558, merged=1558
[RAG] Gemma 이미지 설명 완료 (page=1, 19.4s): 1346자
[RAG] Gemma 이미지 설명 완료 (page=1, 22.0s): 1641자
[RAG] Gemma 이미지 설명 완료 (page=1, 21.3s): 1182자
[RAG] Gemma 이미지 설명 완료 (page=1, 21.4s): 1496자
[RAG] Gemma 이미지 설명 완료 (page=1, 25.2s): 1733자
[RAG] Gemma 이미지 설명 완료 (page=2, 19.7s): 1252자
[RAG] Gemma 이미지 설명 완료 (page=2, 18.3s): 1186자
[RAG] Gemma 이미지 설명 완료 (page=2, 26.8s): 1877자
[RAG] Gemma 이미지 설명 완료 (page=2, 20.5s): 1362자
[RAG] Gemma 이미지 설명 완료 (page=2, 18.3s): 1006자
[RAG] Gemma 이미지 설명 완료 (page=2, 19.5s): 1110자
[RAG] Gemma 이미지 설명 완료 (page=2, 21.5s): 1390자
[RAG] Gemma 이미지 설명 완료 (page=2, 18.5s): 1341자
[RAG] Gemma 이미지 설명 완료 (page=2, 20.7s): 1290자
[RAG] Gemma 이미지 설명 완료 (page=2, 20.0s): 1099자
[RAG] Gemma 이미지 설명 완료 (page=2, 22.3s): 1307자
[RAG] Gemma 이미지 설명 완료 (page=2, 19.7s): 1109자
[RAG] Gemma 이미지 설명 완료 (page=2, 20.6s): 1333자
[RAG] Gemma 이미지 설명 완료 (page=2, 21.5s): 1304자
[RAG] Gemma 이미지 설명 완료 (page=2, 20.1s): 1186자
[RAG] Gemma 이미지 설명 완료 (page=2, 20.0s): 1078자
[RAG] Gemma 이미지 설명 완료 (page=2, 20.6s): 1432자
[RAG] Gemma 이미지 설명 완료 (page=2, 20.6s): 1096자
[RAG] Gemma 이미지 설명 완료 (page=2, 21.8s): 1561자
[RAG] Gemma 이미지 설명 완료 (page=2, 19.9s): 1062자
[RAG] Gemma 이미지 설명 완료 (page=2, 27.5s): 1932자
[RAG] Gemma 이미지 설명 완료 (page=2, 28.0s): 1958자
[RAG] Gemma 이미지 설명 완료 (page=2, 21.0s): 1330자
[RAG] Gemma 이미지 설명 완료 (page=2, 20.0s): 1418자
[RAG] Gemma 이미지 설명 완료 (page=2, 22.0s): 1489자
[RAG] Gemma 이미지 설명 완료 (page=2, 29.0s): 2195자
[RAG] Gemma 이미지 설명 완료 (page=2, 25.1s): 1597자
[RAG] Gemma 이미지 설명 완료 (page=2, 20.5s): 1249자
[RAG] Gemma 이미지 설명 완료 (page=2, 18.8s): 1141자
[RAG] Gemma 이미지 설명 완료 (page=2, 19.9s): 1189자
[RAG] Gemma 이미지 설명 완료 (page=2, 19.7s): 1258자
[RAG] Gemma 이미지 설명 완료 (page=2, 18.4s): 1104자
[RAG] Gemma 이미지 설명 완료 (page=2, 21.0s): 1434자
[RAG] Gemma 이미지 설명 완료 (page=2, 19.3s): 1335자
[RAG] Gemma 이미지 설명 완료 (page=2, 24.6s): 1357자
[RAG] Gemma 이미지 설명 완료 (page=2, 23.9s): 1517자
[RAG] Gemma 이미지 설명 완료 (page=2, 20.0s): 1344자
[RAG] Gemma 이미지 설명 완료 (page=2, 18.7s): 1237자
[RAG] Gemma 이미지 설명 완료 (page=2, 26.9s): 1680자
[RAG] Gemma 이미지 설명 완료 (page=2, 22.7s): 1527자
[RAG] Gemma 이미지 설명 완료 (page=2, 20.0s): 1241자
[RAG] Gemma 이미지 설명 완료 (page=2, 24.3s): 1661자
[RAG] Gemma 이미지 설명 완료 (page=2, 23.2s): 1537자
[RAG] Gemma 이미지 설명 완료 (page=2, 22.4s): 1568자
[RAG] Gemma 이미지 설명 완료 (page=2, 22.6s): 1354자
[RAG] Gemma 이미지 설명 완료 (page=2, 23.0s): 1408자
[RAG] Gemma 이미지 설명 완료 (page=2, 22.5s): 1460자
[RAG] Gemma 이미지 설명 완료 (page=2, 21.6s): 1042자
[RAG] Gemma 이미지 설명 완료 (page=2, 22.2s): 1570자
[RAG] Gemma 이미지 설명 완료 (page=2, 20.3s): 1196자
[RAG] Gemma 이미지 설명 완료 (page=2, 21.4s): 1359자
[RAG] Gemma 이미지 설명 완료 (page=2, 24.3s): 1456자
[RAG] Gemma 이미지 설명 완료 (page=2, 22.9s): 1403자
[RAG] Gemma 이미지 설명 완료 (page=2, 21.8s): 1344자
[RAG] Gemma 이미지 설명 완료 (page=2, 24.0s): 1516자
[RAG] Gemma 이미지 설명 완료 (page=2, 21.7s): 1261자
[RAG] Gemma 이미지 설명 완료 (page=2, 23.2s): 1396자
[RAG] Gemma 이미지 설명 완료 (page=2, 23.0s): 1414자
[RAG] Gemma 이미지 설명 완료 (page=2, 23.4s): 1409자
[RAG] Gemma 이미지 설명 완료 (page=2, 23.8s): 1541자
[RAG] Gemma 이미지 설명 완료 (page=2, 21.8s): 1399자
[RAG] Gemma 이미지 설명 완료 (page=2, 22.0s): 1484자
[RAG] Gemma 이미지 설명 완료 (page=3, 19.8s): 1563자
[RAG] Gemma 이미지 설명 완료 (page=3, 32.6s): 2138자
[RAG] Gemma 이미지 설명 완료 (page=3, 19.2s): 1173자
[RAG] Gemma 이미지 설명 완료 (page=3, 26.1s): 1824자
[RAG] Gemma 이미지 설명 완료 (page=3, 21.2s): 1489자
[RAG] Gemma 이미지 설명 완료 (page=3, 24.5s): 1578자
[RAG] Gemma 이미지 설명 완료 (page=3, 18.3s): 1045자
[RAG] Gemma 이미지 설명 완료 (page=3, 20.1s): 1338자
[RAG] Gemma 이미지 설명 완료 (page=3, 20.3s): 1558자
[RAG] Gemma 이미지 설명 완료 (page=3, 20.1s): 1182자
[RAG] Gemma 이미지 설명 완료 (page=3, 22.8s): 1622자
[RAG] Gemma 이미지 설명 완료 (page=3, 20.5s): 1343자
[RAG] Gemma 이미지 설명 완료 (page=3, 20.9s): 1284자
[RAG] Gemma 이미지 설명 완료 (page=3, 20.7s): 1394자
[RAG] Gemma 이미지 설명 완료 (page=3, 23.2s): 1314자
[RAG] Gemma 이미지 설명 완료 (page=3, 25.0s): 1621자
[RAG] Gemma 이미지 설명 완료 (page=3, 18.5s): 1117자
[RAG] Gemma 이미지 설명 완료 (page=3, 20.9s): 1161자
[RAG] Gemma 이미지 설명 완료 (page=3, 21.0s): 1405자
[RAG] Gemma 이미지 설명 완료 (page=3, 21.0s): 1462자
[RAG] Gemma 이미지 설명 완료 (page=3, 19.7s): 1318자
[RAG] Gemma 이미지 설명 완료 (page=3, 20.4s): 1169자
[RAG] Gemma 이미지 설명 완료 (page=3, 19.1s): 1172자
[RAG] Gemma 이미지 설명 완료 (page=3, 16.9s): 764자
[RAG] Gemma 이미지 설명 완료 (page=3, 19.5s): 1197자
[RAG] Gemma 이미지 설명 완료 (page=3, 23.6s): 1630자
[RAG] Gemma 이미지 설명 완료 (page=3, 24.8s): 1849자
[RAG] Gemma 이미지 설명 완료 (page=3, 25.3s): 1709자
[RAG] Gemma 이미지 설명 완료 (page=3, 19.5s): 1225자
[RAG] Gemma 이미지 설명 완료 (page=3, 22.3s): 1504자
[RAG] Gemma 이미지 설명 완료 (page=3, 19.3s): 1216자
[RAG] Gemma 이미지 설명 완료 (page=3, 18.0s): 1031자
[RAG] Gemma 이미지 설명 완료 (page=3, 23.0s): 1274자
[RAG] Gemma 이미지 설명 완료 (page=3, 17.9s): 1093자
[RAG] Gemma 이미지 설명 완료 (page=3, 21.9s): 1566자
[RAG] Gemma 이미지 설명 완료 (page=3, 19.5s): 1098자
[RAG] Gemma 이미지 설명 완료 (page=3, 19.6s): 1146자
[RAG] Gemma 이미지 설명 완료 (page=3, 22.2s): 1422자
[RAG] Gemma 이미지 설명 완료 (page=3, 22.2s): 1350자
[RAG] Gemma 이미지 설명 완료 (page=3, 19.6s): 1168자
[RAG] Gemma 이미지 설명 완료 (page=3, 21.8s): 1369자
[RAG] Gemma 이미지 설명 완료 (page=3, 18.4s): 1121자
[RAG] Gemma 이미지 설명 완료 (page=3, 24.9s): 1448자
[RAG] Gemma 이미지 설명 완료 (page=3, 22.2s): 1383자
[RAG] Gemma 이미지 설명 완료 (page=3, 20.9s): 1293자
[RAG] Gemma 이미지 설명 완료 (page=3, 21.9s): 1467자
[RAG] Gemma 이미지 설명 완료 (page=3, 22.6s): 1481자
[RAG] Gemma 이미지 설명 완료 (page=3, 20.8s): 1178자
[RAG] Gemma 이미지 설명 완료 (page=3, 24.7s): 1563자
[RAG] Gemma 이미지 설명 완료 (page=3, 22.3s): 1555자
[RAG] Gemma 이미지 설명 완료 (page=3, 20.4s): 1219자
[RAG] Gemma 이미지 설명 완료 (page=3, 22.0s): 1565자
[RAG] Gemma 이미지 설명 완료 (page=3, 25.6s): 1861자
[RAG] Gemma 이미지 설명 완료 (page=3, 30.0s): 2187자
[RAG] Gemma 이미지 설명 완료 (page=3, 18.0s): 1143자
[RAG] Gemma 이미지 설명 완료 (page=3, 22.6s): 1281자
[RAG] Gemma 이미지 설명 완료 (page=3, 22.5s): 1593자
[RAG] Gemma 이미지 설명 완료 (page=3, 20.2s): 1229자
[RAG] Gemma 이미지 설명 완료 (page=3, 21.3s): 1225자
[RAG] Gemma 이미지 설명 완료 (page=3, 17.4s): 1046자
[RAG] Gemma 이미지 설명 완료 (page=3, 23.4s): 1589자
[RAG] Gemma 이미지 설명 완료 (page=3, 22.0s): 1228자
[RAG] Gemma 이미지 설명 완료 (page=3, 23.4s): 1567자
[RAG] Gemma 이미지 설명 완료 (page=3, 21.2s): 1198자
[RAG] Gemma 이미지 설명 완료 (page=3, 19.3s): 1154자
[RAG] Gemma 이미지 설명 완료 (page=3, 19.5s): 1029자
[RAG] Gemma 이미지 설명 완료 (page=3, 20.3s): 1214자
[RAG] Gemma 이미지 설명 완료 (page=3, 24.0s): 1479자
[RAG] Gemma 이미지 설명 완료 (page=3, 21.5s): 1515자
[RAG] Gemma 이미지 설명 완료 (page=3, 21.7s): 1399자
[RAG] Gemma 이미지 설명 완료 (page=3, 25.5s): 1798자
[RAG] Gemma 이미지 설명 완료 (page=3, 20.7s): 1204자
[RAG] Gemma 이미지 설명 완료 (page=4, 24.4s): 1899자
[RAG] Gemma 이미지 설명 완료 (page=4, 31.9s): 1947자
[RAG] Gemma 이미지 설명 완료 (page=4, 23.7s): 1465자
[RAG] Gemma 이미지 설명 완료 (page=4, 20.2s): 1494자
[RAG] Gemma 이미지 설명 완료 (page=4, 17.5s): 1153자
[RAG] Gemma 이미지 설명 완료 (page=4, 24.0s): 1536자
[RAG] Gemma 이미지 설명 완료 (page=4, 22.5s): 1303자
[RAG] Gemma 이미지 설명 완료 (page=4, 24.2s): 1657자
[RAG] Gemma 이미지 설명 완료 (page=4, 23.2s): 1598자
[RAG] Gemma 이미지 설명 완료 (page=4, 17.3s): 1059자
[RAG] Gemma 이미지 설명 완료 (page=4, 19.0s): 1358자
[RAG] Gemma 이미지 설명 완료 (page=4, 24.0s): 1664자
[RAG] Gemma 이미지 설명 완료 (page=4, 20.9s): 1445자
[RAG] Gemma 이미지 설명 완료 (page=4, 20.2s): 1441자
[RAG] Gemma 이미지 설명 완료 (page=4, 22.0s): 1597자
[RAG] Gemma 이미지 설명 완료 (page=4, 20.3s): 1324자
[RAG] Gemma 이미지 설명 완료 (page=4, 22.6s): 1577자
[RAG] Gemma 이미지 설명 완료 (page=4, 22.6s): 1464자
[RAG] Gemma 이미지 설명 완료 (page=4, 18.9s): 1182자
[RAG] Gemma 이미지 설명 완료 (page=4, 20.2s): 1443자
[RAG] Gemma 이미지 설명 완료 (page=4, 25.8s): 1715자
[RAG] Gemma 이미지 설명 완료 (page=4, 21.5s): 1397자
[RAG] Gemma 이미지 설명 완료 (page=4, 22.7s): 1742자
[RAG] Gemma 이미지 설명 완료 (page=4, 19.1s): 1263자
[RAG] Gemma 이미지 설명 완료 (page=4, 23.6s): 1623자
[RAG] Gemma 이미지 설명 완료 (page=4, 19.5s): 1371자
[RAG] Gemma 이미지 설명 완료 (page=4, 23.4s): 1795자
[RAG] Gemma 이미지 설명 완료 (page=4, 22.3s): 1523자
[RAG] Gemma 이미지 설명 완료 (page=4, 22.9s): 1716자
[RAG] Gemma 이미지 설명 완료 (page=4, 20.5s): 1502자
[RAG] Gemma 이미지 설명 완료 (page=4, 28.5s): 2220자
[RAG] Gemma 이미지 설명 완료 (page=4, 22.9s): 1355자
[RAG] Gemma 이미지 설명 완료 (page=4, 19.9s): 1195자
[RAG] Gemma 이미지 설명 완료 (page=4, 23.4s): 1616자
[RAG] Gemma 이미지 설명 완료 (page=4, 23.2s): 1500자
[RAG] Gemma 이미지 설명 완료 (page=4, 25.1s): 1813자
[RAG] Gemma 이미지 설명 완료 (page=4, 28.2s): 1807자
[RAG] Gemma 이미지 설명 완료 (page=4, 25.3s): 1934자
[RAG] Gemma 이미지 설명 완료 (page=4, 21.3s): 1395자
[RAG] Gemma 이미지 설명 완료 (page=4, 19.3s): 1094자
[RAG] Gemma 이미지 설명 완료 (page=4, 19.8s): 1204자
[RAG] Gemma 이미지 설명 완료 (page=4, 22.3s): 1218자
[RAG] Gemma 이미지 설명 완료 (page=4, 24.4s): 1759자
[RAG] Gemma 이미지 설명 완료 (page=4, 20.9s): 1220자
[RAG] Gemma 이미지 설명 완료 (page=4, 21.5s): 1386자
[RAG] Gemma 이미지 설명 완료 (page=4, 20.8s): 1206자
[RAG] Gemma 이미지 설명 완료 (page=4, 20.2s): 1274자
[RAG] Gemma 이미지 설명 완료 (page=4, 21.4s): 1337자
[RAG] Gemma 이미지 설명 완료 (page=4, 22.0s): 1363자
[RAG] Gemma 이미지 설명 완료 (page=4, 25.6s): 1695자
[RAG] Gemma 이미지 설명 완료 (page=4, 19.7s): 1297자
[RAG] Gemma 이미지 설명 완료 (page=4, 18.3s): 1162자
[RAG] Gemma 이미지 설명 완료 (page=4, 17.2s): 995자
[RAG] Gemma 이미지 설명 완료 (page=4, 18.8s): 1028자
[RAG] Gemma 이미지 설명 완료 (page=4, 19.5s): 1247자
[RAG] Gemma 이미지 설명 완료 (page=4, 25.0s): 1398자
[RAG] Gemma 이미지 설명 완료 (page=4, 20.6s): 1437자
[RAG] Gemma 이미지 설명 완료 (page=4, 21.3s): 1432자
[RAG] Gemma 이미지 설명 완료 (page=4, 24.8s): 1686자
[RAG] Gemma 이미지 설명 완료 (page=4, 21.8s): 1468자
[RAG] Gemma 이미지 설명 완료 (page=4, 20.6s): 1271자
[RAG] Gemma 이미지 설명 완료 (page=4, 21.1s): 1459자
[RAG] Gemma 이미지 설명 완료 (page=4, 23.6s): 1549자
[RAG] Gemma 이미지 설명 완료 (page=4, 21.8s): 1399자
[RAG] Gemma 이미지 설명 완료 (page=4, 18.3s): 1280자
[RAG] Gemma 이미지 설명 완료 (page=5, 20.6s): 1341자
[RAG] Gemma 이미지 설명 완료 (page=5, 26.8s): 2003자
[RAG] Gemma 이미지 설명 완료 (page=5, 20.4s): 1120자
[RAG] Gemma 이미지 설명 완료 (page=5, 19.3s): 1289자
[RAG] Gemma 이미지 설명 완료 (page=5, 21.5s): 1481자
[RAG] Gemma 이미지 설명 완료 (page=5, 37.1s): 2484자
[RAG] Gemma 이미지 설명 완료 (page=5, 20.2s): 1284자
[RAG] Gemma 이미지 설명 완료 (page=5, 16.1s): 1087자
[RAG] Gemma 이미지 설명 완료 (page=5, 20.9s): 1322자
[RAG] Gemma 이미지 설명 완료 (page=5, 26.0s): 1915자
[RAG] Gemma 이미지 설명 완료 (page=5, 18.9s): 1265자
[RAG] Gemma 이미지 설명 완료 (page=5, 18.5s): 1136자
[RAG] Gemma 이미지 설명 완료 (page=5, 30.8s): 2135자
[RAG] Gemma 이미지 설명 완료 (page=5, 31.0s): 2057자
[RAG] Gemma 이미지 설명 완료 (page=5, 19.8s): 1331자
[RAG] Gemma 이미지 설명 완료 (page=5, 17.4s): 1101자
[RAG] Gemma 이미지 설명 완료 (page=5, 25.1s): 1764자
[RAG] Gemma 이미지 설명 완료 (page=5, 25.8s): 1865자
[RAG] Gemma 이미지 설명 완료 (page=5, 24.2s): 1708자
[RAG] Gemma 이미지 설명 완료 (page=5, 23.8s): 1602자
[RAG] Gemma 이미지 설명 완료 (page=5, 18.4s): 1204자
[RAG] Gemma 이미지 설명 완료 (page=5, 22.8s): 1591자
[RAG] Gemma 이미지 설명 완료 (page=5, 22.2s): 1735자
[RAG] Gemma 이미지 설명 완료 (page=5, 20.8s): 1501자
[RAG] Gemma 이미지 설명 완료 (page=5, 22.7s): 1628자
[RAG] Gemma 이미지 설명 완료 (page=5, 20.8s): 1184자
[RAG] Gemma 이미지 설명 완료 (page=5, 21.8s): 1465자
[RAG] Gemma 이미지 설명 완료 (page=5, 18.9s): 1341자
[RAG] Gemma 이미지 설명 완료 (page=5, 30.1s): 2259자
[RAG] Gemma 이미지 설명 완료 (page=5, 23.6s): 1594자
[RAG] Gemma 이미지 설명 완료 (page=5, 18.7s): 1147자
[RAG] Gemma 이미지 설명 완료 (page=5, 23.2s): 1595자
[RAG] Gemma 이미지 설명 완료 (page=5, 20.1s): 1304자
[RAG] Gemma 이미지 설명 완료 (page=5, 25.7s): 1877자
[RAG] Gemma 이미지 설명 완료 (page=5, 20.1s): 1291자
[RAG] Gemma 이미지 설명 완료 (page=5, 17.5s): 971자
[RAG] Gemma 이미지 설명 완료 (page=5, 21.1s): 1347자
[RAG] Gemma 이미지 설명 완료 (page=5, 21.6s): 1359자
[RAG] Gemma 이미지 설명 완료 (page=5, 19.8s): 1285자
[RAG] Gemma 이미지 설명 완료 (page=5, 18.0s): 1213자
[RAG] Gemma 이미지 설명 완료 (page=5, 21.7s): 1386자
[RAG] Gemma 이미지 설명 완료 (page=5, 21.5s): 1209자
[RAG] Gemma 이미지 설명 완료 (page=5, 21.4s): 1499자
[RAG] Gemma 이미지 설명 완료 (page=5, 24.0s): 1807자
[RAG] Gemma 이미지 설명 완료 (page=5, 21.8s): 1598자
[RAG] Gemma 이미지 설명 완료 (page=5, 16.5s): 864자
[RAG] Gemma 이미지 설명 완료 (page=5, 25.8s): 1872자
[RAG] Gemma 이미지 설명 완료 (page=5, 20.5s): 1279자
[RAG] Gemma 이미지 설명 완료 (page=5, 19.6s): 1383자
[RAG] Gemma 이미지 설명 완료 (page=5, 20.0s): 1397자
[RAG] Gemma 이미지 설명 완료 (page=5, 21.8s): 1534자
[RAG] Gemma 이미지 설명 완료 (page=5, 22.3s): 1498자
[RAG] Gemma 이미지 설명 완료 (page=5, 14.6s): 585자
[RAG] Gemma 이미지 설명 완료 (page=5, 21.3s): 1281자
[RAG] Gemma 이미지 설명 완료 (page=5, 20.1s): 1432자
[RAG] Gemma 이미지 설명 완료 (page=5, 25.8s): 2194자
[RAG] Gemma 이미지 설명 완료 (page=5, 18.3s): 1066자
[RAG] Gemma 이미지 설명 완료 (page=5, 21.8s): 1399자
[RAG] Gemma 이미지 설명 완료 (page=5, 20.1s): 1439자
[RAG] Gemma 이미지 설명 완료 (page=6, 19.4s): 1464자
[RAG] Gemma 이미지 설명 완료 (page=6, 39.8s): 2727자
[RAG] Gemma 이미지 설명 완료 (page=6, 30.7s): 2067자
[RAG] Gemma 이미지 설명 완료 (page=6, 27.5s): 1966자
[RAG] Gemma 이미지 설명 완료 (page=6, 18.1s): 1119자
[RAG] Gemma 이미지 설명 완료 (page=6, 22.6s): 1540자
[RAG] Gemma 이미지 설명 완료 (page=6, 23.5s): 1667자
[RAG] Gemma 이미지 설명 완료 (page=6, 21.9s): 1425자
[RAG] Gemma 이미지 설명 완료 (page=6, 24.1s): 1323자
[RAG] Gemma 이미지 설명 완료 (page=6, 22.8s): 1598자
[RAG] Gemma 이미지 설명 완료 (page=6, 29.4s): 1900자
[RAG] Gemma 이미지 설명 완료 (page=6, 21.0s): 1408자
[RAG] Gemma 이미지 설명 완료 (page=6, 20.3s): 1419자
[RAG] Gemma 이미지 설명 완료 (page=6, 20.9s): 1765자
[RAG] Gemma 이미지 설명 완료 (page=6, 24.8s): 1708자
[RAG] Gemma 이미지 설명 완료 (page=6, 24.4s): 1562자
[RAG] Gemma 이미지 설명 완료 (page=6, 22.6s): 1529자
[RAG] Gemma 이미지 설명 완료 (page=6, 20.0s): 1321자
[RAG] Gemma 이미지 설명 완료 (page=6, 23.3s): 1396자
[RAG] Gemma 이미지 설명 완료 (page=6, 20.5s): 1114자
[RAG] Gemma 이미지 설명 완료 (page=6, 18.7s): 1242자
[RAG] Gemma 이미지 설명 완료 (page=6, 19.0s): 928자
[RAG] Gemma 이미지 설명 완료 (page=6, 22.8s): 1476자
[RAG] Gemma 이미지 설명 완료 (page=6, 20.0s): 1116자
[RAG] Gemma 이미지 설명 완료 (page=6, 21.9s): 1464자
[RAG] Gemma 이미지 설명 완료 (page=6, 21.2s): 1339자
[RAG] Gemma 이미지 설명 완료 (page=6, 19.7s): 1120자
[RAG] Gemma 이미지 설명 완료 (page=6, 23.3s): 1557자
[RAG] Gemma 이미지 설명 완료 (page=6, 19.0s): 1163자
[RAG] Gemma 이미지 설명 완료 (page=6, 22.3s): 1393자
[RAG] Gemma 이미지 설명 완료 (page=6, 21.8s): 1394자
[RAG] Gemma 이미지 설명 완료 (page=6, 30.2s): 2234자
[RAG] Gemma 이미지 설명 완료 (page=6, 27.3s): 1956자
[RAG] Gemma 이미지 설명 완료 (page=6, 31.3s): 2355자
[RAG] Gemma 이미지 설명 완료 (page=6, 26.6s): 1657자
[RAG] Gemma 이미지 설명 완료 (page=6, 35.4s): 2394자
[RAG] Gemma 이미지 설명 완료 (page=6, 20.7s): 1421자
[RAG] Gemma 이미지 설명 완료 (page=6, 19.8s): 1230자
[RAG] Gemma 이미지 설명 완료 (page=6, 22.3s): 1393자
[RAG] Gemma 이미지 설명 완료 (page=6, 29.0s): 2259자
[RAG] Gemma 이미지 설명 완료 (page=6, 20.6s): 1424자
[RAG] Gemma 이미지 설명 완료 (page=6, 20.8s): 1405자
[RAG] Gemma 이미지 설명 완료 (page=6, 21.8s): 1539자
[RAG] Gemma 이미지 설명 완료 (page=6, 20.4s): 1318자
[RAG] Gemma 이미지 설명 완료 (page=6, 19.0s): 1261자
[RAG] Gemma 이미지 설명 완료 (page=6, 27.5s): 1803자
[RAG] Gemma 이미지 설명 완료 (page=6, 24.8s): 1591자
[RAG] Gemma 이미지 설명 완료 (page=6, 29.3s): 2274자
[RAG] Gemma 이미지 설명 완료 (page=6, 17.9s): 1085자
[RAG] Gemma 이미지 설명 완료 (page=6, 18.7s): 1209자
[RAG] Gemma 이미지 설명 완료 (page=6, 20.2s): 1223자
[RAG] Gemma 이미지 설명 완료 (page=6, 20.8s): 1459자
[RAG] Gemma 이미지 설명 완료 (page=6, 18.3s): 990자
[RAG] Gemma 이미지 설명 완료 (page=6, 20.1s): 1202자
[RAG] Gemma 이미지 설명 완료 (page=6, 20.0s): 1350자
[RAG] Gemma 이미지 설명 완료 (page=6, 33.5s): 2139자
[RAG] Gemma 이미지 설명 완료 (page=6, 21.8s): 1579자
[RAG] Gemma 이미지 설명 완료 (page=6, 23.4s): 1420자
[RAG] Gemma 이미지 설명 완료 (page=6, 19.6s): 1477자
[RAG] Gemma 이미지 설명 완료 (page=6, 26.5s): 1912자
[RAG] Gemma 이미지 설명 완료 (page=6, 23.9s): 1610자
[RAG] Gemma 이미지 설명 완료 (page=6, 24.4s): 1750자
[RAG] Gemma 이미지 설명 완료 (page=6, 23.7s): 1625자
[RAG] Gemma 이미지 설명 완료 (page=6, 23.2s): 1604자
[RAG] Gemma 이미지 설명 완료 (page=6, 21.9s): 1702자
[RAG] Gemma 이미지 설명 완료 (page=6, 22.4s): 1417자
[RAG] Gemma 이미지 설명 완료 (page=6, 18.8s): 1281자
[RAG] Gemma 이미지 설명 완료 (page=6, 21.2s): 1407자
[RAG] Gemma 이미지 설명 완료 (page=6, 21.3s): 1368자
[RAG] Gemma 이미지 설명 완료 (page=6, 20.9s): 1461자
[RAG] Gemma 이미지 설명 완료 (page=6, 17.6s): 1125자
[RAG] Gemma 이미지 설명 완료 (page=6, 21.2s): 1486자
[RAG] Gemma 이미지 설명 완료 (page=6, 18.5s): 1242자
[RAG] Gemma 이미지 설명 완료 (page=6, 20.6s): 1329자
[RAG] Gemma 이미지 설명 완료 (page=6, 23.9s): 1550자
[RAG] Gemma 이미지 설명 완료 (page=6, 21.9s): 1326자
[RAG] Gemma 이미지 설명 완료 (page=6, 22.0s): 1522자
[RAG] Gemma 이미지 설명 완료 (page=6, 21.1s): 1506자
[RAG] Gemma 이미지 설명 완료 (page=6, 21.9s): 1351자
[RAG] Gemma 이미지 설명 완료 (page=6, 20.5s): 1269자
[RAG] Gemma 이미지 설명 완료 (page=6, 26.6s): 1942자
[RAG] Gemma 이미지 설명 완료 (page=6, 31.8s): 2385자
[RAG] Gemma 이미지 설명 완료 (page=6, 20.0s): 1210자
[RAG] Gemma 이미지 설명 완료 (page=6, 20.9s): 1526자
[RAG] Gemma 이미지 설명 완료 (page=6, 21.0s): 1500자
[RAG] Gemma 이미지 설명 완료 (page=6, 37.3s): 2986자
[RAG] Gemma 이미지 설명 완료 (page=6, 21.4s): 1791자
[RAG] Gemma 이미지 설명 완료 (page=6, 21.2s): 1428자
[RAG] Gemma 이미지 설명 완료 (page=6, 30.2s): 2249자
[RAG] Gemma 이미지 설명 완료 (page=6, 30.9s): 2098자
[RAG] Gemma 이미지 설명 완료 (page=6, 20.9s): 1309자
[RAG] Gemma 이미지 설명 완료 (page=6, 23.8s): 1642자
[RAG] Gemma 이미지 설명 완료 (page=6, 19.4s): 1280자
[RAG] Gemma 이미지 설명 완료 (page=6, 23.7s): 1739자
[RAG] Gemma 이미지 설명 완료 (page=6, 17.3s): 929자
[RAG] Gemma 이미지 설명 완료 (page=6, 20.4s): 1350자
[RAG] Gemma 이미지 설명 완료 (page=6, 19.8s): 1215자
[RAG] Gemma 이미지 설명 완료 (page=6, 19.0s): 1286자
[RAG] Gemma 이미지 설명 완료 (page=6, 17.1s): 858자
[RAG] Gemma 이미지 설명 완료 (page=6, 20.9s): 1307자
[RAG] Gemma 이미지 설명 완료 (page=6, 21.7s): 1341자
[RAG] Gemma 이미지 설명 완료 (page=6, 20.4s): 1292자
[RAG] Gemma 이미지 설명 완료 (page=6, 22.6s): 1323자
[RAG] Gemma 이미지 설명 완료 (page=6, 20.5s): 1436자
[RAG] Gemma 이미지 설명 완료 (page=6, 26.6s): 2184자
[RAG] Gemma 이미지 설명 완료 (page=6, 30.5s): 2211자
[RAG] Gemma 이미지 설명 완료 (page=6, 20.8s): 1462자
[RAG] Gemma 이미지 설명 완료 (page=6, 21.3s): 1294자
[RAG] Gemma 이미지 설명 완료 (page=6, 22.5s): 1508자
[RAG] Gemma 이미지 설명 완료 (page=6, 17.1s): 1105자
[RAG] Gemma 이미지 설명 완료 (page=6, 18.6s): 1081자
[RAG] Gemma 이미지 설명 완료 (page=6, 19.2s): 1236자
[RAG] Gemma 이미지 설명 완료 (page=6, 21.8s): 1399자
[RAG] Gemma 이미지 설명 완료 (page=6, 22.4s): 1449자
[RAG] Gemma 이미지 설명 완료 (page=7, 11.7s): 593자
[RAG] Gemma 이미지 설명 완료 (page=7, 21.8s): 1647자
[RAG] Gemma 이미지 설명 완료 (page=7, 40.6s): 2264자
[RAG] Gemma 이미지 설명 완료 (page=7, 22.5s): 1388자
[RAG] Gemma 이미지 설명 완료 (page=7, 20.2s): 1236자
[RAG] Gemma 이미지 설명 완료 (page=7, 23.6s): 1636자
[RAG] Gemma 이미지 설명 완료 (page=7, 22.9s): 1275자
[RAG] Gemma 이미지 설명 완료 (page=7, 19.4s): 1218자
[RAG] Gemma 이미지 설명 완료 (page=7, 20.4s): 1207자
[RAG] Gemma 이미지 설명 완료 (page=7, 21.3s): 1495자
[RAG] Gemma 이미지 설명 완료 (page=7, 18.9s): 1201자
[RAG] Gemma 이미지 설명 완료 (page=7, 28.9s): 1872자
[RAG] Gemma 이미지 설명 완료 (page=7, 30.9s): 2189자
[RAG] Gemma 이미지 설명 완료 (page=7, 28.6s): 1748자
[RAG] Gemma 이미지 설명 완료 (page=7, 21.4s): 1447자
[RAG] Gemma 이미지 설명 완료 (page=7, 26.4s): 1913자
[RAG] Gemma 이미지 설명 완료 (page=7, 23.0s): 1555자
[RAG] Gemma 이미지 설명 완료 (page=7, 20.6s): 1205자
[RAG] Gemma 이미지 설명 완료 (page=7, 21.8s): 1495자
[RAG] Gemma 이미지 설명 완료 (page=7, 20.8s): 1333자
[RAG] Gemma 이미지 설명 완료 (page=7, 20.3s): 1362자
[RAG] Gemma 이미지 설명 완료 (page=7, 23.8s): 1657자
[RAG] Gemma 이미지 설명 완료 (page=7, 21.4s): 1382자
[RAG] Gemma 이미지 설명 완료 (page=7, 22.1s): 1264자
[RAG] Gemma 이미지 설명 완료 (page=7, 24.0s): 1643자
[RAG] Gemma 이미지 설명 완료 (page=7, 22.3s): 1316자
[RAG] Gemma 이미지 설명 완료 (page=7, 20.2s): 1103자
[RAG] Gemma 이미지 설명 완료 (page=7, 18.8s): 1257자
[RAG] Gemma 이미지 설명 완료 (page=7, 18.3s): 1103자
[RAG] Gemma 이미지 설명 완료 (page=7, 21.3s): 1340자
[RAG] Gemma 이미지 설명 완료 (page=7, 20.0s): 1015자
[RAG] Gemma 이미지 설명 완료 (page=7, 18.9s): 1253자
[RAG] Gemma 이미지 설명 완료 (page=7, 26.1s): 1924자
[RAG] Gemma 이미지 설명 완료 (page=7, 19.8s): 1118자
[RAG] Gemma 이미지 설명 완료 (page=7, 22.4s): 1545자
[RAG] Gemma 이미지 설명 완료 (page=7, 20.0s): 1139자
[RAG] Gemma 이미지 설명 완료 (page=7, 22.1s): 1346자
[RAG] Gemma 이미지 설명 완료 (page=7, 18.1s): 1305자
[RAG] Gemma 이미지 설명 완료 (page=7, 19.7s): 1126자
[RAG] Gemma 이미지 설명 완료 (page=7, 24.7s): 1658자
[RAG] Gemma 이미지 설명 완료 (page=7, 23.8s): 1562자
[RAG] Gemma 이미지 설명 완료 (page=7, 20.1s): 1299자
[RAG] Gemma 이미지 설명 완료 (page=7, 21.0s): 1350자
[RAG] Gemma 이미지 설명 완료 (page=7, 19.4s): 1166자
[RAG] Gemma 이미지 설명 완료 (page=7, 19.9s): 1056자
[RAG] Gemma 이미지 설명 완료 (page=7, 26.3s): 1792자
[RAG] Gemma 이미지 설명 완료 (page=7, 21.3s): 1394자
[RAG] Gemma 이미지 설명 완료 (page=7, 20.7s): 1325자
[RAG] Gemma 이미지 설명 완료 (page=7, 23.3s): 1529자
[RAG] Gemma 이미지 설명 완료 (page=7, 20.5s): 1338자
[RAG] Gemma 이미지 설명 완료 (page=7, 24.1s): 1505자
[RAG] Gemma 이미지 설명 완료 (page=7, 21.3s): 1388자
[RAG] Gemma 이미지 설명 완료 (page=7, 20.3s): 1174자
[RAG] Gemma 이미지 설명 완료 (page=7, 22.8s): 1293자
[RAG] Gemma 이미지 설명 완료 (page=7, 11.5s): 526자
[RAG] Gemma 이미지 설명 완료 (page=7, 25.9s): 1878자
[RAG] Gemma 이미지 설명 완료 (page=7, 26.4s): 1686자
[RAG] Gemma 이미지 설명 완료 (page=7, 15.3s): 813자
[RAG] Gemma 이미지 설명 완료 (page=7, 20.5s): 1228자
[RAG] Gemma 이미지 설명 완료 (page=7, 17.6s): 1020자
[RAG] Gemma 이미지 설명 완료 (page=7, 22.4s): 1316자
[RAG] Gemma 이미지 설명 완료 (page=7, 21.7s): 1310자
[RAG] Gemma 이미지 설명 완료 (page=7, 18.9s): 1214자
[RAG] Gemma 이미지 설명 완료 (page=7, 22.8s): 1400자
[RAG] Gemma 이미지 설명 완료 (page=7, 21.3s): 1234자
[RAG] Gemma 이미지 설명 완료 (page=7, 23.8s): 1829자
[RAG] Gemma 이미지 설명 완료 (page=7, 21.2s): 1074자
[RAG] Gemma 이미지 설명 완료 (page=7, 11.5s): 526자
[RAG] Gemma 이미지 설명 완료 (page=7, 21.7s): 1338자
[RAG] Gemma 이미지 설명 완료 (page=7, 25.1s): 1784자
[RAG] Gemma 이미지 설명 완료 (page=7, 24.6s): 1858자
[RAG] Gemma 이미지 설명 완료 (page=7, 24.8s): 1604자
[RAG] Gemma 이미지 설명 완료 (page=7, 20.0s): 1237자
[RAG] Gemma 이미지 설명 완료 (page=7, 20.0s): 1193자
[RAG] Gemma 이미지 설명 완료 (page=7, 18.4s): 1074자
[RAG] Gemma 이미지 설명 완료 (page=7, 20.3s): 1401자
[RAG] Gemma 이미지 설명 완료 (page=7, 21.3s): 1218자
[RAG] Gemma 이미지 설명 완료 (page=7, 18.1s): 962자
[RAG] Gemma 이미지 설명 완료 (page=7, 19.1s): 1137자
[RAG] Gemma 이미지 설명 완료 (page=7, 23.0s): 1785자
[RAG] Gemma 이미지 설명 완료 (page=7, 23.3s): 1277자
[RAG] Gemma 이미지 설명 완료 (page=7, 19.7s): 1262자
[RAG] Gemma 이미지 설명 완료 (page=7, 23.0s): 1586자
[RAG] Gemma 이미지 설명 완료 (page=7, 19.1s): 1143자
[RAG] Gemma 이미지 설명 완료 (page=7, 17.9s): 1011자
[RAG] Gemma 이미지 설명 완료 (page=7, 23.6s): 1556자
[RAG] Gemma 이미지 설명 완료 (page=7, 20.8s): 1265자
[RAG] Gemma 이미지 설명 완료 (page=7, 20.0s): 1205자
[RAG] Gemma 이미지 설명 완료 (page=7, 13.4s): 527자
[RAG] Gemma 이미지 설명 완료 (page=7, 22.1s): 1321자
[RAG] Gemma 이미지 설명 완료 (page=7, 16.4s): 903자
[RAG] Gemma 이미지 설명 완료 (page=7, 22.2s): 1426자
[RAG] Gemma 이미지 설명 완료 (page=7, 22.4s): 1375자
[RAG] Gemma 이미지 설명 완료 (page=7, 21.2s): 1378자
[RAG] Gemma 이미지 설명 완료 (page=7, 20.4s): 1361자
[RAG] Gemma 이미지 설명 완료 (page=7, 18.3s): 1142자
[RAG] Gemma 이미지 설명 완료 (page=7, 22.9s): 1533자
[RAG] Gemma 이미지 설명 완료 (page=7, 19.4s): 1205자
[RAG] Gemma 이미지 설명 완료 (page=7, 24.1s): 1710자
[RAG] Gemma 이미지 설명 완료 (page=7, 21.7s): 1292자
[RAG] Gemma 이미지 설명 완료 (page=7, 22.6s): 1551자
[RAG] Gemma 이미지 설명 완료 (page=7, 20.4s): 1346자
[RAG] Gemma 이미지 설명 완료 (page=7, 23.0s): 1313자
[RAG] Gemma 이미지 설명 완료 (page=7, 21.0s): 1368자
[RAG] Gemma 이미지 설명 완료 (page=7, 17.9s): 1191자
[RAG] Gemma 이미지 설명 완료 (page=7, 24.2s): 1544자
[RAG] Gemma 이미지 설명 완료 (page=7, 17.9s): 1215자
[RAG] Gemma 이미지 설명 완료 (page=7, 18.5s): 1214자
[RAG] Gemma 이미지 설명 완료 (page=7, 20.5s): 1346자
[RAG] Gemma 이미지 설명 완료 (page=7, 24.3s): 1698자
[RAG] Gemma 이미지 설명 완료 (page=7, 23.2s): 1343자
[RAG] Gemma 이미지 설명 완료 (page=7, 25.1s): 1845자
[RAG] Gemma 이미지 설명 완료 (page=7, 20.6s): 1250자
[RAG] Gemma 이미지 설명 완료 (page=7, 22.1s): 1514자
[RAG] Gemma 이미지 설명 완료 (page=7, 20.7s): 1406자
[RAG] Gemma 이미지 설명 완료 (page=7, 20.4s): 1406자
[RAG] Gemma 이미지 설명 완료 (page=7, 22.4s): 1244자
[RAG] Gemma 이미지 설명 완료 (page=7, 24.6s): 1937자
[RAG] Gemma 이미지 설명 완료 (page=7, 20.0s): 1219자
[RAG] Gemma 이미지 설명 완료 (page=7, 19.3s): 1170자
[RAG] Gemma 이미지 설명 완료 (page=7, 23.0s): 1647자
[RAG] Gemma 이미지 설명 완료 (page=7, 25.3s): 1762자
[RAG] Gemma 이미지 설명 완료 (page=7, 24.5s): 1817자
[RAG] Gemma 이미지 설명 완료 (page=7, 20.0s): 1226자
[RAG] Gemma 이미지 설명 완료 (page=7, 20.3s): 1385자
[RAG] Gemma 이미지 설명 완료 (page=7, 22.8s): 1373자
[RAG] Gemma 이미지 설명 완료 (page=7, 22.7s): 1579자
[RAG] Gemma 이미지 설명 완료 (page=7, 17.2s): 915자
[RAG] Gemma 이미지 설명 완료 (page=7, 22.6s): 1517자
[RAG] Gemma 이미지 설명 완료 (page=7, 20.3s): 1368자
[RAG] Gemma 이미지 설명 완료 (page=7, 20.9s): 1460자
[RAG] Gemma 이미지 설명 완료 (page=7, 22.3s): 1475자
[RAG] Gemma 이미지 설명 완료 (page=7, 19.5s): 1356자
[RAG] Gemma 이미지 설명 완료 (page=7, 21.5s): 1388자
[RAG] Gemma 이미지 설명 완료 (page=7, 22.5s): 1533자
[RAG] Gemma 이미지 설명 완료 (page=7, 19.1s): 1183자
[RAG] Gemma 이미지 설명 완료 (page=7, 19.2s): 1119자
[RAG] Gemma 이미지 설명 완료 (page=7, 23.3s): 1596자
[RAG] Gemma 이미지 설명 완료 (page=7, 19.6s): 1068자
[RAG] Gemma 이미지 설명 완료 (page=7, 18.7s): 1197자
[RAG] Gemma 이미지 설명 완료 (page=7, 17.0s): 1013자
[RAG] Gemma 이미지 설명 완료 (page=7, 20.6s): 1334자
[RAG] Gemma 이미지 설명 완료 (page=7, 22.5s): 1333자
[RAG] Gemma 이미지 설명 완료 (page=7, 21.9s): 1679자
[RAG] Gemma 이미지 설명 완료 (page=7, 21.8s): 1238자
[RAG] Gemma 이미지 설명 완료 (page=7, 17.3s): 953자
[RAG] Gemma 이미지 설명 완료 (page=7, 26.8s): 1677자
[RAG] Gemma 이미지 설명 완료 (page=7, 19.6s): 1082자
[RAG] Gemma 이미지 설명 완료 (page=7, 16.9s): 895자
[RAG] Gemma 이미지 설명 완료 (page=7, 19.4s): 1251자
[RAG] Gemma 이미지 설명 완료 (page=7, 20.4s): 1409자
[RAG] Gemma 이미지 설명 완료 (page=7, 19.4s): 1049자
[RAG] Gemma 이미지 설명 완료 (page=7, 18.6s): 1205자
[RAG] Gemma 이미지 설명 완료 (page=7, 23.1s): 1463자
[RAG] Gemma 이미지 설명 완료 (page=7, 21.6s): 1304자
[RAG] Gemma 이미지 설명 완료 (page=7, 20.4s): 1236자
[RAG] Gemma 이미지 설명 완료 (page=7, 20.0s): 1359자
[RAG] Gemma 이미지 설명 완료 (page=7, 19.4s): 1231자
[RAG] Gemma 이미지 설명 완료 (page=7, 17.8s): 894자
[RAG] Gemma 이미지 설명 완료 (page=7, 20.3s): 1190자
[RAG] Gemma 이미지 설명 완료 (page=7, 21.1s): 1546자
[RAG] Gemma 이미지 설명 완료 (page=7, 19.8s): 1342자
[RAG] Gemma 이미지 설명 완료 (page=7, 19.8s): 1263자
[RAG] Gemma 이미지 설명 완료 (page=7, 25.0s): 1646자
[RAG] Gemma 이미지 설명 완료 (page=7, 22.6s): 1481자
[RAG] Gemma 이미지 설명 완료 (page=7, 22.6s): 1373자
[RAG] Gemma 이미지 설명 완료 (page=7, 21.5s): 1388자
[RAG] Gemma 이미지 설명 완료 (page=7, 17.6s): 1275자
[RAG] Gemma 이미지 설명 완료 (page=7, 20.7s): 1234자
[RAG] Gemma 이미지 설명 완료 (page=7, 16.9s): 1205자
[RAG] Gemma 이미지 설명 완료 (page=7, 17.0s): 882자
[RAG] Gemma 이미지 설명 완료 (page=7, 20.7s): 1106자
[RAG] Gemma 이미지 설명 완료 (page=7, 16.5s): 921자
[RAG] Gemma 이미지 설명 완료 (page=7, 23.8s): 1418자
[RAG] Gemma 이미지 설명 완료 (page=7, 20.1s): 1358자
[RAG] Gemma 이미지 설명 완료 (page=7, 19.6s): 1029자
[RAG] Gemma 이미지 설명 완료 (page=7, 17.9s): 1022자
[RAG] Gemma 이미지 설명 완료 (page=7, 18.5s): 1015자
[RAG] Gemma 이미지 설명 완료 (page=7, 24.1s): 1809자
[RAG] Gemma 이미지 설명 완료 (page=7, 19.4s): 1124자
[RAG] Gemma 이미지 설명 완료 (page=7, 20.0s): 1162자
[RAG] Gemma 이미지 설명 완료 (page=7, 22.2s): 1277자
[RAG] Gemma 이미지 설명 완료 (page=7, 20.4s): 1357자
[RAG] Gemma 이미지 설명 완료 (page=7, 20.7s): 1415자
[RAG] Gemma 이미지 설명 완료 (page=7, 22.0s): 1345자
[RAG] Gemma 이미지 설명 완료 (page=7, 18.9s): 1066자
[RAG] Gemma 이미지 설명 완료 (page=7, 19.1s): 1068자
[RAG] Gemma 이미지 설명 완료 (page=7, 17.6s): 1025자
[RAG] Gemma 이미지 설명 완료 (page=7, 21.5s): 1503자
[RAG] Gemma 이미지 설명 완료 (page=7, 21.0s): 1256자
[RAG] Gemma 이미지 설명 완료 (page=7, 20.6s): 1165자
[RAG] Gemma 이미지 설명 완료 (page=7, 16.1s): 872자
[RAG] Gemma 이미지 설명 완료 (page=7, 17.6s): 1183자
[RAG] Gemma 이미지 설명 완료 (page=7, 22.0s): 1400자
[RAG] Gemma 이미지 설명 완료 (page=7, 21.0s): 1310자
[RAG] Gemma 이미지 설명 완료 (page=7, 25.2s): 1607자
[RAG] Gemma 이미지 설명 완료 (page=7, 19.9s): 1404자
[RAG] Gemma 이미지 설명 완료 (page=7, 22.3s): 1434자
[RAG] Gemma 이미지 설명 완료 (page=7, 23.1s): 1422자
[RAG] Gemma 이미지 설명 완료 (page=7, 13.6s): 707자
[RAG] Gemma 이미지 설명 완료 (page=7, 21.0s): 1427자
[RAG] Gemma 이미지 설명 완료 (page=7, 20.6s): 1402자
[RAG] Gemma 이미지 설명 완료 (page=7, 20.3s): 1154자
[RAG] Gemma 이미지 설명 완료 (page=7, 19.6s): 1134자
[RAG] Gemma 이미지 설명 완료 (page=7, 23.0s): 1441자
[RAG] Gemma 이미지 설명 완료 (page=7, 24.7s): 1776자
[RAG] Gemma 이미지 설명 완료 (page=7, 22.4s): 1344자
[RAG] Gemma 이미지 설명 완료 (page=7, 15.3s): 776자
[RAG] Gemma 이미지 설명 완료 (page=7, 21.1s): 1375자
[RAG] Gemma 이미지 설명 완료 (page=7, 21.6s): 1434자
[RAG] Gemma 이미지 설명 완료 (page=7, 25.6s): 1839자
[RAG] Gemma 이미지 설명 완료 (page=7, 19.0s): 1225자
[RAG] Gemma 이미지 설명 완료 (page=7, 27.4s): 1572자
[RAG] Gemma 이미지 설명 완료 (page=7, 18.1s): 1126자
[RAG] Gemma 이미지 설명 완료 (page=7, 23.4s): 1445자
[RAG] Gemma 이미지 설명 완료 (page=7, 18.4s): 1071자
[RAG] Gemma 이미지 설명 완료 (page=7, 19.2s): 1251자
[RAG] Gemma 이미지 설명 완료 (page=7, 22.1s): 1686자
[RAG] Gemma 이미지 설명 완료 (page=7, 23.6s): 1512자
[RAG] Gemma 이미지 설명 완료 (page=7, 23.1s): 1664자
[RAG] Gemma 이미지 설명 완료 (page=7, 20.8s): 1253자
[RAG] Gemma 이미지 설명 완료 (page=7, 20.0s): 1279자
[RAG] Gemma 이미지 설명 완료 (page=7, 18.8s): 1332자
[RAG] Gemma 이미지 설명 완료 (page=7, 20.7s): 1092자
[RAG] Gemma 이미지 설명 완료 (page=7, 22.5s): 1438자
[RAG] Gemma 이미지 설명 완료 (page=7, 19.0s): 1243자
[RAG] Gemma 이미지 설명 완료 (page=7, 19.6s): 1223자
[RAG] Gemma 이미지 설명 완료 (page=7, 23.7s): 1324자
[RAG] Gemma 이미지 설명 완료 (page=7, 19.8s): 1289자
[RAG] Gemma 이미지 설명 완료 (page=7, 17.8s): 1006자
[RAG] Gemma 이미지 설명 완료 (page=7, 22.7s): 1496자
[RAG] Gemma 이미지 설명 완료 (page=7, 21.3s): 1334자
[RAG] Gemma 이미지 설명 완료 (page=7, 21.4s): 1486자
[RAG] Gemma 이미지 설명 완료 (page=7, 19.8s): 1199자
[RAG] Gemma 이미지 설명 완료 (page=7, 19.4s): 1056자
[RAG] Gemma 이미지 설명 완료 (page=7, 23.3s): 1722자
[RAG] Gemma 이미지 설명 완료 (page=7, 19.8s): 1425자
[RAG] Gemma 이미지 설명 완료 (page=7, 18.1s): 1202자
[RAG] Gemma 이미지 설명 완료 (page=7, 19.5s): 1216자
[RAG] Gemma 이미지 설명 완료 (page=7, 20.4s): 1092자
[RAG] Gemma 이미지 설명 완료 (page=7, 19.5s): 1184자
[RAG] Gemma 이미지 설명 완료 (page=7, 18.1s): 1132자
[RAG] Gemma 이미지 설명 완료 (page=7, 18.8s): 1131자
[RAG] Gemma 이미지 설명 완료 (page=7, 18.4s): 1213자
[RAG] Gemma 이미지 설명 완료 (page=7, 16.3s): 824자
[RAG] Gemma 이미지 설명 완료 (page=7, 21.5s): 1464자
[RAG] Gemma 이미지 설명 완료 (page=7, 21.1s): 1272자
[RAG] Gemma 이미지 설명 완료 (page=7, 23.2s): 1389자
[RAG] Gemma 이미지 설명 완료 (page=7, 21.2s): 1423자
[RAG] Gemma 이미지 설명 완료 (page=7, 20.9s): 1344자
[RAG] Gemma 이미지 설명 완료 (page=7, 23.2s): 1609자
[RAG] Gemma 이미지 설명 완료 (page=7, 19.3s): 1279자
[RAG] Gemma 이미지 설명 완료 (page=7, 18.3s): 1091자
[RAG] Gemma 이미지 설명 완료 (page=7, 22.5s): 1261자
[RAG] Gemma 이미지 설명 완료 (page=7, 20.1s): 1154자
[RAG] Gemma 이미지 설명 완료 (page=7, 22.2s): 1541자
[RAG] Gemma 이미지 설명 완료 (page=7, 21.7s): 1399자
[RAG] Gemma 이미지 설명 완료 (page=7, 19.7s): 1365자
[RAG] Gemma 이미지 설명 완료 (page=8, 21.2s): 1661자
[RAG] Gemma 이미지 설명 완료 (page=8, 39.8s): 2292자
[RAG] Gemma 이미지 설명 완료 (page=8, 23.3s): 1563자
[RAG] Gemma 이미지 설명 완료 (page=8, 16.7s): 1026자
[RAG] Gemma 이미지 설명 완료 (page=8, 22.9s): 1508자
[RAG] Gemma 이미지 설명 완료 (page=8, 24.0s): 1819자
[RAG] Gemma 이미지 설명 완료 (page=8, 19.6s): 1246자
[RAG] Gemma 이미지 설명 완료 (page=8, 29.4s): 2325자
[RAG] Gemma 이미지 설명 완료 (page=8, 25.7s): 2055자
[RAG] Gemma 이미지 설명 완료 (page=8, 18.8s): 1396자
[RAG] Gemma 이미지 설명 완료 (page=8, 20.9s): 1256자
[RAG] Gemma 이미지 설명 완료 (page=8, 22.4s): 1464자
[RAG] Gemma 이미지 설명 완료 (page=8, 22.1s): 1564자
[RAG] Gemma 이미지 설명 완료 (page=8, 20.5s): 1352자
[RAG] Gemma 이미지 설명 완료 (page=8, 23.0s): 1548자
[RAG] Gemma 이미지 설명 완료 (page=8, 19.8s): 1247자
[RAG] Gemma 이미지 설명 완료 (page=8, 24.0s): 1556자
[RAG] Gemma 이미지 설명 완료 (page=8, 19.0s): 1258자
[RAG] Gemma 이미지 설명 완료 (page=8, 20.2s): 1389자
[RAG] Gemma 이미지 설명 완료 (page=8, 22.0s): 1205자
[RAG] Gemma 이미지 설명 완료 (page=8, 22.5s): 1460자
[RAG] Gemma 이미지 설명 완료 (page=8, 22.5s): 1484자
[RAG] Gemma 이미지 설명 완료 (page=8, 22.1s): 1548자
[RAG] Gemma 이미지 설명 완료 (page=8, 19.7s): 1297자
[RAG] Gemma 이미지 설명 완료 (page=8, 20.9s): 1246자
[RAG] Gemma 이미지 설명 완료 (page=8, 22.4s): 1482자
[RAG] Gemma 이미지 설명 완료 (page=8, 20.7s): 1300자
[RAG] Gemma 이미지 설명 완료 (page=8, 17.9s): 1046자
[RAG] Gemma 이미지 설명 완료 (page=8, 21.7s): 1472자
[RAG] Gemma 이미지 설명 완료 (page=8, 19.2s): 1206자
[RAG] Gemma 이미지 설명 완료 (page=8, 21.0s): 1393자
[RAG] Gemma 이미지 설명 완료 (page=8, 22.2s): 1354자
[RAG] Gemma 이미지 설명 완료 (page=8, 20.0s): 1311자
[RAG] Gemma 이미지 설명 완료 (page=8, 19.4s): 1267자
[RAG] Gemma 이미지 설명 완료 (page=8, 19.6s): 1211자
[RAG] Gemma 이미지 설명 완료 (page=8, 21.5s): 1289자
[RAG] Gemma 이미지 설명 완료 (page=8, 16.3s): 949자
[RAG] Gemma 이미지 설명 완료 (page=8, 20.1s): 1104자
[RAG] Gemma 이미지 설명 완료 (page=8, 22.5s): 1401자
[RAG] Gemma 이미지 설명 완료 (page=8, 21.0s): 1219자
[RAG] Gemma 이미지 설명 완료 (page=8, 21.7s): 1399자
[RAG] Gemma 이미지 설명 완료 (page=8, 20.2s): 1356자
[RAG] Gemma 이미지 설명 완료 (page=9, 22.5s): 1826자
[RAG] Gemma 이미지 설명 완료 (page=9, 33.9s): 2300자
[RAG] Gemma 이미지 설명 완료 (page=9, 21.5s): 1662자
[RAG] Gemma 이미지 설명 완료 (page=9, 24.7s): 1423자
[RAG] Gemma 이미지 설명 완료 (page=9, 18.4s): 1030자
[RAG] Gemma 이미지 설명 완료 (page=9, 22.7s): 1279자
[RAG] Gemma 이미지 설명 완료 (page=9, 21.1s): 1397자
[RAG] Gemma 이미지 설명 완료 (page=9, 18.1s): 932자
[RAG] Gemma 이미지 설명 완료 (page=9, 21.3s): 1517자
[RAG] Gemma 이미지 설명 완료 (page=9, 22.2s): 1553자
[RAG] Gemma 이미지 설명 완료 (page=9, 17.2s): 954자
[RAG] Gemma 이미지 설명 완료 (page=9, 24.4s): 1753자
[RAG] Gemma 이미지 설명 완료 (page=9, 17.2s): 1081자
[RAG] Gemma 이미지 설명 완료 (page=9, 32.9s): 2596자
[RAG] Gemma 이미지 설명 완료 (page=9, 21.2s): 1487자
[RAG] Gemma 이미지 설명 완료 (page=9, 21.8s): 1387자
[RAG] Gemma 이미지 설명 완료 (page=9, 22.4s): 1694자
[RAG] Gemma 이미지 설명 완료 (page=9, 20.9s): 1353자
[RAG] Gemma 이미지 설명 완료 (page=9, 22.0s): 1285자
[RAG] Gemma 이미지 설명 완료 (page=9, 24.0s): 2019자
[RAG] Gemma 이미지 설명 완료 (page=9, 22.7s): 1480자
[RAG] Gemma 이미지 설명 완료 (page=9, 21.2s): 1404자
[RAG] Gemma 이미지 설명 완료 (page=9, 19.9s): 1205자
[RAG] Gemma 이미지 설명 완료 (page=9, 17.2s): 995자
[RAG] Gemma 이미지 설명 완료 (page=9, 23.4s): 1847자
[RAG] Gemma 이미지 설명 완료 (page=9, 29.8s): 1769자
[RAG] Gemma 이미지 설명 완료 (page=9, 27.8s): 1918자
[RAG] Gemma 이미지 설명 완료 (page=9, 22.4s): 1522자
[RAG] Gemma 이미지 설명 완료 (page=9, 18.4s): 1120자
[RAG] Gemma 이미지 설명 완료 (page=9, 23.7s): 1598자
[RAG] Gemma 이미지 설명 완료 (page=9, 25.2s): 1597자
[RAG] Gemma 이미지 설명 완료 (page=9, 21.9s): 1382자
[RAG] Gemma 이미지 설명 완료 (page=9, 19.3s): 1276자
[RAG] Gemma 이미지 설명 완료 (page=9, 27.2s): 1414자
[RAG] Gemma 이미지 설명 완료 (page=9, 20.7s): 1379자
[RAG] Gemma 이미지 설명 완료 (page=9, 19.6s): 1332자
[RAG] Gemma 이미지 설명 완료 (page=9, 20.9s): 1280자
[RAG] Gemma 이미지 설명 완료 (page=9, 20.8s): 1361자
[RAG] Gemma 이미지 설명 완료 (page=9, 21.3s): 1424자
[RAG] Gemma 이미지 설명 완료 (page=9, 19.6s): 1134자
[RAG] Gemma 이미지 설명 완료 (page=9, 19.4s): 1158자
[RAG] Gemma 이미지 설명 완료 (page=9, 20.9s): 1393자
[RAG] Gemma 이미지 설명 완료 (page=9, 19.9s): 1225자
[RAG] Gemma 이미지 설명 완료 (page=9, 20.7s): 1290자
[RAG] Gemma 이미지 설명 완료 (page=9, 23.5s): 1728자
[RAG] Gemma 이미지 설명 완료 (page=9, 30.6s): 2259자
[RAG] Gemma 이미지 설명 완료 (page=9, 29.3s): 2203자
[RAG] Gemma 이미지 설명 완료 (page=9, 31.8s): 2342자
[RAG] Gemma 이미지 설명 완료 (page=9, 29.9s): 2256자
[RAG] Gemma 이미지 설명 완료 (page=9, 20.7s): 1228자
[RAG] Gemma 이미지 설명 완료 (page=9, 20.8s): 1459자
[RAG] Gemma 이미지 설명 완료 (page=9, 21.4s): 1449자
[RAG] Gemma 이미지 설명 완료 (page=9, 23.1s): 1512자
[RAG] Gemma 이미지 설명 완료 (page=9, 20.9s): 1297자
[RAG] Gemma 이미지 설명 완료 (page=9, 17.7s): 1035자
[RAG] Gemma 이미지 설명 완료 (page=9, 20.6s): 1482자
[RAG] Gemma 이미지 설명 완료 (page=9, 19.2s): 1161자
[RAG] Gemma 이미지 설명 완료 (page=9, 20.5s): 1316자
[RAG] Gemma 이미지 설명 완료 (page=9, 21.2s): 1527자
[RAG] Gemma 이미지 설명 완료 (page=9, 22.7s): 1320자
[RAG] Gemma 이미지 설명 완료 (page=9, 18.4s): 1054자
[RAG] Gemma 이미지 설명 완료 (page=9, 22.6s): 1292자
[RAG] Gemma 이미지 설명 완료 (page=9, 20.8s): 1219자
[RAG] Gemma 이미지 설명 완료 (page=9, 18.7s): 1153자
[RAG] Gemma 이미지 설명 완료 (page=9, 21.3s): 1414자
[RAG] Gemma 이미지 설명 완료 (page=9, 26.2s): 1893자
[RAG] Gemma 이미지 설명 완료 (page=9, 20.6s): 1395자
[RAG] Gemma 이미지 설명 완료 (page=9, 16.2s): 975자
[RAG] Gemma 이미지 설명 완료 (page=9, 23.2s): 1434자
[RAG] Gemma 이미지 설명 완료 (page=9, 24.9s): 1920자
[RAG] Gemma 이미지 설명 완료 (page=9, 18.6s): 1159자
[RAG] Gemma 이미지 설명 완료 (page=9, 19.8s): 1337자
[RAG] Gemma 이미지 설명 완료 (page=9, 22.1s): 1473자
[RAG] Gemma 이미지 설명 완료 (page=9, 21.2s): 1425자
[RAG] Gemma 이미지 설명 완료 (page=9, 22.6s): 1745자
[RAG] Gemma 이미지 설명 완료 (page=9, 24.8s): 2041자
[RAG] Gemma 이미지 설명 완료 (page=9, 16.6s): 1126자
[RAG] Gemma 이미지 설명 완료 (page=9, 21.6s): 1320자
[RAG] Gemma 이미지 설명 완료 (page=9, 21.2s): 990자
[RAG] Gemma 이미지 설명 완료 (page=9, 19.7s): 1185자
[RAG] Gemma 이미지 설명 완료 (page=9, 20.4s): 1432자
[RAG] Gemma 이미지 설명 완료 (page=9, 17.8s): 1149자
[RAG] Gemma 이미지 설명 완료 (page=9, 19.0s): 1182자
[RAG] Gemma 이미지 설명 완료 (page=9, 20.8s): 1289자
[RAG] Gemma 이미지 설명 완료 (page=9, 20.4s): 1403자
[RAG] Gemma 이미지 설명 완료 (page=9, 18.6s): 1099자
[RAG] Gemma 이미지 설명 완료 (page=9, 18.4s): 1254자
[RAG] Gemma 이미지 설명 완료 (page=9, 21.9s): 1430자
[RAG] Gemma 이미지 설명 완료 (page=9, 19.3s): 1258자
[RAG] Gemma 이미지 설명 완료 (page=9, 29.0s): 2340자
[RAG] Gemma 이미지 설명 완료 (page=9, 16.9s): 1076자
[RAG] Gemma 이미지 설명 완료 (page=9, 16.9s): 974자
[RAG] Gemma 이미지 설명 완료 (page=9, 18.8s): 1220자
[RAG] Gemma 이미지 설명 완료 (page=9, 19.9s): 1292자
[RAG] Gemma 이미지 설명 완료 (page=9, 24.1s): 1563자
[RAG] Gemma 이미지 설명 완료 (page=9, 16.2s): 901자
[RAG] Gemma 이미지 설명 완료 (page=9, 20.4s): 1510자
[RAG] Gemma 이미지 설명 완료 (page=9, 18.9s): 1130자
[RAG] Gemma 이미지 설명 완료 (page=9, 21.2s): 1290자
[RAG] Gemma 이미지 설명 완료 (page=9, 20.5s): 1116자
[RAG] Gemma 이미지 설명 완료 (page=9, 20.4s): 1356자
[RAG] Gemma 이미지 설명 완료 (page=9, 20.9s): 1455자
[RAG] Gemma 이미지 설명 완료 (page=9, 24.4s): 1701자
[RAG] Gemma 이미지 설명 완료 (page=9, 16.7s): 1042자
[RAG] Gemma 이미지 설명 완료 (page=9, 21.8s): 1399자
[RAG] Gemma 이미지 설명 완료 (page=9, 21.3s): 1267자
[RAG] Gemma 이미지 설명 완료 (page=10, 18.2s): 1255자
[RAG] Gemma 이미지 설명 완료 (page=10, 37.3s): 2408자
[RAG] Gemma 이미지 설명 완료 (page=10, 22.0s): 1366자
[RAG] Gemma 이미지 설명 완료 (page=10, 21.5s): 1281자
[RAG] Gemma 이미지 설명 완료 (page=10, 21.1s): 1309자
[RAG] Gemma 이미지 설명 완료 (page=10, 30.3s): 1838자
[RAG] Gemma 이미지 설명 완료 (page=10, 19.7s): 1246자
[RAG] Gemma 이미지 설명 완료 (page=10, 26.1s): 2105자
[RAG] Gemma 이미지 설명 완료 (page=10, 25.7s): 1868자
[RAG] Gemma 이미지 설명 완료 (page=10, 28.1s): 2233자
[RAG] Gemma 이미지 설명 완료 (page=10, 24.7s): 1682자
[RAG] Gemma 이미지 설명 완료 (page=10, 25.0s): 1763자
[RAG] Gemma 이미지 설명 완료 (page=10, 23.2s): 1597자
[RAG] Gemma 이미지 설명 완료 (page=10, 25.0s): 1763자
[RAG] Gemma 이미지 설명 완료 (page=10, 24.2s): 1622자
[RAG] Gemma 이미지 설명 완료 (page=10, 19.0s): 1136자
[RAG] Gemma 이미지 설명 완료 (page=10, 22.7s): 1512자
[RAG] Gemma 이미지 설명 완료 (page=10, 24.4s): 1560자
[RAG] Gemma 이미지 설명 완료 (page=10, 22.2s): 1398자
[RAG] Gemma 이미지 설명 완료 (page=10, 23.9s): 1756자
[RAG] Gemma 이미지 설명 완료 (page=10, 20.8s): 1193자
[RAG] Gemma 이미지 설명 완료 (page=10, 24.8s): 1728자
[RAG] Gemma 이미지 설명 완료 (page=10, 22.9s): 1648자
[RAG] Gemma 이미지 설명 완료 (page=10, 20.7s): 1344자
[RAG] Gemma 이미지 설명 완료 (page=10, 20.2s): 1276자
[RAG] Gemma 이미지 설명 완료 (page=10, 16.5s): 813자
[RAG] Gemma 이미지 설명 완료 (page=10, 20.7s): 1292자
[RAG] Gemma 이미지 설명 완료 (page=10, 19.4s): 1182자
[RAG] Gemma 이미지 설명 완료 (page=10, 21.2s): 1532자
[RAG] Gemma 이미지 설명 완료 (page=10, 24.7s): 1629자
[RAG] Gemma 이미지 설명 완료 (page=10, 22.6s): 1404자
[RAG] Gemma 이미지 설명 완료 (page=10, 20.8s): 1286자
[RAG] Gemma 이미지 설명 완료 (page=10, 23.3s): 1549자
[RAG] Gemma 이미지 설명 완료 (page=10, 17.3s): 910자
[RAG] Gemma 이미지 설명 완료 (page=10, 23.8s): 1810자
[RAG] Gemma 이미지 설명 완료 (page=10, 22.8s): 1451자
[RAG] Gemma 이미지 설명 완료 (page=10, 19.4s): 1226자
[RAG] Gemma 이미지 설명 완료 (page=10, 22.1s): 1296자
[RAG] Gemma 이미지 설명 완료 (page=10, 22.4s): 1307자
[RAG] Gemma 이미지 설명 완료 (page=10, 20.0s): 1503자
[RAG] Gemma 이미지 설명 완료 (page=10, 22.6s): 1416자
[RAG] Gemma 이미지 설명 완료 (page=10, 17.2s): 823자
[RAG] Gemma 이미지 설명 완료 (page=10, 23.1s): 1435자
[RAG] Gemma 이미지 설명 완료 (page=10, 20.1s): 1358자
[RAG] Gemma 이미지 설명 완료 (page=10, 20.3s): 1292자
[RAG] Gemma 이미지 설명 완료 (page=10, 19.1s): 1125자
[RAG] Gemma 이미지 설명 완료 (page=10, 19.0s): 1287자
[RAG] Gemma 이미지 설명 완료 (page=10, 22.0s): 1501자
[RAG] Gemma 이미지 설명 완료 (page=10, 22.0s): 1627자
[RAG] Gemma 이미지 설명 완료 (page=10, 18.3s): 1205자
[RAG] Gemma 이미지 설명 완료 (page=10, 21.2s): 1464자
[RAG] Gemma 이미지 설명 완료 (page=10, 20.2s): 1290자
[RAG] Gemma 이미지 설명 완료 (page=10, 19.9s): 1294자
[RAG] Gemma 이미지 설명 완료 (page=10, 21.4s): 1384자
[RAG] Gemma 이미지 설명 완료 (page=10, 22.0s): 1589자
[RAG] Gemma 이미지 설명 완료 (page=10, 18.3s): 1075자
[RAG] Gemma 이미지 설명 완료 (page=10, 20.3s): 1169자
[RAG] Gemma 이미지 설명 완료 (page=10, 19.5s): 1232자
[RAG] Gemma 이미지 설명 완료 (page=10, 18.6s): 1290자
[RAG] Gemma 이미지 설명 완료 (page=10, 17.7s): 965자
[RAG] Gemma 이미지 설명 완료 (page=10, 22.7s): 1481자
[RAG] Gemma 이미지 설명 완료 (page=10, 16.7s): 1119자
[RAG] Gemma 이미지 설명 완료 (page=10, 24.6s): 1627자
[RAG] Gemma 이미지 설명 완료 (page=10, 17.0s): 850자
[RAG] Gemma 이미지 설명 완료 (page=10, 22.9s): 1432자
[RAG] Gemma 이미지 설명 완료 (page=10, 23.5s): 1343자
[RAG] Gemma 이미지 설명 완료 (page=10, 23.0s): 1352자
[RAG] Gemma 이미지 설명 완료 (page=10, 20.3s): 1176자
[RAG] Gemma 이미지 설명 완료 (page=10, 20.7s): 1254자
[RAG] Gemma 이미지 설명 완료 (page=10, 23.6s): 1529자
[RAG] Gemma 이미지 설명 완료 (page=10, 21.5s): 1275자
[RAG] Gemma 이미지 설명 완료 (page=10, 21.5s): 1322자
[RAG] Gemma 이미지 설명 완료 (page=10, 20.5s): 1162자
[RAG] Gemma 이미지 설명 완료 (page=10, 18.8s): 1079자
[RAG] Gemma 이미지 설명 완료 (page=10, 19.4s): 1168자
[RAG] Gemma 이미지 설명 완료 (page=10, 20.9s): 1525자
[RAG] Gemma 이미지 설명 완료 (page=10, 23.2s): 1420자
[RAG] Gemma 이미지 설명 완료 (page=10, 20.7s): 1330자
[RAG] Gemma 이미지 설명 완료 (page=10, 23.7s): 1616자
[RAG] Gemma 이미지 설명 완료 (page=10, 20.1s): 1408자
[RAG] Gemma 이미지 설명 완료 (page=10, 20.2s): 1075자
[RAG] Gemma 이미지 설명 완료 (page=10, 18.6s): 1172자
[RAG] Gemma 이미지 설명 완료 (page=10, 24.6s): 1362자
[RAG] Gemma 이미지 설명 완료 (page=10, 19.1s): 1426자
[RAG] Gemma 이미지 설명 완료 (page=10, 18.2s): 1156자
[RAG] Gemma 이미지 설명 완료 (page=10, 20.5s): 1231자
[RAG] Gemma 이미지 설명 완료 (page=10, 20.8s): 1381자
[RAG] Gemma 이미지 설명 완료 (page=10, 18.3s): 1121자
[RAG] Gemma 이미지 설명 완료 (page=10, 20.5s): 1427자
[RAG] Gemma 이미지 설명 완료 (page=10, 21.0s): 1347자
[RAG] Gemma 이미지 설명 완료 (page=10, 20.1s): 1315자
[RAG] Gemma 이미지 설명 완료 (page=10, 18.9s): 1037자
[RAG] Gemma 이미지 설명 완료 (page=10, 16.6s): 757자
[RAG] Gemma 이미지 설명 완료 (page=10, 19.0s): 1165자
[RAG] Gemma 이미지 설명 완료 (page=10, 21.0s): 1558자
[RAG] Gemma 이미지 설명 완료 (page=10, 15.7s): 907자
[RAG] Gemma 이미지 설명 완료 (page=10, 18.8s): 1074자
[RAG] Gemma 이미지 설명 완료 (page=10, 22.8s): 1714자
[RAG] Gemma 이미지 설명 완료 (page=10, 19.3s): 1175자
[RAG] Gemma 이미지 설명 완료 (page=10, 20.8s): 1185자
[RAG] Gemma 이미지 설명 완료 (page=10, 16.5s): 974자
[RAG] Gemma 이미지 설명 완료 (page=10, 19.1s): 1162자
[RAG] Gemma 이미지 설명 완료 (page=10, 27.2s): 1558자
[RAG] Gemma 이미지 설명 완료 (page=10, 17.5s): 904자
[RAG] Gemma 이미지 설명 완료 (page=10, 20.3s): 1411자
[RAG] Gemma 이미지 설명 완료 (page=10, 16.8s): 1000자
[RAG] Gemma 이미지 설명 완료 (page=10, 19.4s): 1172자
[RAG] Gemma 이미지 설명 완료 (page=10, 19.3s): 1262자
[RAG] Gemma 이미지 설명 완료 (page=10, 21.3s): 1312자
[RAG] Gemma 이미지 설명 완료 (page=10, 17.8s): 957자
[RAG] Gemma 이미지 설명 완료 (page=10, 18.2s): 1125자
[RAG] Gemma 이미지 설명 완료 (page=10, 18.1s): 1130자
[RAG] Gemma 이미지 설명 완료 (page=10, 19.5s): 1175자
[RAG] Gemma 이미지 설명 완료 (page=10, 18.8s): 1013자
[RAG] Gemma 이미지 설명 완료 (page=10, 19.3s): 1291자
[RAG] Gemma 이미지 설명 완료 (page=10, 20.6s): 1275자
[RAG] Gemma 이미지 설명 완료 (page=10, 21.7s): 1349자
[RAG] Gemma 이미지 설명 완료 (page=10, 19.6s): 1205자
[RAG] Gemma 이미지 설명 완료 (page=10, 20.7s): 1115자
[RAG] Gemma 이미지 설명 완료 (page=10, 17.4s): 1109자
[RAG] Gemma 이미지 설명 완료 (page=10, 18.4s): 1124자
[RAG] Gemma 이미지 설명 완료 (page=10, 21.6s): 1267자
[RAG] Gemma 이미지 설명 완료 (page=10, 18.1s): 1172자
[RAG] Gemma 이미지 설명 완료 (page=10, 17.9s): 1100자
[RAG] Gemma 이미지 설명 완료 (page=10, 18.8s): 1204자
[RAG] Gemma 이미지 설명 완료 (page=10, 21.8s): 1321자
[RAG] Gemma 이미지 설명 완료 (page=10, 19.0s): 1063자
[RAG] Gemma 이미지 설명 완료 (page=10, 19.2s): 1346자
[RAG] Gemma 이미지 설명 완료 (page=10, 19.1s): 1194자
[RAG] Gemma 이미지 설명 완료 (page=10, 20.8s): 1045자
[RAG] Gemma 이미지 설명 완료 (page=10, 19.8s): 1195자
[RAG] Gemma 이미지 설명 완료 (page=10, 30.2s): 2047자
[RAG] Gemma 이미지 설명 완료 (page=10, 21.7s): 1399자
[RAG] Gemma 이미지 설명 완료 (page=10, 19.6s): 1228자
[RAG] Gemma 이미지 설명 완료 (page=11, 18.5s): 1204자
[RAG] Gemma 이미지 설명 완료 (page=11, 33.9s): 2752자
[RAG] Gemma 이미지 설명 완료 (page=11, 43.0s): 3270자
[RAG] Gemma 이미지 설명 완료 (page=11, 18.8s): 1128자
[RAG] Gemma 이미지 설명 완료 (page=11, 20.8s): 1440자
[RAG] Gemma 이미지 설명 완료 (page=11, 18.5s): 1235자
[RAG] Gemma 이미지 설명 완료 (page=11, 18.7s): 1147자
[RAG] Gemma 이미지 설명 완료 (page=11, 18.7s): 1256자
[RAG] Gemma 이미지 설명 완료 (page=11, 19.6s): 1248자
[RAG] Gemma 이미지 설명 완료 (page=11, 19.2s): 1194자
[RAG] Gemma 이미지 설명 완료 (page=11, 20.5s): 1248자
[RAG] Gemma 이미지 설명 완료 (page=11, 19.1s): 1097자
[RAG] Gemma 이미지 설명 완료 (page=11, 18.1s): 1054자
[RAG] Gemma 이미지 설명 완료 (page=11, 18.6s): 1191자
[RAG] Gemma 이미지 설명 완료 (page=11, 18.2s): 1271자
[RAG] Gemma 이미지 설명 완료 (page=11, 15.2s): 779자
[RAG] Gemma 이미지 설명 완료 (page=11, 20.3s): 1401자
[RAG] Gemma 이미지 설명 완료 (page=11, 22.0s): 1360자
[RAG] Gemma 이미지 설명 완료 (page=11, 18.3s): 1051자
[RAG] Gemma 이미지 설명 완료 (page=11, 19.0s): 1355자
[RAG] Gemma 이미지 설명 완료 (page=11, 19.7s): 1218자
[RAG] Gemma 이미지 설명 완료 (page=11, 23.1s): 1533자
[RAG] Gemma 이미지 설명 완료 (page=11, 19.7s): 1143자
[RAG] Gemma 이미지 설명 완료 (page=11, 21.1s): 1385자
[RAG] Gemma 이미지 설명 완료 (page=11, 19.6s): 1248자
[RAG] Gemma 이미지 설명 완료 (page=11, 19.1s): 1272자
[RAG] Gemma 이미지 설명 완료 (page=11, 22.4s): 1641자
[RAG] Gemma 이미지 설명 완료 (page=11, 21.6s): 1633자
[RAG] Gemma 이미지 설명 완료 (page=11, 22.1s): 1389자
[RAG] Gemma 이미지 설명 완료 (page=11, 19.6s): 1276자
[RAG] Gemma 이미지 설명 완료 (page=11, 21.2s): 1311자
[RAG] Gemma 이미지 설명 완료 (page=11, 17.6s): 1144자
[RAG] Gemma 이미지 설명 완료 (page=11, 17.0s): 878자
[RAG] Gemma 이미지 설명 완료 (page=11, 18.0s): 1315자
[RAG] Gemma 이미지 설명 완료 (page=11, 20.2s): 1311자
[RAG] Gemma 이미지 설명 완료 (page=11, 20.8s): 1396자
[RAG] Gemma 이미지 설명 완료 (page=11, 18.1s): 1068자
[RAG] Gemma 이미지 설명 완료 (page=11, 18.7s): 1130자
[RAG] Gemma 이미지 설명 완료 (page=11, 18.4s): 1124자
[RAG] Gemma 이미지 설명 완료 (page=11, 20.3s): 1457자
[RAG] Gemma 이미지 설명 완료 (page=11, 23.9s): 1860자
[RAG] Gemma 이미지 설명 완료 (page=11, 18.3s): 1168자
[RAG] Gemma 이미지 설명 완료 (page=11, 21.5s): 1294자
[RAG] Gemma 이미지 설명 완료 (page=11, 20.0s): 1134자
[RAG] Gemma 이미지 설명 완료 (page=11, 20.6s): 1253자
[RAG] Gemma 이미지 설명 완료 (page=11, 19.8s): 1282자
[RAG] Gemma 이미지 설명 완료 (page=11, 19.5s): 1126자
[RAG] Gemma 이미지 설명 완료 (page=11, 38.0s): 2446자
[RAG] Gemma 이미지 설명 완료 (page=11, 20.1s): 1268자
[RAG] Gemma 이미지 설명 완료 (page=11, 19.8s): 1314자
[RAG] Gemma 이미지 설명 완료 (page=11, 19.7s): 1265자
[RAG] Gemma 이미지 설명 완료 (page=11, 20.7s): 1367자
[RAG] Gemma 이미지 설명 완료 (page=11, 21.7s): 1399자
[RAG] Gemma 이미지 설명 완료 (page=11, 22.6s): 1561자
[RAG] Gemma 이미지 설명 완료 (page=11, 20.9s): 1439자
[RAG] Gemma 이미지 설명 완료 (page=11, 20.5s): 1292자
[RAG] Gemma 이미지 설명 완료 (page=12, 20.6s): 1498자
[RAG] Gemma 이미지 설명 완료 (page=12, 34.0s): 2466자
[RAG] Gemma 이미지 설명 완료 (page=12, 21.9s): 1219자
[RAG] Gemma 이미지 설명 완료 (page=12, 22.0s): 1422자
[RAG] Gemma 이미지 설명 완료 (page=12, 26.3s): 1680자
[RAG] Gemma 이미지 설명 완료 (page=12, 20.5s): 1244자
[RAG] Gemma 이미지 설명 완료 (page=12, 24.0s): 1350자
[RAG] Gemma 이미지 설명 완료 (page=12, 20.9s): 1359자
[RAG] Gemma 이미지 설명 완료 (page=12, 18.1s): 932자
[RAG] Gemma 이미지 설명 완료 (page=12, 20.5s): 1337자
[RAG] Gemma 이미지 설명 완료 (page=12, 22.5s): 1486자
[RAG] Gemma 이미지 설명 완료 (page=12, 20.2s): 1193자
[RAG] Gemma 이미지 설명 완료 (page=12, 17.8s): 1048자
[RAG] Gemma 이미지 설명 완료 (page=12, 16.8s): 1048자
[RAG] Gemma 이미지 설명 완료 (page=12, 24.4s): 1415자
[RAG] Gemma 이미지 설명 완료 (page=12, 22.5s): 1495자
[RAG] Gemma 이미지 설명 완료 (page=12, 21.8s): 1259자
[RAG] Gemma 이미지 설명 완료 (page=12, 24.3s): 1847자
[RAG] Gemma 이미지 설명 완료 (page=12, 21.9s): 1352자
[RAG] Gemma 이미지 설명 완료 (page=12, 18.2s): 1053자
[RAG] Gemma 이미지 설명 완료 (page=12, 21.2s): 1357자
[RAG] Gemma 이미지 설명 완료 (page=12, 21.7s): 1367자
[RAG] Gemma 이미지 설명 완료 (page=12, 20.0s): 1336자
[RAG] Gemma 이미지 설명 완료 (page=12, 16.4s): 903자
[RAG] Gemma 이미지 설명 완료 (page=12, 24.1s): 1591자
[RAG] Gemma 이미지 설명 완료 (page=12, 24.4s): 1394자
[RAG] Gemma 이미지 설명 완료 (page=12, 23.3s): 1351자
[RAG] Gemma 이미지 설명 완료 (page=12, 23.2s): 1767자
[RAG] Gemma 이미지 설명 완료 (page=12, 19.1s): 1169자
[RAG] Gemma 이미지 설명 완료 (page=12, 21.2s): 1484자
[RAG] Gemma 이미지 설명 완료 (page=12, 24.4s): 1673자
[RAG] Gemma 이미지 설명 완료 (page=12, 18.4s): 1214자
[RAG] Gemma 이미지 설명 완료 (page=12, 20.6s): 1215자
[RAG] Gemma 이미지 설명 완료 (page=12, 21.5s): 1406자
[RAG] Gemma 이미지 설명 완료 (page=12, 17.1s): 1177자
[RAG] Gemma 이미지 설명 완료 (page=12, 21.2s): 1398자
[RAG] Gemma 이미지 설명 완료 (page=12, 20.6s): 1317자
[RAG] Gemma 이미지 설명 완료 (page=12, 16.9s): 830자
[RAG] Gemma 이미지 설명 완료 (page=12, 21.8s): 1498자
[RAG] Gemma 이미지 설명 완료 (page=12, 18.5s): 1206자
[RAG] Gemma 이미지 설명 완료 (page=12, 19.3s): 1169자
[RAG] Gemma 이미지 설명 완료 (page=12, 21.3s): 1476자
[RAG] Gemma 이미지 설명 완료 (page=12, 20.0s): 1409자
[RAG] Gemma 이미지 설명 완료 (page=12, 21.5s): 1385자
[RAG] Gemma 이미지 설명 완료 (page=12, 16.7s): 953자
[RAG] Gemma 이미지 설명 완료 (page=12, 20.2s): 1168자
[RAG] Gemma 이미지 설명 완료 (page=12, 17.6s): 961자
[RAG] Gemma 이미지 설명 완료 (page=12, 17.6s): 955자
[RAG] Gemma 이미지 설명 완료 (page=12, 19.7s): 1371자
[RAG] Gemma 이미지 설명 완료 (page=12, 31.0s): 2038자
[RAG] Gemma 이미지 설명 완료 (page=12, 21.2s): 1404자
[RAG] Gemma 이미지 설명 완료 (page=12, 21.0s): 1351자
[RAG] Gemma 이미지 설명 완료 (page=12, 23.0s): 1304자
[RAG] Gemma 이미지 설명 완료 (page=12, 21.4s): 1311자
[RAG] Gemma 이미지 설명 완료 (page=12, 19.9s): 1265자
[RAG] Gemma 이미지 설명 완료 (page=12, 20.9s): 1444자
[RAG] Gemma 이미지 설명 완료 (page=12, 22.0s): 1477자
[RAG] Gemma 이미지 설명 완료 (page=12, 15.9s): 940자
[RAG] Gemma 이미지 설명 완료 (page=12, 26.1s): 1708자
[RAG] Gemma 이미지 설명 완료 (page=12, 22.1s): 1650자
[RAG] Gemma 이미지 설명 완료 (page=12, 20.3s): 1184자
[RAG] Gemma 이미지 설명 완료 (page=12, 21.3s): 1438자
[RAG] Gemma 이미지 설명 완료 (page=12, 22.7s): 1420자
[RAG] Gemma 이미지 설명 완료 (page=12, 21.7s): 1573자
[RAG] Gemma 이미지 설명 완료 (page=12, 25.2s): 1700자
[RAG] Gemma 이미지 설명 완료 (page=12, 21.4s): 1485자
[RAG] Gemma 이미지 설명 완료 (page=12, 22.7s): 1407자
[RAG] Gemma 이미지 설명 완료 (page=12, 23.4s): 1547자
[RAG] Gemma 이미지 설명 완료 (page=12, 19.6s): 1165자
[RAG] Gemma 이미지 설명 완료 (page=12, 22.6s): 1485자
[RAG] Gemma 이미지 설명 완료 (page=12, 18.7s): 1220자
[RAG] Gemma 이미지 설명 완료 (page=12, 22.5s): 1438자
[RAG] Gemma 이미지 설명 완료 (page=12, 18.5s): 1215자
[RAG] Gemma 이미지 설명 완료 (page=12, 21.4s): 1546자
[RAG] Gemma 이미지 설명 완료 (page=12, 24.0s): 1556자
[RAG] Gemma 이미지 설명 완료 (page=12, 19.6s): 1217자
[RAG] Gemma 이미지 설명 완료 (page=12, 18.7s): 1328자
[RAG] Gemma 이미지 설명 완료 (page=12, 21.1s): 1515자
[RAG] Gemma 이미지 설명 완료 (page=12, 20.6s): 1267자
[RAG] Gemma 이미지 설명 완료 (page=12, 22.7s): 1535자
[RAG] Gemma 이미지 설명 완료 (page=12, 24.4s): 1711자
[RAG] Gemma 이미지 설명 완료 (page=12, 20.6s): 1511자
[RAG] Gemma 이미지 설명 완료 (page=12, 21.1s): 1379자
[RAG] Gemma 이미지 설명 완료 (page=12, 18.8s): 1225자
[RAG] Gemma 이미지 설명 완료 (page=12, 20.1s): 1254자
[RAG] Gemma 이미지 설명 완료 (page=12, 20.7s): 1241자
[RAG] Gemma 이미지 설명 완료 (page=12, 20.2s): 1275자
[RAG] Gemma 이미지 설명 완료 (page=12, 22.7s): 1503자
[RAG] Gemma 이미지 설명 완료 (page=12, 22.4s): 1566자
[RAG] Gemma 이미지 설명 완료 (page=12, 18.2s): 1203자
[RAG] Gemma 이미지 설명 완료 (page=12, 22.7s): 1718자
[RAG] Gemma 이미지 설명 완료 (page=12, 24.2s): 1641자
[RAG] Gemma 이미지 설명 완료 (page=12, 23.1s): 1628자
[RAG] Gemma 이미지 설명 완료 (page=12, 22.1s): 1488자
[RAG] Gemma 이미지 설명 완료 (page=12, 21.8s): 1437자
[RAG] Gemma 이미지 설명 완료 (page=12, 21.5s): 1539자
[RAG] Gemma 이미지 설명 완료 (page=12, 21.9s): 1267자
[RAG] Gemma 이미지 설명 완료 (page=12, 22.5s): 1441자
[RAG] Gemma 이미지 설명 완료 (page=12, 19.5s): 1238자
[RAG] Gemma 이미지 설명 완료 (page=12, 25.2s): 1799자
[RAG] Gemma 이미지 설명 완료 (page=12, 20.6s): 1202자
[RAG] Gemma 이미지 설명 완료 (page=12, 21.7s): 1399자
[RAG] Gemma 이미지 설명 완료 (page=12, 17.2s): 988자
[RAG] Gemma 이미지 설명 완료 (page=13, 19.4s): 1452자
[RAG] Gemma 이미지 설명 완료 (page=13, 39.9s): 2520자
[RAG] Gemma 이미지 설명 완료 (page=13, 22.2s): 1538자
[RAG] Gemma 이미지 설명 완료 (page=13, 21.3s): 1195자
[RAG] Gemma 이미지 설명 완료 (page=13, 25.0s): 1404자
[RAG] Gemma 이미지 설명 완료 (page=13, 17.8s): 897자
[RAG] Gemma 이미지 설명 완료 (page=13, 20.0s): 1364자
[RAG] Gemma 이미지 설명 완료 (page=13, 18.0s): 1038자
[RAG] Gemma 이미지 설명 완료 (page=13, 19.5s): 1251자
[RAG] Gemma 이미지 설명 완료 (page=13, 23.9s): 1415자
[RAG] Gemma 이미지 설명 완료 (page=13, 20.4s): 1209자
[RAG] Gemma 이미지 설명 완료 (page=13, 21.7s): 1259자
[RAG] Gemma 이미지 설명 완료 (page=13, 20.8s): 1299자
[RAG] Gemma 이미지 설명 완료 (page=13, 22.1s): 1525자
[RAG] Gemma 이미지 설명 완료 (page=13, 22.1s): 1378자
[RAG] Gemma 이미지 설명 완료 (page=13, 21.3s): 1432자
[RAG] Gemma 이미지 설명 완료 (page=13, 24.0s): 1555자
[RAG] Gemma 이미지 설명 완료 (page=13, 35.9s): 2568자
[RAG] Gemma 이미지 설명 완료 (page=13, 21.8s): 1399자
[RAG] Gemma 이미지 설명 완료 (page=13, 19.6s): 1289자
[RAG] Gemma 이미지 설명 완료 (page=13, 19.2s): 1155자
[RAG] Gemma 이미지 설명 완료 (page=14, 20.3s): 1484자
[RAG] Gemma 이미지 설명 완료 (page=14, 24.2s): 1341자
[RAG] Gemma 이미지 설명 완료 (page=14, 20.1s): 1273자
[RAG] Gemma 이미지 설명 완료 (page=14, 21.3s): 1249자
[RAG] Gemma 이미지 설명 완료 (page=14, 23.7s): 1617자
[RAG] Gemma 이미지 설명 완료 (page=14, 18.8s): 1160자
[RAG] Gemma 이미지 설명 완료 (page=14, 29.0s): 1722자
[RAG] Gemma 이미지 설명 완료 (page=14, 26.1s): 1931자
[RAG] Gemma 이미지 설명 완료 (page=14, 21.6s): 1460자
[RAG] Gemma 이미지 설명 완료 (page=14, 20.3s): 1281자
[RAG] Gemma 이미지 설명 완료 (page=14, 21.9s): 1559자
[RAG] Gemma 이미지 설명 완료 (page=14, 20.9s): 1214자
[RAG] Gemma 이미지 설명 완료 (page=14, 21.2s): 1303자
[RAG] Gemma 이미지 설명 완료 (page=14, 20.1s): 1421자
[RAG] Gemma 이미지 설명 완료 (page=14, 19.7s): 1130자
[RAG] Gemma 이미지 설명 완료 (page=14, 20.8s): 1353자
[RAG] Gemma 이미지 설명 완료 (page=14, 19.9s): 1099자
[RAG] Gemma 이미지 설명 완료 (page=14, 21.4s): 1190자
[RAG] Gemma 이미지 설명 완료 (page=14, 18.7s): 996자
[RAG] Gemma 이미지 설명 완료 (page=14, 21.2s): 1363자
[RAG] Gemma 이미지 설명 완료 (page=14, 19.6s): 1178자
[RAG] Gemma 이미지 설명 완료 (page=14, 25.7s): 1506자
[RAG] Gemma 이미지 설명 완료 (page=14, 16.4s): 964자
[RAG] Gemma 이미지 설명 완료 (page=14, 19.5s): 1141자
[RAG] Gemma 이미지 설명 완료 (page=14, 19.7s): 1178자
[RAG] Gemma 이미지 설명 완료 (page=14, 15.0s): 760자
[RAG] Gemma 이미지 설명 완료 (page=14, 20.9s): 1236자
[RAG] Gemma 이미지 설명 완료 (page=14, 18.6s): 1126자
[RAG] Gemma 이미지 설명 완료 (page=14, 22.8s): 1399자
[RAG] Gemma 이미지 설명 완료 (page=14, 18.9s): 1266자
[RAG] Gemma 이미지 설명 완료 (page=14, 21.7s): 1464자
[RAG] Gemma 이미지 설명 완료 (page=14, 23.0s): 1481자
[RAG] Gemma 이미지 설명 완료 (page=14, 19.4s): 1167자
[RAG] Gemma 이미지 설명 완료 (page=14, 18.8s): 1117자
[RAG] Gemma 이미지 설명 완료 (page=14, 20.1s): 1304자
[RAG] Gemma 이미지 설명 완료 (page=14, 20.4s): 1249자
[RAG] Gemma 이미지 설명 완료 (page=14, 22.1s): 1542자
[RAG] Gemma 이미지 설명 완료 (page=14, 20.5s): 1142자
[RAG] Gemma 이미지 설명 완료 (page=14, 21.0s): 1332자
[RAG] Gemma 이미지 설명 완료 (page=14, 17.2s): 814자
[RAG] Gemma 이미지 설명 완료 (page=14, 23.1s): 1179자
[RAG] Gemma 이미지 설명 완료 (page=14, 20.7s): 1410자
[RAG] Gemma 이미지 설명 완료 (page=14, 20.6s): 1303자
[RAG] Gemma 이미지 설명 완료 (page=14, 20.7s): 1410자
[RAG] Gemma 이미지 설명 완료 (page=14, 18.0s): 1204자
[RAG] Gemma 이미지 설명 완료 (page=14, 19.2s): 1169자
[RAG] Gemma 이미지 설명 완료 (page=14, 16.8s): 786자
[RAG] Gemma 이미지 설명 완료 (page=14, 19.3s): 1039자
[RAG] Gemma 이미지 설명 완료 (page=14, 21.4s): 1554자
[RAG] Gemma 이미지 설명 완료 (page=14, 17.7s): 1095자
[RAG] Gemma 이미지 설명 완료 (page=14, 21.1s): 1406자
[RAG] Gemma 이미지 설명 완료 (page=14, 19.7s): 1440자
[RAG] Gemma 이미지 설명 완료 (page=14, 20.9s): 1280자
[RAG] Gemma 이미지 설명 완료 (page=14, 21.3s): 1253자
[RAG] Gemma 이미지 설명 완료 (page=14, 19.6s): 1405자
[RAG] Gemma 이미지 설명 완료 (page=14, 20.2s): 1274자
[RAG] Gemma 이미지 설명 완료 (page=14, 17.0s): 1044자
[RAG] Gemma 이미지 설명 완료 (page=14, 21.8s): 1399자
[RAG] Gemma 이미지 설명 완료 (page=14, 20.4s): 1241자
[RAG] Gemma 이미지 설명 완료 (page=14, 21.1s): 1421자
[RAG] Gemma 이미지 설명 완료 (page=14, 19.4s): 1154자
[RAG] Gemma 이미지 설명 완료 (page=14, 18.6s): 1035자
[RAG] Gemma 이미지 설명 완료 (page=15, 21.9s): 1444자
[RAG] Gemma 이미지 설명 완료 (page=15, 20.3s): 1290자
[RAG] Gemma 이미지 설명 완료 (page=15, 24.8s): 1505자
[RAG] Gemma 이미지 설명 완료 (page=15, 32.1s): 2154자
[RAG] Gemma 이미지 설명 완료 (page=15, 24.0s): 1736자
[RAG] Gemma 이미지 설명 완료 (page=15, 22.4s): 1360자
[RAG] Gemma 이미지 설명 완료 (page=15, 25.2s): 1915자
[RAG] Gemma 이미지 설명 완료 (page=15, 22.9s): 1476자
[RAG] Gemma 이미지 설명 완료 (page=15, 25.4s): 1493자
[RAG] Gemma 이미지 설명 완료 (page=15, 24.1s): 1647자
[RAG] Gemma 이미지 설명 완료 (page=15, 22.0s): 1330자
[RAG] Gemma 이미지 설명 완료 (page=15, 19.6s): 1236자
[RAG] Gemma 이미지 설명 완료 (page=15, 25.4s): 1745자
[RAG] Gemma 이미지 설명 완료 (page=15, 19.5s): 1392자
[RAG] Gemma 이미지 설명 완료 (page=15, 18.5s): 1300자
[RAG] Gemma 이미지 설명 완료 (page=15, 17.9s): 980자
[RAG] Gemma 이미지 설명 완료 (page=15, 22.0s): 1420자
[RAG] Gemma 이미지 설명 완료 (page=15, 24.8s): 1664자
[RAG] Gemma 이미지 설명 완료 (page=15, 25.3s): 1867자
[RAG] Gemma 이미지 설명 완료 (page=15, 21.1s): 1277자
[RAG] Gemma 이미지 설명 완료 (page=15, 21.8s): 1572자
[RAG] Gemma 이미지 설명 완료 (page=15, 23.9s): 1711자
[RAG] Gemma 이미지 설명 완료 (page=15, 37.2s): 2808자
[RAG] Gemma 이미지 설명 완료 (page=15, 37.0s): 2612자
[RAG] Gemma 이미지 설명 완료 (page=15, 36.6s): 2698자
[RAG] Gemma 이미지 설명 완료 (page=15, 31.5s): 1956자
[RAG] Gemma 이미지 설명 완료 (page=15, 19.4s): 1389자
[RAG] Gemma 이미지 설명 완료 (page=15, 20.0s): 1238자
[RAG] Gemma 이미지 설명 완료 (page=15, 19.2s): 1351자
[RAG] Gemma 이미지 설명 완료 (page=15, 19.5s): 1189자
[RAG] Gemma 이미지 설명 완료 (page=15, 23.7s): 1618자
[RAG] Gemma 이미지 설명 완료 (page=15, 19.5s): 1172자
[RAG] Gemma 이미지 설명 완료 (page=15, 17.1s): 833자
[RAG] Gemma 이미지 설명 완료 (page=15, 18.8s): 1214자
[RAG] Gemma 이미지 설명 완료 (page=15, 19.4s): 1116자
[RAG] Gemma 이미지 설명 완료 (page=15, 22.3s): 1538자
[RAG] Gemma 이미지 설명 완료 (page=15, 19.8s): 1209자
[RAG] Gemma 이미지 설명 완료 (page=15, 17.9s): 1161자
[RAG] Gemma 이미지 설명 완료 (page=15, 22.2s): 1223자
[RAG] Gemma 이미지 설명 완료 (page=15, 23.4s): 1644자
[RAG] Gemma 이미지 설명 완료 (page=15, 21.8s): 1294자
[RAG] Gemma 이미지 설명 완료 (page=15, 18.4s): 1213자
[RAG] Gemma 이미지 설명 완료 (page=15, 18.8s): 1155자
[RAG] Gemma 이미지 설명 완료 (page=15, 21.3s): 1342자
[RAG] Gemma 이미지 설명 완료 (page=15, 21.6s): 1418자
[RAG] Gemma 이미지 설명 완료 (page=15, 21.9s): 1265자
[RAG] Gemma 이미지 설명 완료 (page=15, 23.2s): 1462자
[RAG] Gemma 이미지 설명 완료 (page=15, 21.2s): 1395자
[RAG] Gemma 이미지 설명 완료 (page=15, 21.4s): 1476자
[RAG] Gemma 이미지 설명 완료 (page=15, 18.0s): 967자
[RAG] Gemma 이미지 설명 완료 (page=15, 20.6s): 1240자
[RAG] Gemma 이미지 설명 완료 (page=15, 18.7s): 1203자
[RAG] Gemma 이미지 설명 완료 (page=15, 22.3s): 1513자
[RAG] Gemma 이미지 설명 완료 (page=15, 21.4s): 1365자
[RAG] Gemma 이미지 설명 완료 (page=15, 20.0s): 1323자
[RAG] Gemma 이미지 설명 완료 (page=15, 20.7s): 1366자
[RAG] Gemma 이미지 설명 완료 (page=15, 20.2s): 1200자
[RAG] Gemma 이미지 설명 완료 (page=15, 19.6s): 1300자
[RAG] Gemma 이미지 설명 완료 (page=15, 19.9s): 1267자
[RAG] Gemma 이미지 설명 완료 (page=15, 15.8s): 927자
[RAG] Gemma 이미지 설명 완료 (page=15, 18.0s): 1193자
[RAG] Gemma 이미지 설명 완료 (page=15, 24.4s): 1804자
[RAG] Gemma 이미지 설명 완료 (page=15, 19.1s): 1060자
[RAG] Gemma 이미지 설명 완료 (page=15, 22.9s): 1470자
[RAG] Gemma 이미지 설명 완료 (page=15, 22.6s): 1392자
[RAG] Gemma 이미지 설명 완료 (page=15, 21.7s): 1323자
[RAG] Gemma 이미지 설명 완료 (page=15, 24.9s): 1904자
[RAG] Gemma 이미지 설명 완료 (page=15, 24.6s): 1656자
[RAG] Gemma 이미지 설명 완료 (page=15, 20.2s): 1113자
[RAG] Gemma 이미지 설명 완료 (page=15, 21.2s): 1459자
[RAG] Gemma 이미지 설명 완료 (page=15, 16.3s): 904자
[RAG] Gemma 이미지 설명 완료 (page=15, 21.9s): 1341자
[RAG] Gemma 이미지 설명 완료 (page=15, 17.0s): 806자
[RAG] Gemma 이미지 설명 완료 (page=15, 23.7s): 1604자
[RAG] Gemma 이미지 설명 완료 (page=15, 20.7s): 1402자
[RAG] Gemma 이미지 설명 완료 (page=15, 19.4s): 1273자
[RAG] Gemma 이미지 설명 완료 (page=15, 17.9s): 1154자
[RAG] Gemma 이미지 설명 완료 (page=15, 21.7s): 1399자
[RAG] Gemma 이미지 설명 완료 (page=15, 18.6s): 1194자
[RAG] Gemma 이미지 설명 완료 (page=16, 19.3s): 1277자
[RAG] Gemma 이미지 설명 완료 (page=16, 29.8s): 1803자
[RAG] Gemma 이미지 설명 완료 (page=16, 23.1s): 1549자
[RAG] Gemma 이미지 설명 완료 (page=16, 22.3s): 1424자
[RAG] Gemma 이미지 설명 완료 (page=16, 24.0s): 1499자
[RAG] Gemma 이미지 설명 완료 (page=16, 18.1s): 1148자
[RAG] Gemma 이미지 설명 완료 (page=16, 20.3s): 1297자
[RAG] Gemma 이미지 설명 완료 (page=16, 21.0s): 1165자
[RAG] Gemma 이미지 설명 완료 (page=16, 21.7s): 1505자
[RAG] Gemma 이미지 설명 완료 (page=16, 20.7s): 1278자
[RAG] Gemma 이미지 설명 완료 (page=16, 25.6s): 1588자
[RAG] Gemma 이미지 설명 완료 (page=16, 21.8s): 1449자
[RAG] Gemma 이미지 설명 완료 (page=16, 24.9s): 1744자
[RAG] Gemma 이미지 설명 완료 (page=16, 21.0s): 1382자
[RAG] Gemma 이미지 설명 완료 (page=16, 20.3s): 1182자
[RAG] Gemma 이미지 설명 완료 (page=16, 19.4s): 1352자
[RAG] Gemma 이미지 설명 완료 (page=16, 19.0s): 1358자
[RAG] Gemma 이미지 설명 완료 (page=16, 21.1s): 1247자
[RAG] Gemma 이미지 설명 완료 (page=16, 17.7s): 995자
[RAG] Gemma 이미지 설명 완료 (page=16, 17.4s): 1031자
[RAG] Gemma 이미지 설명 완료 (page=16, 21.5s): 1383자
[RAG] Gemma 이미지 설명 완료 (page=16, 28.4s): 1692자
[RAG] Gemma 이미지 설명 완료 (page=16, 21.1s): 1412자
[RAG] Gemma 이미지 설명 완료 (page=16, 20.0s): 1272자
[RAG] Gemma 이미지 설명 완료 (page=16, 21.6s): 1381자
[RAG] Gemma 이미지 설명 완료 (page=16, 17.0s): 856자
[RAG] Gemma 이미지 설명 완료 (page=16, 21.9s): 1463자
[RAG] Gemma 이미지 설명 완료 (page=16, 18.0s): 1187자
[RAG] Gemma 이미지 설명 완료 (page=16, 18.7s): 1203자
[RAG] Gemma 이미지 설명 완료 (page=16, 18.2s): 1020자
[RAG] Gemma 이미지 설명 완료 (page=16, 15.4s): 762자
[RAG] Gemma 이미지 설명 완료 (page=16, 18.1s): 1202자
[RAG] Gemma 이미지 설명 완료 (page=16, 18.9s): 1334자
[RAG] Gemma 이미지 설명 완료 (page=16, 23.0s): 1578자
[RAG] Gemma 이미지 설명 완료 (page=16, 20.5s): 1265자
[RAG] Gemma 이미지 설명 완료 (page=16, 16.9s): 1039자
[RAG] Gemma 이미지 설명 완료 (page=16, 21.1s): 1293자
[RAG] Gemma 이미지 설명 완료 (page=16, 20.1s): 1383자
[RAG] Gemma 이미지 설명 완료 (page=16, 22.4s): 1503자
[RAG] Gemma 이미지 설명 완료 (page=16, 21.8s): 1495자
[RAG] Gemma 이미지 설명 완료 (page=16, 23.5s): 1740자
[RAG] Gemma 이미지 설명 완료 (page=16, 20.1s): 1116자
[RAG] Gemma 이미지 설명 완료 (page=16, 22.7s): 1669자
[RAG] Gemma 이미지 설명 완료 (page=16, 22.2s): 1400자
[RAG] Gemma 이미지 설명 완료 (page=16, 22.4s): 1662자
[RAG] Gemma 이미지 설명 완료 (page=16, 22.7s): 1599자
[RAG] Gemma 이미지 설명 완료 (page=16, 24.7s): 1778자
[RAG] Gemma 이미지 설명 완료 (page=16, 21.7s): 1351자
[RAG] Gemma 이미지 설명 완료 (page=16, 19.1s): 1370자
[RAG] Gemma 이미지 설명 완료 (page=16, 19.1s): 1210자
[RAG] Gemma 이미지 설명 완료 (page=16, 22.4s): 1552자
[RAG] Gemma 이미지 설명 완료 (page=16, 24.1s): 1667자
[RAG] Gemma 이미지 설명 완료 (page=16, 22.2s): 1484자
[RAG] Gemma 이미지 설명 완료 (page=16, 21.2s): 1231자
[RAG] Gemma 이미지 설명 완료 (page=16, 19.0s): 1035자
[RAG] Gemma 이미지 설명 완료 (page=16, 22.4s): 1390자
[RAG] Gemma 이미지 설명 완료 (page=16, 18.2s): 1037자
[RAG] Gemma 이미지 설명 완료 (page=16, 14.6s): 787자
[RAG] Gemma 이미지 설명 완료 (page=16, 26.1s): 1667자
[RAG] Gemma 이미지 설명 완료 (page=16, 21.8s): 1374자
[RAG] Gemma 이미지 설명 완료 (page=16, 27.1s): 1727자
[RAG] Gemma 이미지 설명 완료 (page=16, 21.1s): 1032자
[RAG] Gemma 이미지 설명 완료 (page=16, 24.6s): 1824자
[RAG] Gemma 이미지 설명 완료 (page=16, 23.6s): 1462자
[RAG] Gemma 이미지 설명 완료 (page=16, 18.8s): 980자
[RAG] Gemma 이미지 설명 완료 (page=16, 18.0s): 901자
[RAG] Gemma 이미지 설명 완료 (page=16, 17.9s): 998자
[RAG] Gemma 이미지 설명 완료 (page=16, 17.6s): 923자
[RAG] Gemma 이미지 설명 완료 (page=16, 20.5s): 1272자
[RAG] Gemma 이미지 설명 완료 (page=16, 21.0s): 1153자
[RAG] Gemma 이미지 설명 완료 (page=16, 22.9s): 1671자
[RAG] Gemma 이미지 설명 완료 (page=16, 22.5s): 1390자
[RAG] Gemma 이미지 설명 완료 (page=16, 21.1s): 1428자
[RAG] Gemma 이미지 설명 완료 (page=16, 18.0s): 1171자
[RAG] Gemma 이미지 설명 완료 (page=16, 21.8s): 1335자
[RAG] Gemma 이미지 설명 완료 (page=16, 20.5s): 1202자
[RAG] Gemma 이미지 설명 완료 (page=16, 16.9s): 857자
[RAG] Gemma 이미지 설명 완료 (page=16, 18.4s): 1140자
[RAG] Gemma 이미지 설명 완료 (page=16, 14.2s): 716자
[RAG] Gemma 이미지 설명 완료 (page=16, 19.9s): 1233자
[RAG] Gemma 이미지 설명 완료 (page=17, 19.3s): 1277자
[RAG] Gemma 이미지 설명 완료 (page=17, 27.5s): 1767자
[RAG] Gemma 이미지 설명 완료 (page=17, 20.7s): 1322자
[RAG] Gemma 이미지 설명 완료 (page=17, 21.7s): 1291자
[RAG] Gemma 이미지 설명 완료 (page=17, 23.2s): 1583자
[RAG] Gemma 이미지 설명 완료 (page=17, 25.1s): 1604자
[RAG] Gemma 이미지 설명 완료 (page=17, 20.8s): 1496자
[RAG] Gemma 이미지 설명 완료 (page=17, 23.4s): 1568자
[RAG] Gemma 이미지 설명 완료 (page=17, 24.0s): 1647자
[RAG] Gemma 이미지 설명 완료 (page=17, 18.9s): 1299자
[RAG] Gemma 이미지 설명 완료 (page=17, 22.0s): 1347자
[RAG] Gemma 이미지 설명 완료 (page=17, 19.7s): 1467자
[RAG] Gemma 이미지 설명 완료 (page=17, 23.9s): 1542자
[RAG] Gemma 이미지 설명 완료 (page=17, 20.5s): 1401자
[RAG] Gemma 이미지 설명 완료 (page=17, 20.7s): 1456자
[RAG] Gemma 이미지 설명 완료 (page=17, 18.9s): 1073자
[RAG] Gemma 이미지 설명 완료 (page=17, 20.3s): 1230자
[RAG] Gemma 이미지 설명 완료 (page=17, 24.0s): 1684자
[RAG] Gemma 이미지 설명 완료 (page=17, 23.5s): 1659자
[RAG] Gemma 이미지 설명 완료 (page=17, 21.5s): 1232자
[RAG] Gemma 이미지 설명 완료 (page=17, 22.3s): 1518자
[RAG] Gemma 이미지 설명 완료 (page=17, 20.1s): 1447자
[RAG] Gemma 이미지 설명 완료 (page=17, 22.8s): 1645자
[RAG] Gemma 이미지 설명 완료 (page=17, 18.5s): 991자
[RAG] Gemma 이미지 설명 완료 (page=17, 21.1s): 1393자
[RAG] Gemma 이미지 설명 완료 (page=17, 21.7s): 1399자
[RAG] Gemma 이미지 설명 완료 (page=17, 19.0s): 1100자
[RAG] Gemma 이미지 설명 완료 (page=18, 22.4s): 1568자
[RAG] Gemma 이미지 설명 완료 (page=18, 25.0s): 1601자
[RAG] Gemma 이미지 설명 완료 (page=18, 19.6s): 1390자
[RAG] Gemma 이미지 설명 완료 (page=18, 22.7s): 1634자
[RAG] PDF 학습 완료: IR_포지티브섬_외부공유용_V202601pdf.pdf (3223청크)
[RAG] 분리 저장 완료: /home/freegear/EasyDocStation/Database/ObjectFile/FileTrainingData/230819f2-bdd8-4a83-a9db-234b7397e5a8/no_comment/1a9e3432-782a-4886-a1b2-dcac6a599384/IR_포지티브섬_외부공유용_V202601pdf.pdf
[RAG] 학습 진행률: 60% (게시글 PDF)
[RAG] post=3d239121-50a7-4247-8853-f02216c75261 text → 1청크
[RAG] PDF 학습 시작: DFlux_회사(제품)소개서.pdf
[RAG] PDF 파싱 시작 (Unstructured fast): DFlux_회사(제품)소개서.pdf
Cannot set non-stroke color because expected 3 components but got [1]
Cannot set non-stroke color because expected 3 components but got [1]
Cannot set non-stroke color because expected 3 components but got [1]
Cannot set non-stroke color because expected 3 components but got [1]
Cannot set non-stroke color because expected 3 components but got [1]
[RAG] PDF 파싱 완료 (Unstructured fast): DFlux_회사(제품)소개서.pdf / elements=430 / 0.9s
Cannot set non-stroke color because expected 3 components but got [1]
Cannot set non-stroke color because expected 3 components but got [1]
Cannot set non-stroke color because expected 3 components but got [1]
Cannot set non-stroke color because expected 3 components but got [1]
Cannot set non-stroke color because expected 3 components but got [1]
[RAG] AUTO 복잡 페이지 판별: 34/34 pages (text<120 또는 표/이미지)
[RAG] PDF 파싱 시작 (Unstructured hi_res): DFlux_회사(제품)소개서.pdf
Cannot set non-stroke color because expected 3 components but got [1]
Cannot set non-stroke color because expected 3 components but got [1]
Cannot set non-stroke color because expected 3 components but got [1]
Cannot set non-stroke color because expected 3 components but got [1]
Cannot set non-stroke color because expected 3 components but got [1]
[RAG] PDF 파싱 진행중: DFlux_회사(제품)소개서.pdf (10s 경과)
[RAG] PDF 파싱 진행중: DFlux_회사(제품)소개서.pdf (20s 경과)
[RAG] PDF 파싱 진행중: DFlux_회사(제품)소개서.pdf (30s 경과)
Cannot set non-stroke color because expected 3 components but got [1]
Cannot set non-stroke color because expected 3 components but got [1]
Cannot set non-stroke color because expected 3 components but got [1]
Cannot set non-stroke color because expected 3 components but got [1]
Cannot set non-stroke color because expected 3 components but got [1]
[RAG] PDF 파싱 진행중: DFlux_회사(제품)소개서.pdf (40s 경과)
[RAG] PDF 파싱 진행중: DFlux_회사(제품)소개서.pdf (50s 경과)
[RAG] PDF 파싱 진행중: DFlux_회사(제품)소개서.pdf (60s 경과)
[RAG] PDF 파싱 진행중: DFlux_회사(제품)소개서.pdf (70s 경과)
[RAG] PDF 파싱 진행중: DFlux_회사(제품)소개서.pdf (80s 경과)
[RAG] PDF 파싱 진행중: DFlux_회사(제품)소개서.pdf (90s 경과)
[RAG] PDF 파싱 진행중: DFlux_회사(제품)소개서.pdf (100s 경과)
[RAG] PDF 파싱 진행중: DFlux_회사(제품)소개서.pdf (110s 경과)
[RAG] PDF 파싱 진행중: DFlux_회사(제품)소개서.pdf (120s 경과)
[RAG] PDF 파싱 진행중: DFlux_회사(제품)소개서.pdf (130s 경과)
[RAG] PDF 파싱 진행중: DFlux_회사(제품)소개서.pdf (140s 경과)
[RAG] PDF 파싱 완료 (Unstructured hi_res): DFlux_회사(제품)소개서.pdf / elements=392 / 148.4s
Cannot set non-stroke color because expected 3 components but got [1]
Cannot set non-stroke color because expected 3 components but got [1]
Cannot set non-stroke color because expected 3 components but got [1]
Cannot set non-stroke color because expected 3 components but got [1]
Cannot set non-stroke color because expected 3 components but got [1]
[RAG] AUTO 전략 적용 완료: fast=430, hi_res_subset=392, merged=392
[RAG] Gemma 이미지 설명 완료 (page=1, 26.9s): 1919자
[RAG] Gemma 이미지 설명 완료 (page=1, 29.8s): 2170자
[RAG] Gemma 이미지 설명 완료 (page=1, 25.6s): 1635자
[RAG] Gemma 이미지 설명 완료 (page=2, 30.3s): 1889자
[RAG] Gemma 이미지 설명 완료 (page=2, 29.6s): 2038자
[RAG] Gemma 이미지 설명 완료 (page=2, 33.1s): 2344자
[RAG] Gemma 이미지 설명 완료 (page=2, 28.8s): 1811자
[RAG] Gemma 이미지 설명 완료 (page=2, 30.4s): 1917자
[RAG] Gemma 이미지 설명 완료 (page=2, 34.5s): 2434자
[RAG] Gemma 이미지 설명 완료 (page=3, 34.4s): 2417자
[RAG] Gemma 이미지 설명 완료 (page=3, 31.5s): 2376자
[RAG] Gemma 이미지 설명 완료 (page=3, 28.6s): 2052자
[RAG] Gemma 이미지 설명 완료 (page=3, 34.4s): 2713자
[RAG] Gemma 이미지 설명 완료 (page=3, 31.6s): 2326자
[RAG] Gemma 이미지 설명 완료 (page=3, 27.1s): 1885자
[RAG] Gemma 이미지 설명 완료 (page=3, 36.7s): 2716자
[RAG] Gemma 이미지 설명 완료 (page=3, 31.8s): 2336자
[RAG] Gemma 이미지 설명 완료 (page=3, 26.6s): 1844자
[RAG] Gemma 이미지 설명 완료 (page=3, 29.0s): 1914자
[RAG] Gemma 이미지 설명 완료 (page=3, 32.5s): 2486자
[RAG] Gemma 이미지 설명 완료 (page=3, 31.1s): 2672자
[RAG] Gemma 이미지 설명 완료 (page=3, 30.7s): 2256자
[RAG] Gemma 이미지 설명 완료 (page=3, 29.9s): 2311자
[RAG] Gemma 이미지 설명 완료 (page=3, 33.0s): 2609자
[RAG] Gemma 이미지 설명 완료 (page=3, 29.7s): 2486자
[RAG] Gemma 이미지 설명 완료 (page=3, 41.7s): 2893자
[RAG] Gemma 이미지 설명 완료 (page=3, 29.5s): 2159자
[RAG] Gemma 이미지 설명 완료 (page=3, 29.9s): 2135자
[RAG] Gemma 이미지 설명 완료 (page=3, 30.0s): 2107자
[RAG] Gemma 이미지 설명 완료 (page=3, 27.7s): 2045자
[RAG] Gemma 이미지 설명 완료 (page=3, 28.3s): 2183자
[RAG] Gemma 이미지 설명 완료 (page=3, 29.3s): 1986자
[RAG] Gemma 이미지 설명 완료 (page=3, 28.4s): 1958자
[RAG] Gemma 이미지 설명 완료 (page=3, 29.0s): 1634자
[RAG] Gemma 이미지 설명 완료 (page=3, 32.0s): 1920자
[RAG] Gemma 이미지 설명 완료 (page=3, 28.5s): 1597자
[RAG] Gemma 이미지 설명 완료 (page=3, 29.9s): 2610자
[RAG] Gemma 이미지 설명 완료 (page=3, 29.3s): 1960자
[RAG] Gemma 이미지 설명 완료 (page=3, 31.3s): 1750자
[RAG] Gemma 이미지 설명 완료 (page=4, 36.9s): 2518자
[RAG] Gemma 이미지 설명 완료 (page=4, 33.0s): 2075자
[RAG] Gemma 이미지 설명 완료 (page=5, 34.5s): 2444자
[RAG] Gemma 이미지 설명 완료 (page=7, 25.5s): 1730자
[RAG] Gemma 이미지 설명 완료 (page=7, 26.0s): 1825자
[RAG] Gemma 이미지 설명 완료 (page=7, 26.3s): 1802자
[RAG] Gemma 이미지 설명 완료 (page=7, 30.3s): 2262자
[RAG] Gemma 이미지 설명 완료 (page=7, 21.5s): 1446자
[RAG] Gemma 이미지 설명 완료 (page=7, 24.0s): 1634자
[RAG] Gemma 이미지 설명 완료 (page=7, 18.9s): 1168자
[RAG] Gemma 이미지 설명 완료 (page=7, 31.5s): 2181자
[RAG] Gemma 이미지 설명 완료 (page=7, 25.3s): 1611자
[RAG] Gemma 이미지 설명 완료 (page=7, 26.3s): 1844자
[RAG] Gemma 이미지 설명 완료 (page=7, 32.5s): 2322자
[RAG] Gemma 이미지 설명 완료 (page=8, 28.1s): 1846자
[RAG] Gemma 이미지 설명 완료 (page=8, 28.9s): 1914자
[RAG] Gemma 이미지 설명 완료 (page=8, 28.6s): 2048자
[RAG] Gemma 이미지 설명 완료 (page=8, 28.2s): 2019자
[RAG] Gemma 이미지 설명 완료 (page=8, 31.2s): 2027자
[RAG] Gemma 이미지 설명 완료 (page=8, 25.8s): 1659자
[RAG] Gemma 이미지 설명 완료 (page=9, 26.4s): 1679자
[RAG] Gemma 이미지 설명 완료 (page=9, 34.6s): 2185자
[RAG] Gemma 이미지 설명 완료 (page=9, 26.5s): 1845자
[RAG] Gemma 이미지 설명 완료 (page=9, 28.3s): 1816자
[RAG] Gemma 이미지 설명 완료 (page=9, 40.0s): 2500자
[RAG] Gemma 이미지 설명 완료 (page=9, 39.9s): 2643자
[RAG] Gemma 이미지 설명 완료 (page=9, 31.9s): 2245자
[RAG] Gemma 이미지 설명 완료 (page=9, 27.8s): 1809자
[RAG] Gemma 이미지 설명 완료 (page=10, 37.5s): 2313자
[RAG] Gemma 이미지 설명 완료 (page=10, 26.1s): 1677자
[RAG] Gemma 이미지 설명 완료 (page=10, 35.9s): 2334자
[RAG] Gemma 이미지 설명 완료 (page=10, 29.4s): 1768자
[RAG] Gemma 이미지 설명 완료 (page=10, 32.4s): 2028자
[RAG] Gemma 이미지 설명 완료 (page=10, 25.7s): 1810자
[RAG] Gemma 이미지 설명 완료 (page=10, 25.1s): 1492자
[RAG] Gemma 이미지 설명 완료 (page=12, 29.0s): 1827자
[RAG] Gemma 이미지 설명 완료 (page=12, 29.4s): 1775자
[RAG] Gemma 이미지 설명 완료 (page=12, 32.5s): 2169자
[RAG] Gemma 이미지 설명 완료 (page=12, 34.0s): 2308자
[RAG] Gemma 이미지 설명 완료 (page=12, 24.3s): 1626자
[RAG] Gemma 이미지 설명 완료 (page=12, 26.0s): 1745자
[RAG] Gemma 이미지 설명 완료 (page=12, 31.6s): 2029자
[RAG] Gemma 이미지 설명 완료 (page=12, 29.6s): 1941자
[RAG] Gemma 이미지 설명 완료 (page=12, 33.0s): 2119자
[RAG] Gemma 이미지 설명 완료 (page=12, 30.9s): 2197자
[RAG] Gemma 이미지 설명 완료 (page=13, 28.6s): 1961자
[RAG] Gemma 이미지 설명 완료 (page=13, 28.6s): 1740자
[RAG] Gemma 이미지 설명 완료 (page=13, 23.2s): 1365자
[RAG] Gemma 이미지 설명 완료 (page=13, 31.9s): 2009자
[RAG] Gemma 이미지 설명 완료 (page=14, 38.1s): 2539자
[RAG] Gemma 이미지 설명 완료 (page=14, 29.0s): 1844자
[RAG] Gemma 이미지 설명 완료 (page=14, 34.3s): 2233자
[RAG] Gemma 이미지 설명 완료 (page=14, 26.4s): 1643자
[RAG] Gemma 이미지 설명 완료 (page=14, 29.8s): 1862자
[RAG] Gemma 이미지 설명 완료 (page=14, 26.6s): 1526자
[RAG] Gemma 이미지 설명 완료 (page=15, 30.9s): 2091자
[RAG] Gemma 이미지 설명 완료 (page=15, 35.4s): 2195자
[RAG] Gemma 이미지 설명 완료 (page=15, 26.2s): 1812자
[RAG] Gemma 이미지 설명 완료 (page=15, 39.5s): 2471자
[RAG] Gemma 이미지 설명 완료 (page=15, 37.1s): 2476자
[RAG] Gemma 이미지 설명 완료 (page=15, 30.9s): 2026자
[RAG] Gemma 이미지 설명 완료 (page=15, 39.2s): 2877자
[RAG] Gemma 이미지 설명 완료 (page=15, 25.2s): 1495자
[RAG] Gemma 이미지 설명 완료 (page=15, 29.6s): 1926자
[RAG] Gemma 이미지 설명 완료 (page=15, 27.4s): 1716자
[RAG] Gemma 이미지 설명 완료 (page=15, 25.4s): 1644자
[RAG] Gemma 이미지 설명 완료 (page=17, 28.9s): 1813자
[RAG] Gemma 이미지 설명 완료 (page=17, 28.6s): 1915자
[RAG] Gemma 이미지 설명 완료 (page=17, 31.1s): 1924자
[RAG] Gemma 이미지 설명 완료 (page=17, 31.9s): 1880자
[RAG] Gemma 이미지 설명 완료 (page=18, 25.8s): 1427자
[RAG] Gemma 이미지 설명 완료 (page=18, 26.4s): 1755자
[RAG] Gemma 이미지 설명 완료 (page=18, 32.0s): 2034자
[RAG] Gemma 이미지 설명 완료 (page=20, 26.3s): 1761자
[RAG] Gemma 이미지 설명 완료 (page=20, 27.9s): 1847자
[RAG] Gemma 이미지 설명 완료 (page=20, 27.0s): 1725자
[RAG] Gemma 이미지 설명 완료 (page=20, 29.1s): 1700자
[RAG] Gemma 이미지 설명 완료 (page=21, 33.8s): 2265자
[RAG] Gemma 이미지 설명 완료 (page=21, 31.3s): 2342자
[RAG] Gemma 이미지 설명 완료 (page=21, 30.6s): 1994자
[RAG] Gemma 이미지 설명 완료 (page=21, 32.3s): 1964자
[RAG] Gemma 이미지 설명 완료 (page=22, 30.5s): 2218자
[2026-05-31T20:53:22.425Z][RAG-REBUILD] 임시 RAG 임베딩 서버 종료: code=null
[2026-05-31T20:53:22.675Z][RAG-REBUILD] 실패: Error: rag_train.py 실패 / exit code=none / signal=SIGTERM / timeout=없음

stderr:
/home/freegear/EasyDocStation/server/rag_train.py:111: DeprecationWarning: `langchain-community` is being sunset and is no longer actively maintained. See https://github.com/langchain-ai/langchain-community/issues/674 for details and migration guidance toward standalone integration packages.
  from langchain_community.document_loaders import Docx2txtLoader
Loading weights:   0%|          | 0/367 [00:00<?, ?it/s]Loading weights: 100%|██████████| 367/367 [00:00<00:00, 7488.66it/s]
Cannot set non-stroke color because expected 3 components but got [1]
Cannot set non-stroke color because expected 3 components but got [1]
Cannot set non-stroke color because expected 3 components but got [1]
Cannot set non-stroke color because expected 3 components but got [1]
Cannot set non-stroke color because expected 3 components but got [1]
Cannot set non-stroke color because expected 3 components but got [1]
Cannot set non-stroke color because expected 3 components but got [1]
Cannot set non-stroke color because expected 3 components but got [1]
Cannot set non-stroke color because expected 3 components but got [1]
Cannot set non-stroke color because expected 3 components but got [1]
Cannot set non-stroke color because expected 3 components but got [1]
Cannot set non-stroke color because expected 3 components but got [1]
Cannot set non-stroke color because expected 3 components but got [1]
Cannot set non-stroke color because expected 3 components but got [1]
Cannot set non-stroke color because expected 3 components but got [1]
Cannot set non-stroke color because expected 3 components but got [1]
Cannot set non-stroke color because expected 3 components but got [1]
Cannot set non-stroke color because expected 3 components but got [1]
Cannot set non-stroke color because expected 3 components but got [1]
Cannot set non-stroke color because expected 3 components but got [1]
Cannot set non-stroke color because expected 3 components but got [1]
Cannot set non-stroke color because expected 3 components but got [1]
Cannot set non-stroke color because expected 3 components but got [1]
Cannot set non-stroke color because expected 3 components but got [1]
Cannot set non-stroke color because expected 3 components but got [1]
    at ChildProcess.<anonymous> (/home/freegear/EasyDocStation/server/scripts/rebuild-rag-all.js:466:16)
    at ChildProcess.emit (node:events:519:28)
    at maybeClose (node:internal/child_process:1101:16)
    at ChildProcess._handle.onexit (node:internal/child_process:304:5)
Terminated
[20260601-05:53:22][RAG-REBUILD] 전체 RAG 재학습 실패 또는 중단 (exit=143)
[20260601-05:53:23][RAG-REBUILD] 전체 RAG 재학습 정상 종료
[20260601-05:57:17][RAG-REBUILD] 전체 RAG 재학습 시작
[20260601-05:57:17][RAG-REBUILD] 로그 파일: /home/freegear/EasyDocStation/logs/rebuild-rag-all.log
[20260601-05:57:18][RAG-REBUILD] EASYDOC_REBUILD_KEEP_APP=1: 실행 중인 EasyDocStation은 유지합니다.
[20260601-05:57:18][RAG-REBUILD] RAG 저장소 초기화
[Reset] 대상 경로
  - LanceDB:        /home/freegear/EasyDocStation/Database/LanceDB
  - FileTrainingData: /home/freegear/EasyDocStation/Database/ObjectFile/FileTrainingData
[Reset] 완료
  - LanceDB 내부 초기화 완료
  - FileTrainingData 내부 초기화 완료
[20260601-05:57:18][RAG-REBUILD] 모든 팀/채널 게시글, 댓글, 첨부 문서, 이미지 재학습
[2026-05-31T20:57:18.274Z][RAG-REBUILD] Python: /home/freegear/EasyDocStation/.venv/bin/python3
[2026-05-31T20:57:18.274Z][RAG-REBUILD] 배치 크기: 10
✅ Database migration complete.
[2026-05-31T20:57:19.170Z][RAG-REBUILD] "찾을 수 없습니다"류의 이전 AI 실패 답변은 RAG 오염 방지를 위해 제외합니다.
✅ Cassandra connected
✅ Cassandra schema initialized
[2026-05-31T20:57:19.196Z][RAG-REBUILD] ObjectFile Path: /home/freegear/EasyDocStation/Database/ObjectFile
[2026-05-31T20:57:19.196Z][RAG-REBUILD] LanceDB Path: /home/freegear/EasyDocStation/Database/LanceDB
[2026-05-31T20:57:19.196Z][RAG-REBUILD] 배치 학습 시간 제한: 없음
[2026-05-31T20:57:19.199Z][RAG-REBUILD] 기존 RAG 임베딩 서버 사용: 127.0.0.1:5001
[2026-05-31T20:57:19.220Z][RAG-REBUILD] 조회 완료: 게시글 383건, 댓글 567건
[2026-05-31T20:57:19.223Z][RAG-REBUILD] 파싱 미지원 첨부 형식, 메타데이터만 본문에 포함 예정: KakaoTalk_20260422_140922251.mp4 (video/mp4)
[2026-05-31T20:57:19.224Z][RAG-REBUILD] 파싱 미지원 첨부 형식, 메타데이터만 본문에 포함 예정: KakaoTalk_20260119_110833374.mp4 (video/mp4)
[2026-05-31T20:57:19.224Z][RAG-REBUILD] 파싱 미지원 첨부 형식, 메타데이터만 본문에 포함 예정: KakaoTalk_20251117_145851003.mp4 (video/mp4)
[2026-05-31T20:57:19.224Z][RAG-REBUILD] 파싱 미지원 첨부 형식, 메타데이터만 본문에 포함 예정: KakaoTalk_20251016_184653386.mp4 (video/mp4)
[2026-05-31T20:57:19.224Z][RAG-REBUILD] 파싱 미지원 첨부 형식, 메타데이터만 본문에 포함 예정: KakaoTalk_20251013_152939797.mp4 (video/mp4)
[2026-05-31T20:57:19.224Z][RAG-REBUILD] 파싱 미지원 첨부 형식, 메타데이터만 본문에 포함 예정: G-TLD_Hongik University.mp4 (video/mp4)
[2026-05-31T20:57:19.224Z][RAG-REBUILD] 파싱 미지원 첨부 형식, 메타데이터만 본문에 포함 예정: G-TLD_Hoka.mp4 (video/mp4)
[2026-05-31T20:57:19.225Z][RAG-REBUILD] 파싱 미지원 첨부 형식, 메타데이터만 본문에 포함 예정: G-TLD_CES.mp4 (video/mp4)
[2026-05-31T20:57:19.225Z][RAG-REBUILD] 파싱 미지원 첨부 형식, 메타데이터만 본문에 포함 예정: G-TLD_BUS.mp4 (video/mp4)
[2026-05-31T20:57:19.225Z][RAG-REBUILD] 파싱 미지원 첨부 형식, 메타데이터만 본문에 포함 예정: 스미토모.mp4 (video/mp4)
[2026-05-31T20:57:19.225Z][RAG-REBUILD] 파싱 미지원 첨부 형식, 메타데이터만 본문에 포함 예정: 202604 G-TLD 표준제안서.pptx (application/vnd.openxmlformats-officedocument.presentationml.presentation)
[2026-05-31T20:57:19.225Z][RAG-REBUILD] 파싱 미지원 첨부 형식, 메타데이터만 본문에 포함 예정: 2025년 국립중앙박물관 COB1.53 설치 사례.mp4 (video/mp4)
[2026-05-31T20:57:19.225Z][RAG-REBUILD] 파싱 미지원 첨부 형식, 메타데이터만 본문에 포함 예정: KakaoTalk_Video_2026-05-10-14-25-25.mp4 (video/mp4)
[2026-05-31T20:57:19.227Z][RAG-REBUILD] 파싱 미지원 첨부 형식, 메타데이터만 본문에 포함 예정: hyundai_ansim_proposal_1.2.pptx (application/vnd.openxmlformats-officedocument.presentationml.presentation)
[2026-05-31T20:57:19.227Z][RAG-REBUILD] 파싱 미지원 첨부 형식, 메타데이터만 본문에 포함 예정: hyundai_ansim_proposal_1.3.pptx (application/vnd.openxmlformats-officedocument.presentationml.presentation)
[2026-05-31T20:57:19.227Z][RAG-REBUILD] 파싱 미지원 첨부 형식, 메타데이터만 본문에 포함 예정: 마곡더그리드 시스템 설치공사 견적서_1차 발신_260506.xlsx (application/vnd.openxmlformats-officedocument.spreadsheetml.sheet)
[2026-05-31T20:57:19.227Z][RAG-REBUILD] 파싱 미지원 첨부 형식, 메타데이터만 본문에 포함 예정: TADS-Rplus 260227.pptx (application/vnd.openxmlformats-officedocument.presentationml.presentation)
[2026-05-31T20:57:19.228Z][RAG-REBUILD] 파싱 미지원 첨부 형식, 메타데이터만 본문에 포함 예정: 수량 산출 및 검토사항_260429.xlsx (application/vnd.openxmlformats-officedocument.spreadsheetml.sheet)
[2026-05-31T20:57:19.228Z][RAG-REBUILD] 파싱 미지원 첨부 형식, 메타데이터만 본문에 포함 예정: HD_마곡현장_설치계획_V0.2_0428.pptx (application/vnd.openxmlformats-officedocument.presentationml.presentation)
[2026-05-31T20:57:19.229Z][RAG-REBUILD] 파싱 미지원 첨부 형식, 메타데이터만 본문에 포함 예정: CREMA_2.2.6.zip (application/zip)
[2026-05-31T20:57:19.229Z][RAG-REBUILD] 파싱 미지원 첨부 형식, 메타데이터만 본문에 포함 예정: CremaXample.exe (application/x-msdownload)
[2026-05-31T20:57:19.229Z][RAG-REBUILD] 파싱 미지원 첨부 형식, 메타데이터만 본문에 포함 예정: _talkf_wzc5u730qA_w0QcXNt3AR0NzRImDK2Ch0_f_e3e84459a45f 2.MP4 (video/mp4)
[2026-05-31T20:57:19.229Z][RAG-REBUILD] 파싱 미지원 첨부 형식, 메타데이터만 본문에 포함 예정: _talkf_wzc5u730qA_w0QcXNt3AR0NzRImDK2Ch0_f_e3e84459a45f.MP4 (video/mp4)
[2026-05-31T20:57:19.229Z][RAG-REBUILD] 파싱 미지원 첨부 형식, 메타데이터만 본문에 포함 예정: _talkf_wzc7lJZN7U_5LkTDBZz1x10BYxK7eP7Ik_f_e236cc9d6298 2.MP4 (video/mp4)
[2026-05-31T20:57:19.229Z][RAG-REBUILD] 파싱 미지원 첨부 형식, 메타데이터만 본문에 포함 예정: _talkf_wzc7lJZN7U_5LkTDBZz1x10BYxK7eP7Ik_f_e236cc9d6298.MP4 (video/mp4)
[2026-05-31T20:57:19.229Z][RAG-REBUILD] 파싱 미지원 첨부 형식, 메타데이터만 본문에 포함 예정: _talkf_wzM72BH2sd_PbWOThKHgsL9fpe4oQ91e1_f_81d284e251e6.mp4 (video/mp4)
[2026-05-31T20:57:19.229Z][RAG-REBUILD] 파싱 미지원 첨부 형식, 메타데이터만 본문에 포함 예정: Pop Girl.mp4 (video/mp4)
[2026-05-31T20:57:19.230Z][RAG-REBUILD] 파싱 미지원 첨부 형식, 메타데이터만 본문에 포함 예정: 구매자금 협조 요청서 .hwpx (unknown)
[2026-05-31T20:57:19.231Z][RAG-REBUILD] 파싱 미지원 첨부 형식, 메타데이터만 본문에 포함 예정: stock_recommend_quant.py (text/x-python-script)
[2026-05-31T20:57:19.231Z][RAG-REBUILD] 파싱 미지원 첨부 형식, 메타데이터만 본문에 포함 예정: GTL.xlsx (application/vnd.openxmlformats-officedocument.spreadsheetml.sheet)
[2026-05-31T20:57:19.232Z][RAG-REBUILD] 파싱 미지원 첨부 형식, 메타데이터만 본문에 포함 예정: WhiteOWL_260525.xlsx (application/vnd.openxmlformats-officedocument.spreadsheetml.sheet)
[2026-05-31T20:57:19.233Z][RAG-REBUILD] 파싱 미지원 첨부 형식, 메타데이터만 본문에 포함 예정: 화면 기록 2026-05-17 오후 4.18.12.mov (video/quicktime)
[2026-05-31T20:57:19.241Z][RAG-REBUILD] 파싱 미지원 첨부 형식, 메타데이터만 본문에 포함 예정: IP-VAV_&_Wi-F260410韓国版.mp4 (video/mp4)
[2026-05-31T20:57:19.241Z][RAG-REBUILD] 파싱 미지원 첨부 형식, 메타데이터만 본문에 포함 예정: AIが創る、次世代のスマートオフィス韓国語字幕.mp4 (video/mp4)
[2026-05-31T20:57:19.241Z][RAG-REBUILD] 파싱 미지원 첨부 형식, 메타데이터만 본문에 포함 예정: 【案】AI画像解析カメラソリューション_要件一覧_v1.0.xlsx (application/vnd.openxmlformats-officedocument.spreadsheetml.sheet)
[2026-05-31T20:57:19.242Z][RAG-REBUILD] 파싱 미지원 첨부 형식, 메타데이터만 본문에 포함 예정: 공모중점기술7종컨셉예시_yh수정.hwpx (unknown)
[2026-05-31T20:57:19.243Z][RAG-REBUILD] 파싱 미지원 첨부 형식, 메타데이터만 본문에 포함 예정: 과제수행목록_1.1.xlsx (application/vnd.openxmlformats-officedocument.spreadsheetml.sheet)
[2026-05-31T20:57:19.243Z][RAG-REBUILD] 파싱 미지원 첨부 형식, 메타데이터만 본문에 포함 예정: 1. 연구개발계획서_트리포스_v1.4.hwp (unknown)
[2026-05-31T20:57:19.243Z][RAG-REBUILD] 파싱 미지원 첨부 형식, 메타데이터만 본문에 포함 예정: 1. 연구개발계획서_트리포스_v1.5 (1).hwp (unknown)
[2026-05-31T20:57:19.243Z][RAG-REBUILD] 파싱 미지원 첨부 형식, 메타데이터만 본문에 포함 예정: 1. 연구개발계획서_트리포스_v1.7_SC.hwp (unknown)
[2026-05-31T20:57:19.243Z][RAG-REBUILD] 파싱 미지원 첨부 형식, 메타데이터만 본문에 포함 예정: 1. 연구개발계획서_트리포스_v1.7_SC.hwp (unknown)
[2026-05-31T20:57:19.243Z][RAG-REBUILD] 파싱 미지원 첨부 형식, 메타데이터만 본문에 포함 예정: 1. 연구개발계획서_트리포스_v1.99.hwp (unknown)
[2026-05-31T20:57:19.243Z][RAG-REBUILD] 파싱 미지원 첨부 형식, 메타데이터만 본문에 포함 예정: 1. 연구개발계획서_트리포스_v1.999.hwp (unknown)
[2026-05-31T20:57:19.243Z][RAG-REBUILD] 파싱 미지원 첨부 형식, 메타데이터만 본문에 포함 예정: 1. 연구개발계획서_트리포스_v1.9999_SC.hwp (unknown)
[2026-05-31T20:57:19.243Z][RAG-REBUILD] 파싱 미지원 첨부 형식, 메타데이터만 본문에 포함 예정: 1. 연구개발계획서_트리포스_v1.9999_SC.hwp (unknown)
[2026-05-31T20:57:19.243Z][RAG-REBUILD] 파싱 미지원 첨부 형식, 메타데이터만 본문에 포함 예정: 연구개발계획서_트리포스_최종.hwp (unknown)
[2026-05-31T20:57:19.243Z][RAG-REBUILD] 파싱 미지원 첨부 형식, 메타데이터만 본문에 포함 예정: 안전과제.xlsx (application/vnd.openxmlformats-officedocument.spreadsheetml.sheet)
[2026-05-31T20:57:19.243Z][RAG-REBUILD] 파싱 미지원 첨부 형식, 메타데이터만 본문에 포함 예정: 연구개발계획서_트리포스_최종-1.1.hwp (unknown)
[2026-05-31T20:57:19.243Z][RAG-REBUILD] 파싱 미지원 첨부 형식, 메타데이터만 본문에 포함 예정: [붙임 3] 4대 업무혁신 분야 및 품목개요서 (1).hwpx (unknown)
[2026-05-31T20:57:19.243Z][RAG-REBUILD] 파싱 미지원 첨부 형식, 메타데이터만 본문에 포함 예정: [붙임 1-1] 신청방법 및 신청 또는 지원 제외사항 등 유의사항.hwpx (unknown)
[2026-05-31T20:57:19.243Z][RAG-REBUILD] 파싱 미지원 첨부 형식, 메타데이터만 본문에 포함 예정: [붙임 1-2] 중소기업기술개발 지원사업 보안대책.hwpx (unknown)
[2026-05-31T20:57:19.243Z][RAG-REBUILD] 파싱 미지원 첨부 형식, 메타데이터만 본문에 포함 예정: [붙임 2] 2026년도 중소기업기술혁신개발(도메인특화AI모델개발) 세부 지원내용.hwpx (unknown)
[2026-05-31T20:57:19.243Z][RAG-REBUILD] 파싱 미지원 첨부 형식, 메타데이터만 본문에 포함 예정: [붙임 3] 4대 업무혁신 분야 및 품목개요서.hwpx (unknown)
[2026-05-31T20:57:19.243Z][RAG-REBUILD] 파싱 미지원 첨부 형식, 메타데이터만 본문에 포함 예정: 1. 연구개발계획서 양식.hwp (unknown)
[2026-05-31T20:57:19.243Z][RAG-REBUILD] 파싱 미지원 첨부 형식, 메타데이터만 본문에 포함 예정: 2. 신용상태 조회 정보활용 동의서.hwp (unknown)
[2026-05-31T20:57:19.243Z][RAG-REBUILD] 파싱 미지원 첨부 형식, 메타데이터만 본문에 포함 예정: 3. 중소기업기술개발사업 개인정보 수집이용 동의서.hwp (unknown)
[2026-05-31T20:57:19.243Z][RAG-REBUILD] 파싱 미지원 첨부 형식, 메타데이터만 본문에 포함 예정: 4. 외부기술도입비 현물산정 신청서.hwp (unknown)
[2026-05-31T20:57:19.243Z][RAG-REBUILD] 파싱 미지원 첨부 형식, 메타데이터만 본문에 포함 예정: 5. 컨소시엄 확약서.hwp (unknown)
[2026-05-31T20:57:19.243Z][RAG-REBUILD] 파싱 미지원 첨부 형식, 메타데이터만 본문에 포함 예정: spc 지비전K연새비상 주식회사 연세대 교직원식당 한경관 어울샘 관련 ai _1777854322831.hwp (unknown)
[2026-05-31T20:57:19.243Z][RAG-REBUILD] 파싱 미지원 첨부 형식, 메타데이터만 본문에 포함 예정: yonsei_cafeteria_business_20260504030434.pptx (application/vnd.openxmlformats-officedocument.presentationml.presentation)
[2026-05-31T20:57:19.243Z][RAG-REBUILD] 파싱 미지원 첨부 형식, 메타데이터만 본문에 포함 예정: yonsei_cafeteria_business_plan_20260504013702.pptx (application/vnd.openxmlformats-officedocument.presentationml.presentation)
[2026-05-31T20:57:19.243Z][RAG-REBUILD] 파싱 미지원 첨부 형식, 메타데이터만 본문에 포함 예정: yonsei_cafeteria_business_plan_20260504013702.pptx (application/vnd.openxmlformats-officedocument.presentationml.presentation)
[2026-05-31T20:57:19.243Z][RAG-REBUILD] 파싱 미지원 첨부 형식, 메타데이터만 본문에 포함 예정: 최요한 연세대학교 상남경영관 관련내용 (1)_1777854341309.hwp (unknown)
[2026-05-31T20:57:19.244Z][RAG-REBUILD] 파싱 미지원 첨부 형식, 메타데이터만 본문에 포함 예정: 공모중점기술7종컨셉예시_yh수정.hwpx (unknown)
[2026-05-31T20:57:19.244Z][RAG-REBUILD] 파싱 미지원 첨부 형식, 메타데이터만 본문에 포함 예정: 스카이칩스-견적서 복사본.xls (application/vnd.ms-excel)
[2026-05-31T20:57:19.244Z][RAG-REBUILD] 파싱 미지원 첨부 형식, 메타데이터만 본문에 포함 예정: AxBright-견적서.xls (application/vnd.ms-excel)
[2026-05-31T20:57:19.244Z][RAG-REBUILD] 파싱 미지원 첨부 형식, 메타데이터만 본문에 포함 예정: 2025-10-23 김기홍 대표님.zip (application/zip)
[2026-05-31T20:57:19.244Z][RAG-REBUILD] 파싱 미지원 첨부 형식, 메타데이터만 본문에 포함 예정: 구슬 트래킹 시스템 제안서_엠비젼_20250825.pptx (application/vnd.openxmlformats-officedocument.presentationml.presentation)
[2026-05-31T20:57:19.244Z][RAG-REBUILD] 파싱 미지원 첨부 형식, 메타데이터만 본문에 포함 예정: 스카이칩스-견적서.xls (application/vnd.ms-excel)
[2026-05-31T20:57:19.245Z][RAG-REBUILD] 파싱 미지원 첨부 형식, 메타데이터만 본문에 포함 예정: 통화 녹음 KC 하승한 부사장.성장전략실. 한홍규전무소개.더에이스테크.25.9.25.이성하대표님소개회사._260506_103303.m4a (audio/x-m4a)
[2026-05-31T20:57:19.245Z][RAG-REBUILD] 파싱 미지원 첨부 형식, 메타데이터만 본문에 포함 예정: AAA.m4a (audio/x-m4a)
[2026-05-31T20:57:19.245Z][RAG-REBUILD] 파싱 미지원 첨부 형식, 메타데이터만 본문에 포함 예정: _talkv_wy5gXQr7YD_In47ccAPApINSVeaf2STY1_talkv_high.mov (video/quicktime)
[2026-05-31T20:57:19.245Z][RAG-REBUILD] 파싱 미지원 첨부 형식, 메타데이터만 본문에 포함 예정: towel_sequence_hist_eq.mp4 (video/mp4)
[2026-05-31T20:57:19.245Z][RAG-REBUILD] 파싱 미지원 첨부 형식, 메타데이터만 본문에 포함 예정: SBS_AVM.mp4 (video/mp4)
[2026-05-31T20:57:19.245Z][RAG-REBUILD] 파싱 미지원 첨부 형식, 메타데이터만 본문에 포함 예정: 지식재산권현황_통합_20251102.xlsx (application/vnd.openxmlformats-officedocument.spreadsheetml.sheet)
[2026-05-31T20:57:19.245Z][RAG-REBUILD] 파싱 미지원 첨부 형식, 메타데이터만 본문에 포함 예정: 60504_090852 복사본.m4a (audio/x-m4a)
[2026-05-31T20:57:19.246Z][RAG-REBUILD] 파싱 미지원 첨부 형식, 메타데이터만 본문에 포함 예정: 60504_090852 복사본.m4a (audio/x-m4a)
[2026-05-31T20:57:19.246Z][RAG-REBUILD] 파싱 미지원 첨부 형식, 메타데이터만 본문에 포함 예정: 60504_090852 복사본.m4a (audio/x-m4a)
[2026-05-31T20:57:19.246Z][RAG-REBUILD] 파싱 미지원 첨부 형식, 메타데이터만 본문에 포함 예정: 60504_090852 복사본.m4a (audio/x-m4a)
[2026-05-31T20:57:19.246Z][RAG-REBUILD] 파싱 미지원 첨부 형식, 메타데이터만 본문에 포함 예정: 60504_090852.m4a (audio/x-m4a)
[2026-05-31T20:57:19.246Z][RAG-REBUILD] 첨부 파일 없음, 건너뜀: audio.m4a (/home/freegear/EasyDocStation/Database/ObjectFile/ch-1776440801214/c545d592-42ff-40e7-810f-d93a3a1eff2b/audio.m4a)
[2026-05-31T20:57:19.246Z][RAG-REBUILD] 첨부 파일 없음, 건너뜀: audio.m4a (/home/freegear/EasyDocStation/Database/ObjectFile/ch-1776440801214/5d296ced-64e8-4181-bb6f-b33f55ce3141/audio.m4a)
[2026-05-31T20:57:19.247Z][RAG-REBUILD] 첨부 파일 없음, 건너뜀: audio.m4a (/home/freegear/EasyDocStation/Database/ObjectFile/ch-1776440801214/cc2b7f02-f9c8-49d0-95c2-a9e2cc7491db/audio.m4a)
[2026-05-31T20:57:19.248Z][RAG-REBUILD] 파싱 미지원 첨부 형식, 메타데이터만 본문에 포함 예정: on_device_ai_voice_interface_proposal_1.0.pptx (application/vnd.openxmlformats-officedocument.presentationml.presentation)
[2026-05-31T20:57:19.248Z][RAG-REBUILD] 파싱 미지원 첨부 형식, 메타데이터만 본문에 포함 예정: strategy_execution_summary_20260525184710.pptx (application/vnd.openxmlformats-officedocument.presentationml.presentation)
[2026-05-31T20:57:19.248Z][RAG-REBUILD] 파싱 미지원 첨부 형식, 메타데이터만 본문에 포함 예정: on_device_ai_voice_interface_proposal_1.1.pptx (application/vnd.openxmlformats-officedocument.presentationml.presentation)
[2026-05-31T20:57:19.248Z][RAG-REBUILD] 파싱 미지원 첨부 형식, 메타데이터만 본문에 포함 예정: 데모영상.pptx (application/vnd.openxmlformats-officedocument.presentationml.presentation)
[2026-05-31T20:57:19.248Z][RAG-REBUILD] 파싱 미지원 첨부 형식, 메타데이터만 본문에 포함 예정: media1.mp4 (video/mp4)
[2026-05-31T20:57:19.249Z][RAG-REBUILD] 파싱 미지원 첨부 형식, 메타데이터만 본문에 포함 예정: Elim AI-EasyStation 통합 플랫폼.pptx (application/vnd.openxmlformats-officedocument.presentationml.presentation)
[2026-05-31T20:57:19.249Z][RAG-REBUILD] 파싱 미지원 첨부 형식, 메타데이터만 본문에 포함 예정: ELIM & EasyStation System Architecture.pptx (application/vnd.openxmlformats-officedocument.presentationml.presentation)
[2026-05-31T20:57:19.249Z][RAG-REBUILD] 파싱 미지원 첨부 형식, 메타데이터만 본문에 포함 예정: ai_smart_callcenter_fsm_1.3.pptx (application/vnd.openxmlformats-officedocument.presentationml.presentation)
[2026-05-31T20:57:19.249Z][RAG-REBUILD] 파싱 미지원 첨부 형식, 메타데이터만 본문에 포함 예정: Executive Dashboard _standalone_.html (text/html)
[2026-05-31T20:57:19.249Z][RAG-REBUILD] 파싱 미지원 첨부 형식, 메타데이터만 본문에 포함 예정: ai_smart_callcenter_fsm_1.2.pptx (application/vnd.openxmlformats-officedocument.presentationml.presentation)
[2026-05-31T20:57:19.249Z][RAG-REBUILD] 파싱 미지원 첨부 형식, 메타데이터만 본문에 포함 예정: ai_smart_callcenter_fsm_6month_roadmap_20260521082955.pptx (application/vnd.openxmlformats-officedocument.presentationml.presentation)
[2026-05-31T20:57:19.249Z][RAG-REBUILD] 파싱 미지원 첨부 형식, 메타데이터만 본문에 포함 예정: ai_field_service_sales_platform_20260521075953.pptx (application/vnd.openxmlformats-officedocument.presentationml.presentation)
[2026-05-31T20:57:19.249Z][RAG-REBUILD] 파싱 미지원 첨부 형식, 메타데이터만 본문에 포함 예정: smart_call_center_fsm_platform_20260521080047.pptx (application/vnd.openxmlformats-officedocument.presentationml.presentation)
[2026-05-31T20:57:19.249Z][RAG-REBUILD] 파싱 미지원 첨부 형식, 메타데이터만 본문에 포함 예정: ai_smart_callcenter_fsm_6month_roadmap_20260521082955.pptx (application/vnd.openxmlformats-officedocument.presentationml.presentation)
[2026-05-31T20:57:19.249Z][RAG-REBUILD] 파싱 미지원 첨부 형식, 메타데이터만 본문에 포함 예정: 9-stage Kanban Wireframe _standalone_.html (text/html)
[2026-05-31T20:57:19.249Z][RAG-REBUILD] 파싱 미지원 첨부 형식, 메타데이터만 본문에 포함 예정: 9-stage Kanban Wireframe _standalone_ (1).html (text/html)
[2026-05-31T20:57:19.249Z][RAG-REBUILD] 파싱 미지원 첨부 형식, 메타데이터만 본문에 포함 예정: ELIMNET.zip (application/zip)
[2026-05-31T20:57:19.268Z][RAG-REBUILD] 파싱 미지원 첨부 형식, 메타데이터만 본문에 포함 예정: 2026년 예비창업패키지 사업계획서_1.1.hwp (unknown)
[2026-05-31T20:57:19.268Z][RAG-REBUILD] 파싱 미지원 첨부 형식, 메타데이터만 본문에 포함 예정: 2026년 예비창업패키지 사업계획서_1.2.hwp (unknown)
[2026-05-31T20:57:19.269Z][RAG-REBUILD] 파싱 미지원 첨부 형식, 메타데이터만 본문에 포함 예정: 2026년 예비창업패키지 사업계획서_1.3.hwp (unknown)
[2026-05-31T20:57:19.272Z][RAG-REBUILD] 파싱 미지원 첨부 형식, 메타데이터만 본문에 포함 예정: hyundai_ansim_proposal_1.2.pptx (application/vnd.openxmlformats-officedocument.presentationml.presentation)
[2026-05-31T20:57:19.272Z][RAG-REBUILD] 파싱 미지원 첨부 형식, 메타데이터만 본문에 포함 예정: hyundai_ansim_proposal_1.3.pptx (application/vnd.openxmlformats-officedocument.presentationml.presentation)
[2026-05-31T20:57:19.272Z][RAG-REBUILD] 파싱 미지원 첨부 형식, 메타데이터만 본문에 포함 예정: 화면 기록 2026-05-02 오후 11.32.16.mov (video/quicktime)
[2026-05-31T20:57:19.273Z][RAG-REBUILD] 파싱 미지원 첨부 형식, 메타데이터만 본문에 포함 예정: 화면 기록 2026-05-02 오전 9.51.34.mp4 (video/mp4)
[2026-05-31T20:57:19.282Z][RAG-REBUILD] 파싱 미지원 첨부 형식, 메타데이터만 본문에 포함 예정: Executive Dashboard _standalone_.html (text/html)
[2026-05-31T20:57:19.283Z][RAG-REBUILD] 파싱 미지원 첨부 형식, 메타데이터만 본문에 포함 예정: ai_smart_callcenter_fsm_1.2.pptx (application/vnd.openxmlformats-officedocument.presentationml.presentation)
[2026-05-31T20:57:19.285Z][RAG-REBUILD] 파싱 미지원 첨부 형식, 메타데이터만 본문에 포함 예정: 화면 기록 2026-05-02 오전 9.51.34.mov (video/quicktime)
[2026-05-31T20:57:19.305Z][RAG-REBUILD] 파싱 미지원 첨부 형식, 메타데이터만 본문에 포함 예정: GTL.xlsx (application/vnd.openxmlformats-officedocument.spreadsheetml.sheet)
[2026-05-31T20:57:19.312Z][RAG-REBUILD] 파싱 미지원 첨부 형식, 메타데이터만 본문에 포함 예정: WhiteOWL_260525.xlsx (application/vnd.openxmlformats-officedocument.spreadsheetml.sheet)
[2026-05-31T20:57:19.316Z][RAG-REBUILD] 파싱 미지원 첨부 형식, 메타데이터만 본문에 포함 예정: smart_call_center_fsm_platform_20260521080047.pptx (application/vnd.openxmlformats-officedocument.presentationml.presentation)
[2026-05-31T20:57:19.317Z][RAG-REBUILD] 파싱 미지원 첨부 형식, 메타데이터만 본문에 포함 예정: ai_smart_callcenter_fsm_6month_roadmap_20260521082955.pptx (application/vnd.openxmlformats-officedocument.presentationml.presentation)
[2026-05-31T20:57:19.318Z][RAG-REBUILD] 파싱 미지원 첨부 형식, 메타데이터만 본문에 포함 예정: 9-stage Kanban Wireframe _standalone_.html (text/html)
[2026-05-31T20:57:19.319Z][RAG-REBUILD] 파싱 미지원 첨부 형식, 메타데이터만 본문에 포함 예정: 9-stage Kanban Wireframe _standalone_ (1).html (text/html)
[2026-05-31T20:57:19.320Z][RAG-REBUILD] 파싱 미지원 첨부 형식, 메타데이터만 본문에 포함 예정: CremaXample.exe (application/x-msdownload)
[2026-05-31T20:57:19.334Z][RAG-REBUILD] 파싱 미지원 첨부 형식, 메타데이터만 본문에 포함 예정: media1.mp4 (video/mp4)
[2026-05-31T20:57:19.339Z][RAG-REBUILD] 파싱 미지원 첨부 형식, 메타데이터만 본문에 포함 예정: spc 지비전K연새비상 주식회사 연세대 교직원식당 한경관 어울샘 관련 ai _1777854322831.hwp (unknown)
[2026-05-31T20:57:19.339Z][RAG-REBUILD] 파싱 미지원 첨부 형식, 메타데이터만 본문에 포함 예정: yonsei_cafeteria_business_20260504030434.pptx (application/vnd.openxmlformats-officedocument.presentationml.presentation)
[2026-05-31T20:57:19.339Z][RAG-REBUILD] 파싱 미지원 첨부 형식, 메타데이터만 본문에 포함 예정: yonsei_cafeteria_business_plan_20260504013702.pptx (application/vnd.openxmlformats-officedocument.presentationml.presentation)
[2026-05-31T20:57:19.340Z][RAG-REBUILD] 파싱 미지원 첨부 형식, 메타데이터만 본문에 포함 예정: yonsei_cafeteria_business_plan_20260504013702.pptx (application/vnd.openxmlformats-officedocument.presentationml.presentation)
[2026-05-31T20:57:19.346Z][RAG-REBUILD] 파싱 미지원 첨부 형식, 메타데이터만 본문에 포함 예정: _talkv_wy5gXQr7YD_In47ccAPApINSVeaf2STY1_talkv_high.mov (video/quicktime)
[2026-05-31T20:57:19.348Z][RAG-REBUILD] 파싱 미지원 첨부 형식, 메타데이터만 본문에 포함 예정: towel_sequence_hist_eq.mp4 (video/mp4)
[2026-05-31T20:57:19.349Z][RAG-REBUILD] 파싱 미지원 첨부 형식, 메타데이터만 본문에 포함 예정: SBS_AVM.mp4 (video/mp4)
[2026-05-31T20:57:19.366Z][RAG-REBUILD] 파싱 미지원 첨부 형식, 메타데이터만 본문에 포함 예정: [붙임 1-1] 신청방법 및 신청 또는 지원 제외사항 등 유의사항.hwpx (unknown)
[2026-05-31T20:57:19.366Z][RAG-REBUILD] 파싱 미지원 첨부 형식, 메타데이터만 본문에 포함 예정: [붙임 1-2] 중소기업기술개발 지원사업 보안대책.hwpx (unknown)
[2026-05-31T20:57:19.366Z][RAG-REBUILD] 파싱 미지원 첨부 형식, 메타데이터만 본문에 포함 예정: [붙임 2] 2026년도 중소기업기술혁신개발(도메인특화AI모델개발) 세부 지원내용.hwpx (unknown)
[2026-05-31T20:57:19.366Z][RAG-REBUILD] 파싱 미지원 첨부 형식, 메타데이터만 본문에 포함 예정: [붙임 3] 4대 업무혁신 분야 및 품목개요서.hwpx (unknown)
[2026-05-31T20:57:19.367Z][RAG-REBUILD] 파싱 미지원 첨부 형식, 메타데이터만 본문에 포함 예정: 1. 연구개발계획서 양식.hwp (unknown)
[2026-05-31T20:57:19.367Z][RAG-REBUILD] 파싱 미지원 첨부 형식, 메타데이터만 본문에 포함 예정: 2. 신용상태 조회 정보활용 동의서.hwp (unknown)
[2026-05-31T20:57:19.367Z][RAG-REBUILD] 파싱 미지원 첨부 형식, 메타데이터만 본문에 포함 예정: 3. 중소기업기술개발사업 개인정보 수집이용 동의서.hwp (unknown)
[2026-05-31T20:57:19.367Z][RAG-REBUILD] 파싱 미지원 첨부 형식, 메타데이터만 본문에 포함 예정: 4. 외부기술도입비 현물산정 신청서.hwp (unknown)
[2026-05-31T20:57:19.367Z][RAG-REBUILD] 파싱 미지원 첨부 형식, 메타데이터만 본문에 포함 예정: 5. 컨소시엄 확약서.hwp (unknown)
[2026-05-31T20:57:19.379Z][RAG-REBUILD] 파싱 미지원 첨부 형식, 메타데이터만 본문에 포함 예정: Insights Dashboard _standalone_.html (text/html)
[2026-05-31T20:57:19.386Z][RAG-REBUILD] 파싱 미지원 첨부 형식, 메타데이터만 본문에 포함 예정: ai_safety_platform_strategy_20260502011452.pptx (application/vnd.openxmlformats-officedocument.presentationml.presentation)
[2026-05-31T20:57:19.387Z][RAG-REBUILD] 파싱 미지원 첨부 형식, 메타데이터만 본문에 포함 예정: ai_safety_platform_strategy_20260502011452.pptx (application/vnd.openxmlformats-officedocument.presentationml.presentation)
[2026-05-31T20:57:19.389Z][RAG-REBUILD] 파싱 미지원 첨부 형식, 메타데이터만 본문에 포함 예정: Anjeon114 x EasyAIStation AI Strategy.pptx (application/vnd.openxmlformats-officedocument.presentationml.presentation)
[2026-05-31T20:57:19.391Z][RAG-REBUILD] 파싱 미지원 첨부 형식, 메타데이터만 본문에 포함 예정: 모바일 현장 점검 시스템 제안.pptx (application/vnd.openxmlformats-officedocument.presentationml.presentation)
[2026-05-31T20:57:19.393Z][RAG-REBUILD] 파싱 미지원 첨부 형식, 메타데이터만 본문에 포함 예정: UI_UX Blueprint for AI Knowledge System.pptx (application/vnd.openxmlformats-officedocument.presentationml.presentation)
[2026-05-31T20:57:19.394Z][RAG-REBUILD] 파싱 미지원 첨부 형식, 메타데이터만 본문에 포함 예정: Elim AI-EasyStation 통합 플랫폼.pptx (application/vnd.openxmlformats-officedocument.presentationml.presentation)
[2026-05-31T20:57:19.394Z][RAG-REBUILD] 파싱 미지원 첨부 형식, 메타데이터만 본문에 포함 예정: ELIM & EasyStation System Architecture.pptx (application/vnd.openxmlformats-officedocument.presentationml.presentation)
[2026-05-31T20:57:19.395Z][RAG-REBUILD] 파싱 미지원 첨부 형식, 메타데이터만 본문에 포함 예정: ai_smart_callcenter_fsm_1.3.pptx (application/vnd.openxmlformats-officedocument.presentationml.presentation)
[2026-05-31T20:57:19.395Z][RAG-REBUILD] 파싱 미지원 첨부 형식, 메타데이터만 본문에 포함 예정: 1. 연구개발계획서_트리포스_v1.5 (1).hwp (unknown)
[2026-05-31T20:57:19.395Z][RAG-REBUILD] 파싱 미지원 첨부 형식, 메타데이터만 본문에 포함 예정: 1. 연구개발계획서_트리포스_v1.7_SC.hwp (unknown)
[2026-05-31T20:57:19.396Z][RAG-REBUILD] 파싱 미지원 첨부 형식, 메타데이터만 본문에 포함 예정: 1. 연구개발계획서_트리포스_v1.7_SC.hwp (unknown)
[2026-05-31T20:57:19.396Z][RAG-REBUILD] 파싱 미지원 첨부 형식, 메타데이터만 본문에 포함 예정: 1. 연구개발계획서_트리포스_v1.99.hwp (unknown)
[2026-05-31T20:57:19.396Z][RAG-REBUILD] 파싱 미지원 첨부 형식, 메타데이터만 본문에 포함 예정: 1. 연구개발계획서_트리포스_v1.999.hwp (unknown)
[2026-05-31T20:57:19.396Z][RAG-REBUILD] 파싱 미지원 첨부 형식, 메타데이터만 본문에 포함 예정: 1. 연구개발계획서_트리포스_v1.9999_SC.hwp (unknown)
[2026-05-31T20:57:19.396Z][RAG-REBUILD] 파싱 미지원 첨부 형식, 메타데이터만 본문에 포함 예정: 1. 연구개발계획서_트리포스_v1.9999_SC.hwp (unknown)
[2026-05-31T20:57:19.398Z][RAG-REBUILD] 파싱 미지원 첨부 형식, 메타데이터만 본문에 포함 예정: 연구개발계획서_트리포스_최종.hwp (unknown)
[2026-05-31T20:57:19.398Z][RAG-REBUILD] 파싱 미지원 첨부 형식, 메타데이터만 본문에 포함 예정: 안전과제.xlsx (application/vnd.openxmlformats-officedocument.spreadsheetml.sheet)
[2026-05-31T20:57:19.398Z][RAG-REBUILD] 파싱 미지원 첨부 형식, 메타데이터만 본문에 포함 예정: 연구개발계획서_트리포스_최종-1.1.hwp (unknown)
[2026-05-31T20:57:19.399Z][RAG-REBUILD] 파싱 미지원 첨부 형식, 메타데이터만 본문에 포함 예정: strategy_execution_summary_20260525184710.pptx (application/vnd.openxmlformats-officedocument.presentationml.presentation)
[2026-05-31T20:57:19.399Z][RAG-REBUILD] 파싱 미지원 첨부 형식, 메타데이터만 본문에 포함 예정: on_device_ai_voice_interface_proposal_1.1.pptx (application/vnd.openxmlformats-officedocument.presentationml.presentation)
[2026-05-31T20:57:19.400Z][RAG-REBUILD] 파싱 미지원 첨부 형식, 메타데이터만 본문에 포함 예정: ai_safety_platform_strategy_1.1.pptx (application/vnd.openxmlformats-officedocument.presentationml.presentation)
[2026-05-31T20:57:19.400Z][RAG-REBUILD] 학습 대상: 게시글 383건, 댓글 567건, 첨부 649건
[2026-05-31T20:57:19.816Z][RAG-REBUILD] 게시글 배치 학습 1/39: 10건
/home/freegear/EasyDocStation/server/rag_train.py:111: DeprecationWarning: `langchain-community` is being sunset and is no longer actively maintained. See https://github.com/langchain-ai/langchain-community/issues/674 for details and migration guidance toward standalone integration packages.
  from langchain_community.document_loaders import Docx2txtLoader
[RAG] 테이블 생성 완료 (dim=1024)
[RAG] post=c29aec5a-2d32-4671-8f14-94af4b717f21 text → 1청크
[RAG] Word 학습 시작: 업무협력 및 해외판매 계약서_1.2.docx
[RAG] Word 학습 완료: 업무협력 및 해외판매 계약서_1.2.docx (5청크)
[RAG] Word 학습 시작: 위임장_동우화인켐_1.3.docx
[RAG] Word 학습 완료: 위임장_동우화인켐_1.3.docx (2청크)
[RAG] 학습 진행률: 10% (게시글 Word)
[RAG] Word 학습 시작: 위임장_동우화인켐_1.2.docx
[RAG] Word 학습 완료: 위임장_동우화인켐_1.2.docx (2청크)
[RAG] post=6b1455a2-0a28-4b5b-82b1-cfac5e768b6a text → 1청크
[RAG] 학습 진행률: 20% (게시글 본문)
[RAG] Word 학습 시작: 업무협력 및 해외판매 계약서.docx
[RAG] Word 학습 완료: 업무협력 및 해외판매 계약서.docx (6청크)
[RAG] post=d407acd9-0803-41f0-83e6-c8e002a66c7a text → 1청크
[RAG] 학습 진행률: 30% (게시글 본문)
[RAG] Word 학습 시작: 위임장_DongWoo_1.2.docx
[RAG] Word 학습 완료: 위임장_DongWoo_1.2.docx (2청크)
[RAG] post=f7e94527-e499-4188-88a8-8d7907872b94 text → 3청크
[RAG] 학습 진행률: 40% (게시글 본문)
[RAG] post=92ab1e0b-56e8-4997-a403-c081271e778c text → 1청크
[RAG] PDF 학습 시작: GTLD leaflet.pdf
[RAG] PDF 파싱 시작 (Unstructured fast): GTLD leaflet.pdf
[RAG] PDF 파싱 완료 (Unstructured fast): GTLD leaflet.pdf / elements=528 / 1.8s
[RAG] PDF 학습 완료: GTLD leaflet.pdf (22청크)
[RAG] 분리 저장 완료: /home/freegear/EasyDocStation/Database/ObjectFile/FileTrainingData/92ab1e0b-56e8-4997-a403-c081271e778c/no_comment/7db94e5b-1ff4-4a0b-9a40-601bd94fc316/GTLD_leaflet.pdf
[RAG] 학습 진행률: 50% (게시글 PDF)
[RAG] PDF 학습 시작: GTLD.pdf
[RAG] PDF 파싱 시작 (Unstructured fast): GTLD.pdf
[RAG] PDF 파싱 완료 (Unstructured fast): GTLD.pdf / elements=189 / 0.4s
[RAG] PDF 학습 완료: GTLD.pdf (11청크)
[RAG] 분리 저장 완료: /home/freegear/EasyDocStation/Database/ObjectFile/FileTrainingData/92ab1e0b-56e8-4997-a403-c081271e778c/no_comment/bb314fb3-8b43-4098-b65d-508a33b338ed/GTLD.pdf
[RAG] PDF 학습 시작: 2026 DFLUX CATALOGUE_V1.pdf
[RAG] PDF 파싱 시작 (Unstructured fast): 2026 DFLUX CATALOGUE_V1.pdf
[RAG] PDF 학습 완료: 2026 DFLUX CATALOGUE_V1.pdf (61청크)
[RAG] 분리 저장 완료: /home/freegear/EasyDocStation/Database/ObjectFile/FileTrainingData/92ab1e0b-56e8-4997-a403-c081271e778c/no_comment/e2e5d161-785b-4784-8fd8-342a8e247cf5/2026_DFLUX_CATALOGUE_V1.pdf
[RAG] PDF 학습 시작: 2026 DFLUX CATALOGUE_V2_JP Version.pdf
[RAG] PDF 파싱 시작 (Unstructured fast): 2026 DFLUX CATALOGUE_V2_JP Version.pdf
Cannot set non-stroke color because expected 4 components but got [1]
Cannot set non-stroke color because expected 4 components but got [1]
Cannot set non-stroke color because expected 4 components but got [1]
Cannot set non-stroke color because expected 4 components but got [1]
Cannot set non-stroke color because expected 4 components but got [1]
[RAG] PDF 학습 완료: 2026 DFLUX CATALOGUE_V2_JP Version.pdf (29청크)
[RAG] 분리 저장 완료: /home/freegear/EasyDocStation/Database/ObjectFile/FileTrainingData/92ab1e0b-56e8-4997-a403-c081271e778c/no_comment/8b893328-d3f4-40d3-95e3-970431877161/2026_DFLUX_CATALOGUE_V2_JP_Version.pdf
[RAG] 학습 진행률: 60% (게시글 PDF)
[RAG] PDF 학습 시작: 2026 DFLUX CATALOGUE_V2.pdf
[RAG] PDF 파싱 시작 (Unstructured fast): 2026 DFLUX CATALOGUE_V2.pdf
Cannot set non-stroke color because expected 4 components but got [1]
Cannot set non-stroke color because expected 4 components but got [1]
Cannot set non-stroke color because expected 4 components but got [1]
Cannot set non-stroke color because expected 4 components but got [1]
Cannot set non-stroke color because expected 4 components but got [1]
[RAG] PDF 학습 완료: 2026 DFLUX CATALOGUE_V2.pdf (27청크)
[RAG] 분리 저장 완료: /home/freegear/EasyDocStation/Database/ObjectFile/FileTrainingData/92ab1e0b-56e8-4997-a403-c081271e778c/no_comment/c923b889-8348-4834-855b-e9c577fb6e57/2026_DFLUX_CATALOGUE_V2.pdf
[RAG] PDF 학습 시작: 2026 DFLUX CATALOGUE_V3.pdf
[RAG] PDF 파싱 시작 (Unstructured fast): 2026 DFLUX CATALOGUE_V3.pdf
Cannot set non-stroke color because expected 3 components but got [1]
Cannot set non-stroke color because expected 3 components but got [1]
Cannot set non-stroke color because expected 3 components but got [1]
Cannot set non-stroke color because expected 3 components but got [1]
Cannot set non-stroke color because expected 3 components but got [1]
[RAG] PDF 파싱 완료 (Unstructured fast): 2026 DFLUX CATALOGUE_V3.pdf / elements=430 / 0.8s
[RAG] PDF 학습 완료: 2026 DFLUX CATALOGUE_V3.pdf (37청크)
[RAG] 분리 저장 완료: /home/freegear/EasyDocStation/Database/ObjectFile/FileTrainingData/92ab1e0b-56e8-4997-a403-c081271e778c/no_comment/4052cf28-773d-4b34-9477-af7af86cc5d1/2026_DFLUX_CATALOGUE_V3.pdf
[RAG] 학습 진행률: 70% (게시글 PDF)
[RAG] post=8f1507f7-fb8f-42bc-a121-deb4b4352d28 text → 1청크
[RAG] post=39380665-9606-40cd-8466-93a657d7dd57 text → 1청크
[RAG] 학습 진행률: 80% (게시글 본문)
[RAG] post=756dc9b5-18cd-4384-b9b5-f83e51e654ce text → 1청크
[RAG] post=404a196e-ccfc-4f4c-84f7-ba3cbd5de038 text → 1청크
[RAG] 학습 진행률: 90% (게시글 본문)
[RAG] post=6763087d-f1d6-4092-a47d-ae5cf20d1046 text → 1청크
[RAG] 저장 완료 — 216청크 / 10개 게시글 / 0개 댓글
[RAG] 학습 진행률: 100% (저장)
[2026-05-31T20:57:39.721Z][RAG-REBUILD] 게시글 배치 학습 2/39: 10건
/home/freegear/EasyDocStation/server/rag_train.py:111: DeprecationWarning: `langchain-community` is being sunset and is no longer actively maintained. See https://github.com/langchain-ai/langchain-community/issues/674 for details and migration guidance toward standalone integration packages.
  from langchain_community.document_loaders import Docx2txtLoader
[RAG] 테이블 생성 경합 감지, 기존 테이블 사용: Table 'my_rag_table' already exists
[RAG] post=843f34ac-eada-46de-a1bd-9be823f9d6a9 text → 1청크
[RAG] post=7d22e279-9742-4ced-89d4-f3c2755f917d text → 1청크
[RAG] 학습 진행률: 10% (게시글 본문)
[RAG] post=1207ef61-ae8f-49f3-991e-9ab2b60f5b7f text → 1청크
[RAG] 학습 진행률: 20% (게시글 본문)
[RAG] post=eaeb3e2d-d4cd-4d3f-8f8b-043f1261a625 text → 1청크
[RAG] post=500d2109-feab-46fe-9a0b-e180be093fd1 text → 1청크
[RAG] 학습 진행률: 30% (게시글 본문)
[RAG] post=e096671a-da0a-4907-a5a4-0dbf5209c696 text → 1청크
[RAG] 학습 진행률: 40% (게시글 본문)
[RAG] post=f6a32f35-6618-474e-a95e-af1ae4b7a1ab text → 1청크
[RAG] post=230819f2-bdd8-4a83-a9db-234b7397e5a8 text → 1청크
[RAG] 학습 진행률: 50% (게시글 본문)
[RAG] PDF 학습 시작: IR_포지티브섬_외부공유용_V202601pdf.pdf
[RAG] PDF 파싱 시작 (Unstructured fast): IR_포지티브섬_외부공유용_V202601pdf.pdf
[RAG] PDF 파싱 완료 (Unstructured fast): IR_포지티브섬_외부공유용_V202601pdf.pdf / elements=416 / 2.0s
[RAG] PDF 학습 완료: IR_포지티브섬_외부공유용_V202601pdf.pdf (23청크)
[RAG] 분리 저장 완료: /home/freegear/EasyDocStation/Database/ObjectFile/FileTrainingData/230819f2-bdd8-4a83-a9db-234b7397e5a8/no_comment/1a9e3432-782a-4886-a1b2-dcac6a599384/IR_포지티브섬_외부공유용_V202601pdf.pdf
[RAG] 학습 진행률: 60% (게시글 PDF)
[RAG] post=3d239121-50a7-4247-8853-f02216c75261 text → 1청크
[RAG] PDF 학습 시작: DFlux_회사(제품)소개서.pdf
[RAG] PDF 파싱 시작 (Unstructured fast): DFlux_회사(제품)소개서.pdf
Cannot set non-stroke color because expected 3 components but got [1]
Cannot set non-stroke color because expected 3 components but got [1]
Cannot set non-stroke color because expected 3 components but got [1]
Cannot set non-stroke color because expected 3 components but got [1]
Cannot set non-stroke color because expected 3 components but got [1]
[RAG] PDF 파싱 완료 (Unstructured fast): DFlux_회사(제품)소개서.pdf / elements=430 / 0.9s
[RAG] PDF 학습 완료: DFlux_회사(제품)소개서.pdf (37청크)
[RAG] 분리 저장 완료: /home/freegear/EasyDocStation/Database/ObjectFile/FileTrainingData/3d239121-50a7-4247-8853-f02216c75261/no_comment/c8958b8f-2898-4e01-bd27-3e0ab709defc/DFlux_회사_제품_소개서.pdf
[RAG] 학습 진행률: 70% (게시글 PDF)
[RAG] post=e6541993-1842-483d-b1e8-974525a562db text → 1청크
[RAG] 학습 진행률: 80% (게시글 본문)
[RAG] PDF 학습 시작: 2026 DFlux Company Introduction (1).pdf
[RAG] PDF 파싱 시작 (Unstructured fast): 2026 DFlux Company Introduction (1).pdf
[RAG] PDF 파싱 완료 (Unstructured fast): 2026 DFlux Company Introduction (1).pdf / elements=4 / 0.6s
[RAG] PDF 학습 완료: 2026 DFlux Company Introduction (1).pdf (3청크)
[RAG] 분리 저장 완료: /home/freegear/EasyDocStation/Database/ObjectFile/FileTrainingData/e6541993-1842-483d-b1e8-974525a562db/no_comment/2eaad6a4-a4fb-4649-a7fe-8659f3a10d7e/2026_DFlux_Company_Introduction_1_.pdf
[RAG] PDF 학습 시작: 2026 DFLUX DIGITAL SIGNAGE CATALOGUE (1).pdf
[RAG] PDF 파싱 시작 (Unstructured fast): 2026 DFLUX DIGITAL SIGNAGE CATALOGUE (1).pdf
Cannot set non-stroke color because expected 4 components but got [1]
Cannot set non-stroke color because expected 4 components but got [1]
Cannot set non-stroke color because expected 4 components but got [1]
Cannot set non-stroke color because expected 4 components but got [1]
Cannot set non-stroke color because expected 4 components but got [1]
[RAG] PDF 학습 완료: 2026 DFLUX DIGITAL SIGNAGE CATALOGUE (1).pdf (27청크)
[RAG] 분리 저장 완료: /home/freegear/EasyDocStation/Database/ObjectFile/FileTrainingData/e6541993-1842-483d-b1e8-974525a562db/no_comment/c788e747-0908-4914-bad3-0646c2817bd5/2026_DFLUX_DIGITAL_SIGNAGE_CATALOGUE_1_.pdf
[RAG] 학습 진행률: 90% (게시글 PDF)
[RAG] 저장 완료 — 100청크 / 10개 게시글 / 0개 댓글
[RAG] 학습 진행률: 100% (저장)
[2026-05-31T20:57:52.785Z][RAG-REBUILD] 게시글 배치 학습 3/39: 10건
/home/freegear/EasyDocStation/server/rag_train.py:111: DeprecationWarning: `langchain-community` is being sunset and is no longer actively maintained. See https://github.com/langchain-ai/langchain-community/issues/674 for details and migration guidance toward standalone integration packages.
  from langchain_community.document_loaders import Docx2txtLoader
[RAG] 테이블 생성 경합 감지, 기존 테이블 사용: Table 'my_rag_table' already exists
[RAG] post=f953d222-7234-454b-a68c-e068adb567b2 text → 1청크
[RAG] post=c5c7ce90-1e3f-475d-96fc-d2af6a036900 text → 1청크
[RAG] 이미지 학습 시작: ficon.png
[RAG] Gemma 이미지 설명 완료 (page=1, 23.5s): 1608자
[RAG] 이미지 학습 완료: ficon.png (3청크)
[RAG] 학습 진행률: 10% (게시글 이미지)
[RAG] 이미지 학습 시작: logo.png
[RAG] Gemma 이미지 설명 완료 (page=1, 24.1s): 1550자
[RAG] 이미지 학습 완료: logo.png (3청크)
[RAG] post=2ed49eeb-e83a-4cc3-bd56-d0f0cf53944a text → 1청크
[RAG] post=cb4742d5-b3d8-4842-a725-48dd5c4efcca text → 1청크
[RAG] 학습 진행률: 20% (게시글 본문)
[RAG] post=23df8d24-22e5-45e9-89ec-4528cb27cdb7 text → 1청크
[RAG] post=64159887-159d-4959-9ec1-a7ea7a769635 text → 1청크
[RAG] PDF 학습 시작: 고연봉 급여소득자 절세 포트폴리오 결과2.pdf
[RAG] PDF 파싱 시작 (Unstructured fast): 고연봉 급여소득자 절세 포트폴리오 결과2.pdf
Could not get FontBBox from font descriptor because None cannot be parsed as 4 floats
Could not get FontBBox from font descriptor because None cannot be parsed as 4 floats
Could not get FontBBox from font descriptor because None cannot be parsed as 4 floats
Could not get FontBBox from font descriptor because None cannot be parsed as 4 floats
Could not get FontBBox from font descriptor because None cannot be parsed as 4 floats
Could not get FontBBox from font descriptor because None cannot be parsed as 4 floats
Could not get FontBBox from font descriptor because None cannot be parsed as 4 floats
Could not get FontBBox from font descriptor because None cannot be parsed as 4 floats
Could not get FontBBox from font descriptor because None cannot be parsed as 4 floats
Could not get FontBBox from font descriptor because None cannot be parsed as 4 floats
Could not get FontBBox from font descriptor because None cannot be parsed as 4 floats
Could not get FontBBox from font descriptor because None cannot be parsed as 4 floats
Could not get FontBBox from font descriptor because None cannot be parsed as 4 floats
Could not get FontBBox from font descriptor because None cannot be parsed as 4 floats
Could not get FontBBox from font descriptor because None cannot be parsed as 4 floats
Could not get FontBBox from font descriptor because None cannot be parsed as 4 floats
Could not get FontBBox from font descriptor because None cannot be parsed as 4 floats
Could not get FontBBox from font descriptor because None cannot be parsed as 4 floats
Could not get FontBBox from font descriptor because None cannot be parsed as 4 floats
Could not get FontBBox from font descriptor because None cannot be parsed as 4 floats
Could not get FontBBox from font descriptor because None cannot be parsed as 4 floats
Could not get FontBBox from font descriptor because None cannot be parsed as 4 floats
Could not get FontBBox from font descriptor because None cannot be parsed as 4 floats
Could not get FontBBox from font descriptor because None cannot be parsed as 4 floats
Could not get FontBBox from font descriptor because None cannot be parsed as 4 floats
Could not get FontBBox from font descriptor because None cannot be parsed as 4 floats
Could not get FontBBox from font descriptor because None cannot be parsed as 4 floats
Could not get FontBBox from font descriptor because None cannot be parsed as 4 floats
Could not get FontBBox from font descriptor because None cannot be parsed as 4 floats
Could not get FontBBox from font descriptor because None cannot be parsed as 4 floats
Could not get FontBBox from font descriptor because None cannot be parsed as 4 floats
Could not get FontBBox from font descriptor because None cannot be parsed as 4 floats
Could not get FontBBox from font descriptor because None cannot be parsed as 4 floats
Could not get FontBBox from font descriptor because None cannot be parsed as 4 floats
Could not get FontBBox from font descriptor because None cannot be parsed as 4 floats
Could not get FontBBox from font descriptor because None cannot be parsed as 4 floats
Could not get FontBBox from font descriptor because None cannot be parsed as 4 floats
Could not get FontBBox from font descriptor because None cannot be parsed as 4 floats
Could not get FontBBox from font descriptor because None cannot be parsed as 4 floats
Could not get FontBBox from font descriptor because None cannot be parsed as 4 floats
Could not get FontBBox from font descriptor because None cannot be parsed as 4 floats
Could not get FontBBox from font descriptor because None cannot be parsed as 4 floats
Could not get FontBBox from font descriptor because None cannot be parsed as 4 floats
Could not get FontBBox from font descriptor because None cannot be parsed as 4 floats
Could not get FontBBox from font descriptor because None cannot be parsed as 4 floats
Could not get FontBBox from font descriptor because None cannot be parsed as 4 floats
Could not get FontBBox from font descriptor because None cannot be parsed as 4 floats
Could not get FontBBox from font descriptor because None cannot be parsed as 4 floats
Could not get FontBBox from font descriptor because None cannot be parsed as 4 floats
Could not get FontBBox from font descriptor because None cannot be parsed as 4 floats
Could not get FontBBox from font descriptor because None cannot be parsed as 4 floats
Could not get FontBBox from font descriptor because None cannot be parsed as 4 floats
Could not get FontBBox from font descriptor because None cannot be parsed as 4 floats
Could not get FontBBox from font descriptor because None cannot be parsed as 4 floats
Could not get FontBBox from font descriptor because None cannot be parsed as 4 floats
Could not get FontBBox from font descriptor because None cannot be parsed as 4 floats
Could not get FontBBox from font descriptor because None cannot be parsed as 4 floats
Could not get FontBBox from font descriptor because None cannot be parsed as 4 floats
Could not get FontBBox from font descriptor because None cannot be parsed as 4 floats
Could not get FontBBox from font descriptor because None cannot be parsed as 4 floats
Could not get FontBBox from font descriptor because None cannot be parsed as 4 floats
Could not get FontBBox from font descriptor because None cannot be parsed as 4 floats
Could not get FontBBox from font descriptor because None cannot be parsed as 4 floats
Could not get FontBBox from font descriptor because None cannot be parsed as 4 floats
Could not get FontBBox from font descriptor because None cannot be parsed as 4 floats
Could not get FontBBox from font descriptor because None cannot be parsed as 4 floats
Could not get FontBBox from font descriptor because None cannot be parsed as 4 floats
Could not get FontBBox from font descriptor because None cannot be parsed as 4 floats
Could not get FontBBox from font descriptor because None cannot be parsed as 4 floats
Could not get FontBBox from font descriptor because None cannot be parsed as 4 floats
Could not get FontBBox from font descriptor because None cannot be parsed as 4 floats
Could not get FontBBox from font descriptor because None cannot be parsed as 4 floats
Could not get FontBBox from font descriptor because None cannot be parsed as 4 floats
Could not get FontBBox from font descriptor because None cannot be parsed as 4 floats
Could not get FontBBox from font descriptor because None cannot be parsed as 4 floats
Could not get FontBBox from font descriptor because None cannot be parsed as 4 floats
Could not get FontBBox from font descriptor because None cannot be parsed as 4 floats
Could not get FontBBox from font descriptor because None cannot be parsed as 4 floats
Could not get FontBBox from font descriptor because None cannot be parsed as 4 floats
Could not get FontBBox from font descriptor because None cannot be parsed as 4 floats
Could not get FontBBox from font descriptor because None cannot be parsed as 4 floats
Could not get FontBBox from font descriptor because None cannot be parsed as 4 floats
Could not get FontBBox from font descriptor because None cannot be parsed as 4 floats
Could not get FontBBox from font descriptor because None cannot be parsed as 4 floats
Could not get FontBBox from font descriptor because None cannot be parsed as 4 floats
Could not get FontBBox from font descriptor because None cannot be parsed as 4 floats
Could not get FontBBox from font descriptor because None cannot be parsed as 4 floats
Could not get FontBBox from font descriptor because None cannot be parsed as 4 floats
Could not get FontBBox from font descriptor because None cannot be parsed as 4 floats
Could not get FontBBox from font descriptor because None cannot be parsed as 4 floats
Could not get FontBBox from font descriptor because None cannot be parsed as 4 floats
Could not get FontBBox from font descriptor because None cannot be parsed as 4 floats
Could not get FontBBox from font descriptor because None cannot be parsed as 4 floats
Could not get FontBBox from font descriptor because None cannot be parsed as 4 floats
[RAG] PDF 파싱 완료 (Unstructured fast): 고연봉 급여소득자 절세 포트폴리오 결과2.pdf / elements=228 / 0.8s
[RAG] PDF 학습 완료: 고연봉 급여소득자 절세 포트폴리오 결과2.pdf (5청크)
[RAG] 분리 저장 완료: /home/freegear/EasyDocStation/Database/ObjectFile/FileTrainingData/64159887-159d-4959-9ec1-a7ea7a769635/no_comment/0a06fd7f-51bf-488e-b9b0-c538bd42ffaf/고연봉_급여소득자_절세_포트폴리오_결과2.pdf
[RAG] 학습 진행률: 30% (게시글 PDF)
[RAG] post=8fbdb933-6ee8-4227-b170-b013e4456574 text → 1청크
[RAG] post=0c7e3d82-b4e0-4141-8bb5-f3a3fa2875d7 text → 1청크
[RAG] 이미지 학습 시작: 1.png
[RAG] Gemma 이미지 설명 완료 (page=1, 24.9s): 1578자
[RAG] 이미지 학습 완료: 1.png (3청크)
[RAG] 학습 진행률: 40% (게시글 이미지)
[RAG] 이미지 학습 시작: 2.png
[RAG] Gemma 이미지 설명 완료 (page=1, 25.5s): 1473자
[RAG] 임베딩 서버 호출 실패, 로컬 fallback 사용: HTTPConnectionPool(host='127.0.0.1', port=5001): Max retries exceeded with url: /embed (Caused by NewConnectionError("HTTPConnection(host='127.0.0.1', port=5001): Failed to establish a new connection: [Errno 111] Connection refused"))
[RAG] (fallback) 로컬 임베딩 모델 로드 중: BAAI/bge-m3 (device=cuda) ...
Loading weights:   0%|          | 0/391 [00:00<?, ?it/s]Loading weights: 100%|██████████| 391/391 [00:00<00:00, 40930.76it/s]
[RAG] (fallback) 로컬 임베딩 모델 로드 완료 (device=cuda)
[RAG] 이미지 학습 완료: 2.png (2청크)
[RAG] 이미지 학습 시작: 3.png
[RAG] Gemma 이미지 설명 완료 (page=1, 28.5s): 1889자
[RAG] 임베딩 서버 호출 실패, 로컬 fallback 사용: HTTPConnectionPool(host='127.0.0.1', port=5001): Max retries exceeded with url: /embed (Caused by NewConnectionError("HTTPConnection(host='127.0.0.1', port=5001): Failed to establish a new connection: [Errno 111] Connection refused"))
[RAG] 이미지 학습 완료: 3.png (3청크)
[RAG] 이미지 학습 시작: 4.png
[RAG] Gemma 이미지 설명 완료 (page=1, 29.8s): 1653자
[RAG] 임베딩 서버 호출 실패, 로컬 fallback 사용: HTTPConnectionPool(host='127.0.0.1', port=5001): Max retries exceeded with url: /embed (Caused by NewConnectionError("HTTPConnection(host='127.0.0.1', port=5001): Failed to establish a new connection: [Errno 111] Connection refused"))
[RAG] 이미지 학습 완료: 4.png (3청크)
[RAG] 학습 진행률: 50% (게시글 이미지)
[RAG] 이미지 학습 시작: 5.png
[RAG] Gemma 이미지 설명 완료 (page=1, 30.4s): 1719자
[RAG] 이미지 학습 완료: 5.png (3청크)
[RAG] 이미지 학습 시작: 6.png
[RAG] Gemma 이미지 설명 완료 (page=1, 27.5s): 1691자
[RAG] 이미지 학습 완료: 6.png (3청크)
[RAG] post=2649a0ed-6c3b-478b-a9c0-55c1ec44804c text → 1청크
[RAG] 학습 진행률: 60% (게시글 본문)
[RAG] post=57451ca7-e77d-4bda-a2d2-728da4ecd361 text → 1청크
[RAG] 이미지 학습 시작: KakaoTalk_Photo_2026-05-25-18-46-32 001.jpeg
[RAG] Gemma 이미지 설명 완료 (page=1, 33.6s): 1981자
[RAG] 이미지 학습 완료: KakaoTalk_Photo_2026-05-25-18-46-32 001.jpeg (3청크)
[RAG] 이미지 학습 시작: KakaoTalk_Photo_2026-05-25-18-46-32 002.jpeg
[RAG] Gemma 이미지 설명 완료 (page=1, 29.0s): 2016자
[RAG] 이미지 학습 완료: KakaoTalk_Photo_2026-05-25-18-46-32 002.jpeg (3청크)
[RAG] 학습 진행률: 70% (게시글 이미지)
[RAG] 이미지 학습 시작: KakaoTalk_Photo_2026-05-25-18-46-32 003.jpeg
[RAG] Gemma 이미지 설명 완료 (page=1, 35.7s): 2251자
[RAG] 이미지 학습 완료: KakaoTalk_Photo_2026-05-25-18-46-32 003.jpeg (3청크)
[RAG] 이미지 학습 시작: KakaoTalk_Photo_2026-05-25-18-47-03 001.jpeg
[RAG] Gemma 이미지 설명 완료 (page=1, 33.5s): 1981자
[RAG] 이미지 학습 완료: KakaoTalk_Photo_2026-05-25-18-47-03 001.jpeg (3청크)
[RAG] 이미지 학습 시작: KakaoTalk_Photo_2026-05-25-18-47-03 002.jpeg
[RAG] Gemma 이미지 설명 완료 (page=1, 29.0s): 2016자
[RAG] 이미지 학습 완료: KakaoTalk_Photo_2026-05-25-18-47-03 002.jpeg (3청크)
[RAG] 학습 진행률: 80% (게시글 이미지)
[RAG] 이미지 학습 시작: KakaoTalk_Photo_2026-05-25-18-47-03 003.jpeg
[RAG] Gemma 이미지 설명 완료 (page=1, 35.9s): 2251자
[RAG] 이미지 학습 완료: KakaoTalk_Photo_2026-05-25-18-47-03 003.jpeg (3청크)
[RAG] 이미지 학습 시작: KakaoTalk_Photo_2026-05-25-18-47-03 004.jpeg
[RAG] Gemma 이미지 설명 완료 (page=1, 29.8s): 1942자
[RAG] 이미지 학습 완료: KakaoTalk_Photo_2026-05-25-18-47-03 004.jpeg (3청크)
[RAG] 이미지 학습 시작: KakaoTalk_Photo_2026-05-25-18-47-03 005.jpeg
[RAG] Gemma 이미지 설명 완료 (page=1, 33.9s): 2117자
[RAG] 이미지 학습 완료: KakaoTalk_Photo_2026-05-25-18-47-03 005.jpeg (4청크)
[RAG] 학습 진행률: 90% (게시글 이미지)
[RAG] 이미지 학습 시작: KakaoTalk_Photo_2026-05-25-18-47-04 006.jpeg
[RAG] Gemma 이미지 설명 완료 (page=1, 29.4s): 1674자
[RAG] 이미지 학습 완료: KakaoTalk_Photo_2026-05-25-18-47-04 006.jpeg (3청크)
[RAG] 이미지 학습 시작: KakaoTalk_Photo_2026-05-25-18-47-04 007.jpeg
[RAG] Gemma 이미지 설명 완료 (page=1, 29.1s): 2015자
[RAG] 이미지 학습 완료: KakaoTalk_Photo_2026-05-25-18-47-04 007.jpeg (4청크)
[RAG] 저장 완료 — 70청크 / 10개 게시글 / 0개 댓글
[RAG] 학습 진행률: 100% (저장)
[2026-05-31T21:07:13.344Z][RAG-REBUILD] 게시글 배치 학습 4/39: 10건
/home/freegear/EasyDocStation/server/rag_train.py:111: DeprecationWarning: `langchain-community` is being sunset and is no longer actively maintained. See https://github.com/langchain-ai/langchain-community/issues/674 for details and migration guidance toward standalone integration packages.
  from langchain_community.document_loaders import Docx2txtLoader
[RAG] 테이블 생성 경합 감지, 기존 테이블 사용: Table 'my_rag_table' already exists
[RAG] post=eaf06197-e4a7-4970-b898-d10cee95427d text → 1청크
[RAG] PDF 학습 시작: hyundai_ansim_proposal_1.31.pdf
[RAG] PDF 파싱 시작 (Unstructured fast): hyundai_ansim_proposal_1.31.pdf
[RAG] PDF 파싱 완료 (Unstructured fast): hyundai_ansim_proposal_1.31.pdf / elements=154 / 0.7s
[RAG] PDF 학습 완료: hyundai_ansim_proposal_1.31.pdf (13청크)
[RAG] 분리 저장 완료: /home/freegear/EasyDocStation/Database/ObjectFile/FileTrainingData/eaf06197-e4a7-4970-b898-d10cee95427d/no_comment/6e666636-6bf7-4beb-8218-de954b706330/hyundai_ansim_proposal_1.31.pdf
[RAG] 학습 진행률: 10% (게시글 PDF)
[RAG] PDF 학습 시작: 2026.05-현대건설 과제 계약 사항.pdf
[RAG] PDF 파싱 시작 (Unstructured fast): 2026.05-현대건설 과제 계약 사항.pdf
Ignoring wrong pointing object 9 0 (offset 0)
Ignoring wrong pointing object 81 0 (offset 0)
Ignoring wrong pointing object 82 0 (offset 0)
[RAG] PDF 파싱 완료 (Unstructured fast): 2026.05-현대건설 과제 계약 사항.pdf / elements=37 / 0.2s
[RAG] PDF 학습 완료: 2026.05-현대건설 과제 계약 사항.pdf (11청크)
[RAG] 분리 저장 완료: /home/freegear/EasyDocStation/Database/ObjectFile/FileTrainingData/eaf06197-e4a7-4970-b898-d10cee95427d/no_comment/34428702-206b-45ac-aad8-db0f484c1f29/2026.05-현대건설_과제_계약_사항.pdf
[RAG] PDF 학습 시작: 2026.05-현대건설 과제 계약 사항s.pdf
[RAG] PDF 파싱 시작 (Unstructured fast): 2026.05-현대건설 과제 계약 사항s.pdf
[RAG] PDF 파싱 완료 (Unstructured fast): 2026.05-현대건설 과제 계약 사항s.pdf / elements=37 / 0.1s
[RAG] PDF 학습 완료: 2026.05-현대건설 과제 계약 사항s.pdf (11청크)
[RAG] 분리 저장 완료: /home/freegear/EasyDocStation/Database/ObjectFile/FileTrainingData/eaf06197-e4a7-4970-b898-d10cee95427d/no_comment/47f4d1f7-286c-4fbd-8b03-169d5e7de734/2026.05-현대건설_과제_계약_사항s.pdf
[RAG] 학습 진행률: 20% (게시글 PDF)
[RAG] PDF 학습 시작: hyundai_ansim_proposal_1.3.pdf
[RAG] PDF 파싱 시작 (Unstructured fast): hyundai_ansim_proposal_1.3.pdf
[RAG] PDF 파싱 완료 (Unstructured fast): hyundai_ansim_proposal_1.3.pdf / elements=154 / 0.2s
[RAG] PDF 학습 완료: hyundai_ansim_proposal_1.3.pdf (13청크)
[RAG] 분리 저장 완료: /home/freegear/EasyDocStation/Database/ObjectFile/FileTrainingData/eaf06197-e4a7-4970-b898-d10cee95427d/no_comment/e9a30a3d-69cd-45ff-ab49-1979497d9e85/hyundai_ansim_proposal_1.3.pdf
[RAG] PDF 학습 시작: hyundai_ansim_proposal_1.31.pdf
[RAG] PDF 파싱 시작 (Unstructured fast): hyundai_ansim_proposal_1.31.pdf
[RAG] PDF 파싱 완료 (Unstructured fast): hyundai_ansim_proposal_1.31.pdf / elements=154 / 0.2s
[RAG] PDF 학습 완료: hyundai_ansim_proposal_1.31.pdf (13청크)
[RAG] 분리 저장 완료: /home/freegear/EasyDocStation/Database/ObjectFile/FileTrainingData/eaf06197-e4a7-4970-b898-d10cee95427d/no_comment/e54ab242-05ab-4422-80d2-4a74de5a48fb/hyundai_ansim_proposal_1.31.pdf
[RAG] 학습 진행률: 30% (게시글 PDF)
[RAG] PDF 학습 시작: hyundai_ansim_proposal_20260128014809.pdf
[RAG] PDF 파싱 시작 (Unstructured fast): hyundai_ansim_proposal_20260128014809.pdf
[RAG] PDF 파싱 완료 (Unstructured fast): hyundai_ansim_proposal_20260128014809.pdf / elements=161 / 0.3s
[RAG] PDF 학습 완료: hyundai_ansim_proposal_20260128014809.pdf (12청크)
[RAG] 분리 저장 완료: /home/freegear/EasyDocStation/Database/ObjectFile/FileTrainingData/eaf06197-e4a7-4970-b898-d10cee95427d/no_comment/78f1fc1c-28bc-4fd9-84b0-3eea0922e95d/hyundai_ansim_proposal_20260128014809.pdf
[RAG] post=7a04592a-33c0-431b-b3e3-1728c2ef14e6 text → 1청크
[RAG] 학습 진행률: 40% (게시글 본문)
[RAG] 이미지 학습 시작: 본문-현대건설 원격현장관리플랫폼 대시보드.jpg
[RAG] Gemma 이미지 설명 완료 (page=1, 50.0s): 3076자
[RAG] 이미지 학습 완료: 본문-현대건설 원격현장관리플랫폼 대시보드.jpg (5청크)
[RAG] post=975c6ce2-1a84-4a57-be55-1d8aeb31be71 text → 1청크
[RAG] 학습 진행률: 50% (게시글 본문)
[RAG] post=8eb80461-8b65-49ff-bbcc-d1164df7ecae text → 1청크
[RAG] post=709abbda-ee39-4dd0-8729-33e7d697d308 text → 27청크
[RAG] 학습 진행률: 60% (게시글 본문)
[RAG] post=66a9b569-6ac9-47bb-b250-94dfef240534 text → 1청크
[RAG] post=bdde1b3b-7959-4ef9-821b-e7600d1b6521 text → 45청크
[RAG] 학습 진행률: 70% (게시글 본문)
[RAG] post=46a9e654-ae2a-495b-8240-ce4d82157593 text → 1청크
[RAG] 이미지 학습 시작: Gemini_Generated_Image_b0du1pb0du1pb0du (1).png
[RAG] Gemma 이미지 설명 완료 (page=1, 37.5s): 2487자
[RAG] 이미지 학습 완료: Gemini_Generated_Image_b0du1pb0du1pb0du (1).png (4청크)
[RAG] 학습 진행률: 80% (게시글 이미지)
[RAG] post=756bf068-7173-40b8-913a-72e7b756fe2e text → 1청크
[RAG] post=da645980-755b-4ba4-8dd8-df3bc4acf8e8 text → 1청크
[RAG] 학습 진행률: 90% (게시글 본문)
[RAG] PDF 학습 시작: HD_마곡현장_설치계획_V0.2_0428.pdf
[RAG] PDF 파싱 시작 (Unstructured fast): HD_마곡현장_설치계획_V0.2_0428.pdf
[RAG] PDF 파싱 완료 (Unstructured fast): HD_마곡현장_설치계획_V0.2_0428.pdf / elements=230 / 0.5s
[RAG] PDF 학습 완료: HD_마곡현장_설치계획_V0.2_0428.pdf (8청크)
[RAG] 분리 저장 완료: /home/freegear/EasyDocStation/Database/ObjectFile/FileTrainingData/da645980-755b-4ba4-8dd8-df3bc4acf8e8/no_comment/2e00ea71-4d51-4dfb-b6ff-c532d0d9f3a6/HD_마곡현장_설치계획_V0.2_0428.pdf
[RAG] 저장 완료 — 170청크 / 10개 게시글 / 0개 댓글
[RAG] 학습 진행률: 100% (저장)
[2026-05-31T21:08:52.933Z][RAG-REBUILD] 게시글 배치 학습 5/39: 10건
/home/freegear/EasyDocStation/server/rag_train.py:111: DeprecationWarning: `langchain-community` is being sunset and is no longer actively maintained. See https://github.com/langchain-ai/langchain-community/issues/674 for details and migration guidance toward standalone integration packages.
  from langchain_community.document_loaders import Docx2txtLoader
[RAG] 테이블 생성 경합 감지, 기존 테이블 사용: Table 'my_rag_table' already exists
[RAG] post=6e0c84b2-abb8-4f3b-b9a6-6f7901208cab text → 1청크
[RAG] post=4928b736-76fd-4c2f-982e-a220507bf19f text → 1청크
[RAG] 학습 진행률: 10% (게시글 본문)
[RAG] post=57ceab3e-3533-4ad2-ad28-c0681a9c36c0 text → 1청크
[RAG] 학습 진행률: 20% (게시글 본문)
[RAG] post=8795c93f-6a9b-4715-b478-dec075a2827c text → 1청크
[RAG] 학습 진행률: 30% (게시글 본문)
[RAG] post=907f0433-e9dd-4262-a7d8-136628fae708 text → 1청크
[RAG] post=b9a23313-1cf2-44b8-815d-7bf57be06b8e text → 1청크
[RAG] 학습 진행률: 40% (게시글 본문)
[RAG] post=93fe529e-ffe9-407b-b36c-50805e08952c text → 1청크
[RAG] 학습 진행률: 50% (게시글 본문)
[RAG] post=7a333c43-00a8-4e0d-abcb-dceb15df948d text → 1청크
[RAG] 학습 진행률: 60% (게시글 본문)
[RAG] PDF 학습 시작: 260511_業務委託契約書 SC＝GOIZ_1.1 - 서명됨.pdf
[RAG] PDF 파싱 시작 (Unstructured fast): 260511_業務委託契約書 SC＝GOIZ_1.1 - 서명됨.pdf
[RAG] PDF 파싱 완료 (Unstructured fast): 260511_業務委託契約書 SC＝GOIZ_1.1 - 서명됨.pdf / elements=150 / 0.8s
[RAG] PDF 학습 완료: 260511_業務委託契約書 SC＝GOIZ_1.1 - 서명됨.pdf (12청크)
[RAG] 분리 저장 완료: /home/freegear/EasyDocStation/Database/ObjectFile/FileTrainingData/7a333c43-00a8-4e0d-abcb-dceb15df948d/no_comment/c7acfc9a-1f39-4c23-a5d6-fc668580c649/260511_業務委託契約書_SC_GOIZ_1.1_-_서명됨.pdf
[RAG] post=209393e8-21db-405c-9b8d-e431e6f74034 text → 1청크
[RAG] 학습 진행률: 70% (게시글 본문)
[RAG] Word 학습 시작: 260511_業務委託契約書 SC＝GOIZ_일부 수정_1.1 (1).docx
[RAG] Word 학습 완료: 260511_業務委託契約書 SC＝GOIZ_일부 수정_1.1 (1).docx (4청크)
[RAG] 학습 진행률: 80% (게시글 Word)
[RAG] post=32684c1f-9ff2-4237-b54b-98cbf747d48d text → 2청크
[RAG] 학습 진행률: 90% (게시글 본문)
[RAG] 저장 완료 — 27청크 / 10개 게시글 / 0개 댓글
[RAG] 학습 진행률: 100% (저장)
[2026-05-31T21:09:00.204Z][RAG-REBUILD] 게시글 배치 학습 6/39: 10건
/home/freegear/EasyDocStation/server/rag_train.py:111: DeprecationWarning: `langchain-community` is being sunset and is no longer actively maintained. See https://github.com/langchain-ai/langchain-community/issues/674 for details and migration guidance toward standalone integration packages.
  from langchain_community.document_loaders import Docx2txtLoader
[RAG] 테이블 생성 경합 감지, 기존 테이블 사용: Table 'my_rag_table' already exists
[RAG] post=47c8b5c5-5f59-42b8-b551-07950fdb5795 text → 3청크
[RAG] post=7e379083-e598-4248-9dc8-54e1bd7cb589 text → 2청크
[RAG] 학습 진행률: 10% (게시글 본문)
[RAG] post=286b9ae9-73c5-45d1-b02b-33e6e658515b text → 1청크
[RAG] post=d9010e8f-095d-4e5b-9481-5d60612637a6 text → 1청크
[RAG] 학습 진행률: 20% (게시글 본문)
[RAG] PDF 학습 시작: 삼표시멘트공장현장.pdf
[RAG] PDF 파싱 시작 (Unstructured fast): 삼표시멘트공장현장.pdf
[RAG] PDF 파싱 완료 (Unstructured fast): 삼표시멘트공장현장.pdf / elements=21 / 0.4s
[RAG] PDF 학습 완료: 삼표시멘트공장현장.pdf (2청크)
[RAG] 분리 저장 완료: /home/freegear/EasyDocStation/Database/ObjectFile/FileTrainingData/d9010e8f-095d-4e5b-9481-5d60612637a6/no_comment/bad6d3f9-eaca-47e7-be3d-4adc06567108/삼표시멘트공장현장.pdf
[RAG] post=c437a355-8c5f-4b71-8a6f-3921ec74f7e8 text → 1청크
[RAG] 학습 진행률: 30% (게시글 본문)
[RAG] Word 학습 시작: LPR정보_API_V0_2026_02_05_16_12 (1).docx
[RAG] Word 학습 완료: LPR정보_API_V0_2026_02_05_16_12 (1).docx (1청크)
[RAG] 이미지 학습 시작: 스크린샷 2026-05-10 오후 9.56.08.png
[RAG] Gemma 이미지 설명 완료 (page=1, 32.3s): 1931자
[RAG] 이미지 학습 완료: 스크린샷 2026-05-10 오후 9.56.08.png (3청크)
[RAG] 학습 진행률: 40% (게시글 이미지)
[RAG] 이미지 학습 시작: 스크린샷 2026-05-10 오후 11.11.16.png
[RAG] Gemma 이미지 설명 완료 (page=1, 30.9s): 1862자
[RAG] 이미지 학습 완료: 스크린샷 2026-05-10 오후 11.11.16.png (3청크)
[RAG] 이미지 학습 시작: 17-18-38_20mu4485.jpg
[RAG] Gemma 이미지 설명 완료 (page=1, 25.2s): 1494자
[RAG] 이미지 학습 완료: 17-18-38_20mu4485.jpg (2청크)
[RAG] 학습 진행률: 50% (게시글 이미지)
[RAG] 이미지 학습 시작: 20-07-32_14ro8788.jpg
[RAG] Gemma 이미지 설명 완료 (page=1, 26.6s): 1737자
[RAG] 이미지 학습 완료: 20-07-32_14ro8788.jpg (3청크)
[RAG] post=c4f64717-f63b-4c81-b70b-ab5f875929ce text → 1청크
[RAG] 학습 진행률: 60% (게시글 본문)
[RAG] post=a6e98e01-3f5c-4b6f-9568-5a690dddcd5a text → 1청크
[RAG] Word 학습 시작: 250721_ODROID_LPR_Manual_v0.1_2.docx
[RAG] Word 학습 완료: 250721_ODROID_LPR_Manual_v0.1_2.docx (5청크)
[RAG] 학습 진행률: 70% (게시글 Word)
[RAG] TXT 학습 시작: key_정보.txt
[RAG] TXT 학습 완료: key_정보.txt (1청크)
[RAG] post=12224ec7-2a91-4467-93d1-c4cad1b4453f text → 1청크
[RAG] 학습 진행률: 80% (게시글 본문)
[RAG] post=9f7e86c1-7533-41f4-9815-aae374431c08 text → 1청크
[RAG] post=22866f29-5743-4859-860b-b873996f0b32 text → 1청크
[RAG] 학습 진행률: 90% (게시글 본문)
[RAG] 저장 완료 — 33청크 / 10개 게시글 / 0개 댓글
[RAG] 학습 진행률: 100% (저장)
[2026-05-31T21:11:02.350Z][RAG-REBUILD] 게시글 배치 학습 7/39: 10건
/home/freegear/EasyDocStation/server/rag_train.py:111: DeprecationWarning: `langchain-community` is being sunset and is no longer actively maintained. See https://github.com/langchain-ai/langchain-community/issues/674 for details and migration guidance toward standalone integration packages.
  from langchain_community.document_loaders import Docx2txtLoader
[RAG] 테이블 생성 경합 감지, 기존 테이블 사용: Table 'my_rag_table' already exists
[RAG] post=69b12f9f-b182-41ed-a410-5ba03ac4cbec text → 1청크
[RAG] post=51251e5f-bdc1-4d03-9434-32f29cefe210 text → 1청크
[RAG] post=993cbca7-4286-4f49-8fd5-6d5d9ebc3706 text → 1청크
[RAG] 학습 진행률: 10% (게시글 본문)
[RAG] post=9b31946f-c310-43dc-a383-68df4d1e054f text → 1청크
[RAG] 이미지 학습 시작: Scan2026-05-27_071622.png
[RAG] Gemma 이미지 설명 완료 (page=1, 43.4s): 2050자
[RAG] 이미지 학습 완료: Scan2026-05-27_071622.png (4청크)
[RAG] 학습 진행률: 20% (게시글 이미지)
[RAG] post=1ae9d261-4205-4ca4-8827-95085210dded text → 1청크
[RAG] PDF 학습 시작: 채무 상환 확약서.pdf
[RAG] PDF 파싱 시작 (Unstructured fast): 채무 상환 확약서.pdf
[RAG] PDF 파싱 완료 (Unstructured fast): 채무 상환 확약서.pdf / elements=14 / 0.5s
[RAG] PDF 학습 완료: 채무 상환 확약서.pdf (2청크)
[RAG] 분리 저장 완료: /home/freegear/EasyDocStation/Database/ObjectFile/FileTrainingData/1ae9d261-4205-4ca4-8827-95085210dded/no_comment/b0f81aa1-540d-4a2d-a879-c4d9223b6044/채무_상환_확약서.pdf
[RAG] 학습 진행률: 30% (게시글 PDF)
[RAG] Word 학습 시작: 채무 상환 확약서.docx
[RAG] Word 학습 완료: 채무 상환 확약서.docx (1청크)
[RAG] post=ab0ee348-8569-4a6b-b71b-f955f2c0b6e1 text → 1청크
[RAG] 학습 진행률: 40% (게시글 본문)
[RAG] PDF 학습 시작: Scan2026-05-27_071622.png.pdf
[RAG] PDF 파싱 시작 (Unstructured fast): Scan2026-05-27_071622.png.pdf
[RAG] Tesseract OCR fallback 시작: lang=kor+eng, pages=1
[RAG] Tesseract OCR 진행: 1/1
[RAG] Tesseract OCR fallback 완료: 추출 페이지 1/1
[RAG] PDF 학습 완료: Scan2026-05-27_071622.png.pdf (2청크)
[RAG] 분리 저장 완료: /home/freegear/EasyDocStation/Database/ObjectFile/FileTrainingData/ab0ee348-8569-4a6b-b71b-f955f2c0b6e1/no_comment/c162e1dc-34f8-4561-800f-626fcf09f843/Scan2026-05-27_071622.png.pdf
[RAG] post=06cc55eb-575c-4432-956b-990e20110fcc text → 1청크
[RAG] 학습 진행률: 50% (게시글 본문)
[RAG] post=bb7edd84-0d70-4079-8fda-8f86f6ae5d85 text → 1청크
[RAG] PDF 학습 시작: SC_중소기업확인서(~20270331).pdf
[RAG] PDF 파싱 시작 (Unstructured fast): SC_중소기업확인서(~20270331).pdf
[RAG] Tesseract OCR fallback 시작: lang=kor+eng, pages=1
[RAG] Tesseract OCR 진행: 1/1
[RAG] Tesseract OCR fallback 완료: 추출 페이지 1/1
[RAG] PDF 학습 완료: SC_중소기업확인서(~20270331).pdf (2청크)
[RAG] 분리 저장 완료: /home/freegear/EasyDocStation/Database/ObjectFile/FileTrainingData/bb7edd84-0d70-4079-8fda-8f86f6ae5d85/no_comment/3e3877e4-0c45-4f03-b601-979626ea7449/SC_중소기업확인서_20270331_.pdf
[RAG] 학습 진행률: 60% (게시글 PDF)
[RAG] post=22f48c76-68fe-4536-9bc0-e3a29609c4e9 text → 1청크
[RAG] Word 학습 시작: 엑스브라이트_AgenticAI 기반 네트워크 관리 플랫폼개발.docx
[RAG] Word 학습 완료: 엑스브라이트_AgenticAI 기반 네트워크 관리 플랫폼개발.docx (4청크)
[RAG] 학습 진행률: 70% (게시글 Word)
[RAG] Word 학습 시작: 엑스브라이트_AgenticAI 기반 네트워크 관리 플랫폼개발.docx
[RAG] Word 학습 완료: 엑스브라이트_AgenticAI 기반 네트워크 관리 플랫폼개발.docx (5청크)
[RAG] Word 학습 시작: AgenticAI 기반의 지능형 네트워크 관리 플랫폼 개발{검토}.docx
[RAG] Word 학습 완료: AgenticAI 기반의 지능형 네트워크 관리 플랫폼 개발{검토}.docx (5청크)
[RAG] 학습 진행률: 80% (게시글 Word)
[RAG] 이미지 학습 시작: Gemini_Generated_Image_nqztn7nqztn7nqzt.png
[RAG] Gemma 이미지 설명 완료 (page=1, 44.7s): 3624자
[RAG] 이미지 학습 완료: Gemini_Generated_Image_nqztn7nqztn7nqzt.png (7청크)
[RAG] post=e2c5975f-83e0-4fa8-8369-2920bc37fa4c text → 1청크
[RAG] 학습 진행률: 90% (게시글 본문)
[RAG] Word 학습 시작: EasyAI_AgenticAI 기반 Framework 공급 및 상업적 재판매 계약서.docx
[RAG] Word 학습 완료: EasyAI_AgenticAI 기반 Framework 공급 및 상업적 재판매 계약서.docx (4청크)
[RAG] 저장 완료 — 46청크 / 10개 게시글 / 0개 댓글
[RAG] 학습 진행률: 100% (저장)
[2026-05-31T21:12:41.863Z][RAG-REBUILD] 게시글 배치 학습 8/39: 10건
/home/freegear/EasyDocStation/server/rag_train.py:111: DeprecationWarning: `langchain-community` is being sunset and is no longer actively maintained. See https://github.com/langchain-ai/langchain-community/issues/674 for details and migration guidance toward standalone integration packages.
  from langchain_community.document_loaders import Docx2txtLoader
[RAG] 테이블 생성 경합 감지, 기존 테이블 사용: Table 'my_rag_table' already exists
[RAG] post=9a4556ca-823a-41b1-bef2-79a246cfcc87 text → 1청크
[RAG] Word 학습 시작: 2026-05-11 이끌림케어 계약서.docx
[RAG] Word 학습 완료: 2026-05-11 이끌림케어 계약서.docx (4청크)
[RAG] post=975f5aa9-89cd-4814-aa54-844c2751c320 text → 1청크
[RAG] Word 학습 시작: 2028-03-18 CE사_용역 계약서_k5_1.0.docx
[RAG] Word 학습 완료: 2028-03-18 CE사_용역 계약서_k5_1.0.docx (11청크)
[RAG] Word 학습 시작: 2028-03-18 CoreEdge용역 계약서_k5_1.0.docx
[RAG] Word 학습 완료: 2028-03-18 CoreEdge용역 계약서_k5_1.0.docx (11청크)
[RAG] 학습 진행률: 10% (게시글 Word)
[RAG] Word 학습 시작: 2028-03-18 CoreEdge용역 계약서.docx
[RAG] Word 학습 완료: 2028-03-18 CoreEdge용역 계약서.docx (11청크)
[RAG] post=725fc57f-bc88-44de-a2b4-edf3701a0322 text → 1청크
[RAG] Word 학습 시작: 컨설팅 용역 계약서_실리콘큐브.doc
[RAG] Word 읽기 실패 (/home/freegear/EasyDocStation/Database/ObjectFile/ch-1778490987287/a240b565-ee70-4cc4-9a95-bc92169bf96c/컨설팅 용역 계약서_실리콘큐브.doc): File is not a zip file
[RAG] post=708a9f11-71e2-45a5-90c3-962d7d83b892 text → 1청크
[RAG] 이미지 학습 시작: 스크린샷 2026-05-26 오전 10.34.44.png
[RAG] Gemma 이미지 설명 완료 (page=1, 33.9s): 2107자
[RAG] 이미지 학습 완료: 스크린샷 2026-05-26 오전 10.34.44.png (4청크)
[RAG] 학습 진행률: 20% (게시글 이미지)
[RAG] 이미지 학습 시작: 스크린샷 2026-05-26 오전 10.34.51.png
[RAG] Gemma 이미지 설명 완료 (page=1, 52.3s): 2805자
[RAG] 이미지 학습 완료: 스크린샷 2026-05-26 오전 10.34.51.png (5청크)
[RAG] 이미지 학습 시작: 스크린샷 2026-05-26 오전 10.42.39.png
[RAG] Gemma 이미지 설명 완료 (page=1, 41.5s): 2575자
[RAG] 이미지 학습 완료: 스크린샷 2026-05-26 오전 10.42.39.png (5청크)
[RAG] 이미지 학습 시작: 스크린샷 2026-05-26 오전 10.43.25.png
[RAG] Gemma 이미지 설명 완료 (page=1, 46.4s): 3098자
[RAG] 이미지 학습 완료: 스크린샷 2026-05-26 오전 10.43.25.png (6청크)
[RAG] 이미지 학습 시작: 스크린샷 2026-05-26 오전 10.45.14.png
[RAG] Gemma 이미지 설명 완료 (page=1, 41.8s): 2680자
[RAG] 이미지 학습 완료: 스크린샷 2026-05-26 오전 10.45.14.png (5청크)
[RAG] 이미지 학습 시작: 스크린샷 2026-05-26 오전 10.48.45.png
[RAG] Gemma 이미지 설명 완료 (page=1, 38.5s): 2272자
[RAG] 이미지 학습 완료: 스크린샷 2026-05-26 오전 10.48.45.png (4청크)
[RAG] 학습 진행률: 30% (게시글 이미지)
[RAG] 이미지 학습 시작: 스크린샷 2026-05-26 오전 10.48.56.png
[RAG] Gemma 이미지 설명 완료 (page=1, 43.9s): 2932자
[RAG] 이미지 학습 완료: 스크린샷 2026-05-26 오전 10.48.56.png (5청크)
[RAG] 이미지 학습 시작: 스크린샷 2026-05-26 오전 10.49.35.png
[RAG] Gemma 이미지 설명 완료 (page=1, 39.0s): 1993자
[RAG] 이미지 학습 완료: 스크린샷 2026-05-26 오전 10.49.35.png (3청크)
[RAG] 이미지 학습 시작: 스크린샷 2026-05-27 오전 2.51.15.png
[RAG] Gemma 이미지 설명 완료 (page=1, 56.5s): 3291자
[RAG] 이미지 학습 완료: 스크린샷 2026-05-27 오전 2.51.15.png (5청크)
[RAG] 이미지 학습 시작: 스크린샷 2026-05-27 오전 6.51.04.png
[RAG] Gemma 이미지 설명 완료 (page=1, 66.1s): 2812자
[RAG] 이미지 학습 완료: 스크린샷 2026-05-27 오전 6.51.04.png (5청크)
[RAG] post=146b433d-d347-4cac-9e4b-72781eead673 text → 1청크
[RAG] 학습 진행률: 40% (게시글 본문)
[RAG] 이미지 학습 시작: 스크린샷 2026-05-26 오전 10.29.27.png
[RAG] Gemma 이미지 설명 완료 (page=1, 52.1s): 2561자
[RAG] 이미지 학습 완료: 스크린샷 2026-05-26 오전 10.29.27.png (5청크)
[RAG] 이미지 학습 시작: 스크린샷 2026-05-26 오전 10.29.33.png
[RAG] Gemma 이미지 설명 완료 (page=1, 43.5s): 2324자
[RAG] 이미지 학습 완료: 스크린샷 2026-05-26 오전 10.29.33.png (4청크)
[RAG] 이미지 학습 시작: 스크린샷 2026-05-26 오전 10.30.07.png
[RAG] Gemma 이미지 설명 완료 (page=1, 34.6s): 1855자
[RAG] 이미지 학습 완료: 스크린샷 2026-05-26 오전 10.30.07.png (4청크)
[RAG] 이미지 학습 시작: 스크린샷 2026-05-26 오전 10.30.15.png
[RAG] Gemma 이미지 설명 완료 (page=1, 34.1s): 2432자
[RAG] 이미지 학습 완료: 스크린샷 2026-05-26 오전 10.30.15.png (4청크)
[RAG] 학습 진행률: 50% (게시글 이미지)
[RAG] 이미지 학습 시작: 스크린샷 2026-05-26 오전 10.31.29.png
[RAG] Gemma 이미지 설명 완료 (page=1, 42.2s): 2336자
[RAG] 이미지 학습 완료: 스크린샷 2026-05-26 오전 10.31.29.png (4청크)
[RAG] 이미지 학습 시작: 스크린샷 2026-05-26 오전 10.31.40.png
[RAG] Gemma 이미지 설명 완료 (page=1, 58.9s): 3162자
[RAG] 이미지 학습 완료: 스크린샷 2026-05-26 오전 10.31.40.png (5청크)
[RAG] 이미지 학습 시작: 스크린샷 2026-05-26 오전 10.31.53.png
[RAG] Gemma 이미지 설명 완료 (page=1, 39.8s): 2204자
[RAG] 이미지 학습 완료: 스크린샷 2026-05-26 오전 10.31.53.png (4청크)
[RAG] 이미지 학습 시작: 스크린샷 2026-05-26 오전 10.32.02.png
[RAG] Gemma 이미지 설명 완료 (page=1, 48.8s): 2660자
[RAG] 이미지 학습 완료: 스크린샷 2026-05-26 오전 10.32.02.png (4청크)
[RAG] 이미지 학습 시작: 스크린샷 2026-05-26 오전 10.34.02.png
[RAG] Gemma 이미지 설명 완료 (page=1, 41.8s): 2365자
[RAG] 이미지 학습 완료: 스크린샷 2026-05-26 오전 10.34.02.png (4청크)
[RAG] 학습 진행률: 60% (게시글 이미지)
[RAG] 이미지 학습 시작: 스크린샷 2026-05-26 오전 10.34.16.png
[RAG] Gemma 이미지 설명 완료 (page=1, 42.5s): 2580자
[RAG] 이미지 학습 완료: 스크린샷 2026-05-26 오전 10.34.16.png (5청크)
[RAG] post=ec1ce86c-d81a-4a42-9158-22e4d2fe5efa text → 1청크
[RAG] post=403938b1-dbae-461c-8a0b-5cecd331e9d3 text → 1청크
[RAG] post=c934e3ef-a22b-42ec-93be-10fe5b652f0c text → 7청크
[RAG] post=92702e15-07ef-4fd1-a0f7-93cf612681dd text → 1청크
[RAG] 학습 진행률: 70% (게시글 본문)
[RAG] 이미지 학습 시작: main_titlebar_1.png
[RAG] Gemma 이미지 설명 완료 (page=1, 22.4s): 1354자
[RAG] 이미지 학습 완료: main_titlebar_1.png (2청크)
[RAG] 이미지 학습 시작: Telegram_1.png
[RAG] Gemma 이미지 설명 완료 (page=1, 36.8s): 2246자
[RAG] 이미지 학습 완료: Telegram_1.png (5청크)
[RAG] 이미지 학습 시작: Telegram_2.png
[RAG] Gemma 이미지 설명 완료 (page=1, 29.0s): 1838자
[RAG] 이미지 학습 완료: Telegram_2.png (3청크)
[RAG] 이미지 학습 시작: Telegram_3.png
[RAG] Gemma 이미지 설명 완료 (page=1, 34.2s): 2485자
[RAG] 이미지 학습 완료: Telegram_3.png (4청크)
[RAG] 이미지 학습 시작: Telegram_4.png
[RAG] Gemma 이미지 설명 완료 (page=1, 36.5s): 2574자
[RAG] 이미지 학습 완료: Telegram_4.png (5청크)
[RAG] 학습 진행률: 80% (게시글 이미지)
[RAG] 이미지 학습 시작: Telegram_11.png
[RAG] Gemma 이미지 설명 완료 (page=1, 24.9s): 1584자
[RAG] 이미지 학습 완료: Telegram_11.png (3청크)
[RAG] 이미지 학습 시작: Telegram_12.png
[RAG] Gemma 이미지 설명 완료 (page=1, 29.3s): 1787자
[RAG] 이미지 학습 완료: Telegram_12.png (4청크)
[RAG] 이미지 학습 시작: user_setting_1.png
[RAG] Gemma 이미지 설명 완료 (page=1, 34.7s): 2528자
[RAG] 이미지 학습 완료: user_setting_1.png (5청크)
[RAG] 이미지 학습 시작: user_setting_2.png
[RAG] Gemma 이미지 설명 완료 (page=1, 30.4s): 1930자
[RAG] 이미지 학습 완료: user_setting_2.png (4청크)
[RAG] 이미지 학습 시작: user_setting_3.png
[RAG] Gemma 이미지 설명 완료 (page=1, 22.5s): 1228자
[RAG] 이미지 학습 완료: user_setting_3.png (2청크)
[RAG] 학습 진행률: 90% (게시글 이미지)
[RAG] post=8989417a-5b17-4ed6-ba75-2868059c24b2 text → 1청크
[RAG] 이미지 학습 시작: Account_1.png
[RAG] Gemma 이미지 설명 완료 (page=1, 31.3s): 1980자
[RAG] 이미지 학습 완료: Account_1.png (3청크)
[RAG] 이미지 학습 시작: Account_2.png
[RAG] Gemma 이미지 설명 완료 (page=1, 35.7s): 2487자
[RAG] 이미지 학습 완료: Account_2.png (5청크)
[RAG] 저장 완료 — 188청크 / 10개 게시글 / 0개 댓글
[RAG] 학습 진행률: 100% (저장)
[2026-05-31T21:33:58.507Z][RAG-REBUILD] 게시글 배치 학습 9/39: 10건
/home/freegear/EasyDocStation/server/rag_train.py:111: DeprecationWarning: `langchain-community` is being sunset and is no longer actively maintained. See https://github.com/langchain-ai/langchain-community/issues/674 for details and migration guidance toward standalone integration packages.
  from langchain_community.document_loaders import Docx2txtLoader
[RAG] 테이블 생성 경합 감지, 기존 테이블 사용: Table 'my_rag_table' already exists
[RAG] post=2299e342-796f-45fb-8f5f-736716d86515 text → 1청크
[RAG] 이미지 학습 시작: 스크린샷 2026-05-25 오전 8.09.50.png
[RAG] Gemma 이미지 설명 완료 (page=1, 12.6s): 657자
[RAG] 이미지 학습 완료: 스크린샷 2026-05-25 오전 8.09.50.png (1청크)
[RAG] 이미지 학습 시작: 스크린샷 2026-05-25 오전 8.09.59.png
[RAG] Gemma 이미지 설명 완료 (page=1, 39.1s): 2232자
[RAG] 이미지 학습 완료: 스크린샷 2026-05-25 오전 8.09.59.png (4청크)
[RAG] 이미지 학습 시작: 스크린샷 2026-05-25 오전 8.10.09.png
[RAG] Gemma 이미지 설명 완료 (page=1, 31.6s): 2111자
[RAG] 이미지 학습 완료: 스크린샷 2026-05-25 오전 8.10.09.png (4청크)
[RAG] 이미지 학습 시작: 스크린샷 2026-05-25 오전 8.45.58.png
[RAG] Gemma 이미지 설명 완료 (page=1, 37.6s): 2559자
[RAG] 이미지 학습 완료: 스크린샷 2026-05-25 오전 8.45.58.png (5청크)
[RAG] 이미지 학습 시작: 스크린샷 2026-05-25 오후 5.50.16.png
[RAG] Gemma 이미지 설명 완료 (page=1, 25.3s): 1735자
[RAG] 이미지 학습 완료: 스크린샷 2026-05-25 오후 5.50.16.png (3청크)
[RAG] 이미지 학습 시작: 스크린샷 2026-05-25 오후 5.50.41.png
[RAG] Gemma 이미지 설명 완료 (page=1, 21.1s): 1424자
[RAG] 이미지 학습 완료: 스크린샷 2026-05-25 오후 5.50.41.png (3청크)
[RAG] 이미지 학습 시작: 스크린샷 2026-05-25 오후 8.03.24.png
[RAG] Gemma 이미지 설명 완료 (page=1, 27.9s): 1953자
[RAG] 이미지 학습 완료: 스크린샷 2026-05-25 오후 8.03.24.png (3청크)
[RAG] 이미지 학습 시작: 스크린샷 2026-05-25 오후 8.03.39.png
[RAG] Gemma 이미지 설명 완료 (page=1, 34.8s): 2327자
[RAG] 이미지 학습 완료: 스크린샷 2026-05-25 오후 8.03.39.png (4청크)
[RAG] 이미지 학습 시작: 스크린샷 2026-05-25 오후 8.30.02.png
[RAG] Gemma 이미지 설명 완료 (page=1, 23.9s): 1367자
[RAG] 이미지 학습 완료: 스크린샷 2026-05-25 오후 8.30.02.png (2청크)
[RAG] post=d1f25bf6-d254-47c5-a269-fbd97ce3f6e1 text → 3청크
[RAG] post=383e24a9-5a4a-455f-8a41-39caacf7b2b8 text → 3청크
[RAG] post=c007cabc-4dcb-41b4-b3cd-ffb417967a4e text → 1청크
[RAG] 학습 진행률: 10% (게시글 본문)
[RAG] 이미지 학습 시작: 스크린샷 2026-05-24 오전 9.54.52.png
[RAG] Gemma 이미지 설명 완료 (page=1, 33.2s): 1779자
[RAG] 이미지 학습 완료: 스크린샷 2026-05-24 오전 9.54.52.png (3청크)
[RAG] 이미지 학습 시작: 스크린샷 2026-05-24 오전 9.54.58.png
[RAG] Gemma 이미지 설명 완료 (page=1, 33.5s): 2096자
[RAG] 이미지 학습 완료: 스크린샷 2026-05-24 오전 9.54.58.png (4청크)
[RAG] 이미지 학습 시작: 스크린샷 2026-05-24 오후 1.01.45.png
[RAG] Gemma 이미지 설명 완료 (page=1, 41.1s): 2715자
[RAG] 이미지 학습 완료: 스크린샷 2026-05-24 오후 1.01.45.png (4청크)
[RAG] 이미지 학습 시작: 스크린샷 2026-05-24 오후 1.01.53.png
[RAG] Gemma 이미지 설명 완료 (page=1, 29.4s): 1796자
[RAG] 이미지 학습 완료: 스크린샷 2026-05-24 오후 1.01.53.png (3청크)
[RAG] 이미지 학습 시작: 스크린샷 2026-05-24 오후 2.43.46.png
[RAG] Gemma 이미지 설명 완료 (page=1, 43.8s): 2729자
[RAG] 이미지 학습 완료: 스크린샷 2026-05-24 오후 2.43.46.png (5청크)
[RAG] 이미지 학습 시작: 스크린샷 2026-05-24 오후 4.47.55.png
[RAG] Gemma 이미지 설명 완료 (page=1, 24.8s): 1508자
[RAG] 이미지 학습 완료: 스크린샷 2026-05-24 오후 4.47.55.png (3청크)
[RAG] 이미지 학습 시작: 스크린샷 2026-05-24 오후 6.53.27.png
[RAG] Gemma 이미지 설명 완료 (page=1, 35.4s): 2241자
[RAG] 이미지 학습 완료: 스크린샷 2026-05-24 오후 6.53.27.png (4청크)
[RAG] 이미지 학습 시작: AI_Recommendation_25.png
[RAG] Gemma 이미지 설명 완료 (page=1, 43.0s): 2697자
[RAG] 이미지 학습 완료: AI_Recommendation_25.png (5청크)
[RAG] 이미지 학습 시작: AI_Recommendation_26.png
[RAG] Gemma 이미지 설명 완료 (page=1, 44.5s): 2672자
[RAG] 이미지 학습 완료: AI_Recommendation_26.png (5청크)
[RAG] 이미지 학습 시작: AI_Recommendation_27.png
[RAG] Gemma 이미지 설명 완료 (page=1, 53.8s): 2645자
[RAG] 이미지 학습 완료: AI_Recommendation_27.png (5청크)
[RAG] 이미지 학습 시작: AI_Recommendation_28.png
[RAG] Gemma 이미지 설명 완료 (page=1, 39.0s): 2543자
[RAG] 이미지 학습 완료: AI_Recommendation_28.png (4청크)
[RAG] 이미지 학습 시작: AI_Recommendation_29.png
[RAG] Gemma 이미지 설명 완료 (page=1, 24.0s): 1487자
[RAG] 이미지 학습 완료: AI_Recommendation_29.png (2청크)
[RAG] 학습 진행률: 20% (게시글 이미지)
[RAG] 이미지 학습 시작: AI_Recommendation_30.png
[RAG] Gemma 이미지 설명 완료 (page=1, 45.4s): 2636자
[RAG] 이미지 학습 완료: AI_Recommendation_30.png (4청크)
[RAG] 이미지 학습 시작: AI_Recommendation_31.png
[RAG] Gemma 이미지 설명 완료 (page=1, 45.0s): 2871자
[RAG] 이미지 학습 완료: AI_Recommendation_31.png (5청크)
[RAG] 이미지 학습 시작: AI_Recommendation_32.png
[RAG] Gemma 이미지 설명 완료 (page=1, 29.5s): 1845자
[RAG] 이미지 학습 완료: AI_Recommendation_32.png (3청크)
[RAG] 이미지 학습 시작: AI_Recommendation_33.png
[RAG] Gemma 이미지 설명 완료 (page=1, 35.2s): 1952자
[RAG] 이미지 학습 완료: AI_Recommendation_33.png (3청크)
[RAG] 이미지 학습 시작: AI_Recommendation_34.png
[RAG] Gemma 이미지 설명 완료 (page=1, 41.1s): 2778자
[RAG] 이미지 학습 완료: AI_Recommendation_34.png (5청크)
[RAG] 이미지 학습 시작: AI_Recommendation_35.png
[RAG] Gemma 이미지 설명 완료 (page=1, 48.9s): 2845자
[RAG] 이미지 학습 완료: AI_Recommendation_35.png (5청크)
[RAG] 이미지 학습 시작: AI_Recommendation_36.png
[RAG] Gemma 이미지 설명 완료 (page=1, 44.5s): 2720자
[RAG] 이미지 학습 완료: AI_Recommendation_36.png (5청크)
[RAG] 이미지 학습 시작: AI_Recommendation_37.png
[RAG] Gemma 이미지 설명 완료 (page=1, 23.3s): 1568자
[RAG] 이미지 학습 완료: AI_Recommendation_37.png (3청크)
[RAG] 이미지 학습 시작: AI_Recommendation_38.png
[RAG] Gemma 이미지 설명 완료 (page=1, 44.4s): 2390자
[RAG] 이미지 학습 완료: AI_Recommendation_38.png (4청크)
[RAG] 이미지 학습 시작: AI_Recommendation_39.png
[RAG] Gemma 이미지 설명 완료 (page=1, 23.4s): 1522자
[RAG] 이미지 학습 완료: AI_Recommendation_39.png (3청크)
[RAG] 이미지 학습 시작: TradeDisable_ALL.png
[RAG] Gemma 이미지 설명 완료 (page=1, 23.2s): 1385자
[RAG] 이미지 학습 완료: TradeDisable_ALL.png (2청크)
[RAG] 이미지 학습 시작: TradeEnable_ALL.png
[RAG] Gemma 이미지 설명 완료 (page=1, 22.6s): 1336자
[RAG] 이미지 학습 완료: TradeEnable_ALL.png (2청크)
[RAG] 이미지 학습 시작: 스크린샷 2026-05-21 오후 1.54.36.png
[RAG] Gemma 이미지 설명 완료 (page=1, 37.0s): 1761자
[RAG] 이미지 학습 완료: 스크린샷 2026-05-21 오후 1.54.36.png (3청크)
[RAG] 학습 진행률: 30% (게시글 이미지)
[RAG] 이미지 학습 시작: 스크린샷 2026-05-21 오후 4.36.43.png
[RAG] Gemma 이미지 설명 완료 (page=1, 39.0s): 2502자
[RAG] 이미지 학습 완료: 스크린샷 2026-05-21 오후 4.36.43.png (4청크)
[RAG] 이미지 학습 시작: 스크린샷 2026-05-21 오후 4.36.47.png
[RAG] Gemma 이미지 설명 완료 (page=1, 40.9s): 2453자
[RAG] 이미지 학습 완료: 스크린샷 2026-05-21 오후 4.36.47.png (4청크)
[RAG] 이미지 학습 시작: 스크린샷 2026-05-21 오후 5.29.57.png
[RAG] Gemma 이미지 설명 완료 (page=1, 44.5s): 2584자
[RAG] 이미지 학습 완료: 스크린샷 2026-05-21 오후 5.29.57.png (5청크)
[RAG] 이미지 학습 시작: 스크린샷 2026-05-21 오후 6.44.13.png
[RAG] Gemma 이미지 설명 완료 (page=1, 48.2s): 2205자
[RAG] 이미지 학습 완료: 스크린샷 2026-05-21 오후 6.44.13.png (3청크)
[RAG] 이미지 학습 시작: 스크린샷 2026-05-21 오후 6.44.18.png
[RAG] Gemma 이미지 설명 완료 (page=1, 45.5s): 2822자
[RAG] 이미지 학습 완료: 스크린샷 2026-05-21 오후 6.44.18.png (5청크)
[RAG] 이미지 학습 시작: 스크린샷 2026-05-21 오후 6.55.41.png
[RAG] Gemma 이미지 설명 완료 (page=1, 39.4s): 2148자
[RAG] 이미지 학습 완료: 스크린샷 2026-05-21 오후 6.55.41.png (4청크)
[RAG] 이미지 학습 시작: 스크린샷 2026-05-21 오후 8.30.50.png
[RAG] Gemma 이미지 설명 완료 (page=1, 43.5s): 2783자
[RAG] 이미지 학습 완료: 스크린샷 2026-05-21 오후 8.30.50.png (5청크)
[RAG] 이미지 학습 시작: 스크린샷 2026-05-21 오후 8.48.22.png
[RAG] Gemma 이미지 설명 완료 (page=1, 48.0s): 2797자
[RAG] 이미지 학습 완료: 스크린샷 2026-05-21 오후 8.48.22.png (5청크)
[RAG] 이미지 학습 시작: 스크린샷 2026-05-22 오후 3.37.39.png
[RAG] Gemma 이미지 설명 완료 (page=1, 39.2s): 1908자
[RAG] 이미지 학습 완료: 스크린샷 2026-05-22 오후 3.37.39.png (3청크)
[RAG] 이미지 학습 시작: 스크린샷 2026-05-23 오전 5.35.05.png
[RAG] Gemma 이미지 설명 완료 (page=1, 50.2s): 2391자
[RAG] 이미지 학습 완료: 스크린샷 2026-05-23 오전 5.35.05.png (5청크)
[RAG] 이미지 학습 시작: 스크린샷 2026-05-23 오전 9.35.45.png
[RAG] Gemma 이미지 설명 완료 (page=1, 40.9s): 2205자
[RAG] 이미지 학습 완료: 스크린샷 2026-05-23 오전 9.35.45.png (3청크)
[RAG] 이미지 학습 시작: 스크린샷 2026-05-23 오전 9.36.34.png
[RAG] Gemma 이미지 설명 완료 (page=1, 35.8s): 2219자
[RAG] 이미지 학습 완료: 스크린샷 2026-05-23 오전 9.36.34.png (4청크)
[RAG] 학습 진행률: 40% (게시글 이미지)
[RAG] 이미지 학습 시작: 스크린샷 2026-05-23 오전 9.55.02.png
[RAG] Gemma 이미지 설명 완료 (page=1, 36.5s): 2177자
[RAG] 이미지 학습 완료: 스크린샷 2026-05-23 오전 9.55.02.png (3청크)
[RAG] 이미지 학습 시작: 스크린샷 2026-05-23 오전 10.00.40.png
[RAG] Gemma 이미지 설명 완료 (page=1, 37.2s): 2355자
[RAG] 이미지 학습 완료: 스크린샷 2026-05-23 오전 10.00.40.png (4청크)
[RAG] 이미지 학습 시작: 스크린샷 2026-05-23 오전 11.18.51.png
[RAG] Gemma 이미지 설명 완료 (page=1, 35.2s): 2130자
[RAG] 이미지 학습 완료: 스크린샷 2026-05-23 오전 11.18.51.png (4청크)
[RAG] 이미지 학습 시작: 스크린샷 2026-05-23 오후 8.20.08.png
[RAG] Gemma 이미지 설명 완료 (page=1, 26.0s): 1872자
[RAG] 이미지 학습 완료: 스크린샷 2026-05-23 오후 8.20.08.png (3청크)
[RAG] 이미지 학습 시작: Account_1.png
[RAG] Gemma 이미지 설명 완료 (page=1, 31.1s): 1980자
[RAG] 이미지 학습 완료: Account_1.png (3청크)
[RAG] 이미지 학습 시작: Account_2.png
[RAG] Gemma 이미지 설명 완료 (page=1, 35.6s): 2487자
[RAG] 이미지 학습 완료: Account_2.png (5청크)
[RAG] 이미지 학습 시작: Telegram_1.png
[RAG] Gemma 이미지 설명 완료 (page=1, 36.7s): 2246자
[RAG] 이미지 학습 완료: Telegram_1.png (5청크)
[RAG] 이미지 학습 시작: Telegram_2.png
[RAG] Gemma 이미지 설명 완료 (page=1, 29.0s): 1838자
[RAG] 이미지 학습 완료: Telegram_2.png (3청크)
[RAG] 이미지 학습 시작: Telegram_3.png
[RAG] Gemma 이미지 설명 완료 (page=1, 34.2s): 2485자
[RAG] 이미지 학습 완료: Telegram_3.png (4청크)
[RAG] 이미지 학습 시작: Telegram_4.png
[RAG] Gemma 이미지 설명 완료 (page=1, 36.5s): 2574자
[RAG] 이미지 학습 완료: Telegram_4.png (5청크)
[RAG] 이미지 학습 시작: Telegram_11.png
[RAG] Gemma 이미지 설명 완료 (page=1, 25.0s): 1584자
[RAG] 이미지 학습 완료: Telegram_11.png (3청크)
[RAG] 이미지 학습 시작: Telegram_12.png
[RAG] Gemma 이미지 설명 완료 (page=1, 29.2s): 1787자
[RAG] 이미지 학습 완료: Telegram_12.png (4청크)
[RAG] 학습 진행률: 50% (게시글 이미지)
[RAG] 이미지 학습 시작: 스크린샷 2026-05-25 오전 8.10.09.png
[RAG] Gemma 이미지 설명 완료 (page=1, 31.8s): 2111자
[RAG] 이미지 학습 완료: 스크린샷 2026-05-25 오전 8.10.09.png (4청크)
[RAG] 이미지 학습 시작: 스크린샷 2026-05-25 오전 8.45.58.png
[RAG] Gemma 이미지 설명 완료 (page=1, 37.6s): 2559자
[RAG] 이미지 학습 완료: 스크린샷 2026-05-25 오전 8.45.58.png (5청크)
[RAG] 이미지 학습 시작: Account_1.png
[RAG] Gemma 이미지 설명 완료 (page=1, 31.2s): 1980자
[RAG] 이미지 학습 완료: Account_1.png (3청크)
[RAG] 이미지 학습 시작: Account_2.png
[RAG] Gemma 이미지 설명 완료 (page=1, 35.5s): 2487자
[RAG] 이미지 학습 완료: Account_2.png (5청크)
[RAG] 이미지 학습 시작: Telegram_1.png
[RAG] Gemma 이미지 설명 완료 (page=1, 36.6s): 2246자
[RAG] 이미지 학습 완료: Telegram_1.png (5청크)
[RAG] 이미지 학습 시작: Telegram_2.png
[RAG] Gemma 이미지 설명 완료 (page=1, 29.0s): 1838자
[RAG] 이미지 학습 완료: Telegram_2.png (3청크)
[RAG] 이미지 학습 시작: Telegram_3.png
[RAG] Gemma 이미지 설명 완료 (page=1, 34.1s): 2485자
[RAG] 이미지 학습 완료: Telegram_3.png (4청크)
[RAG] 이미지 학습 시작: Telegram_4.png
[RAG] Gemma 이미지 설명 완료 (page=1, 36.2s): 2574자
[RAG] 이미지 학습 완료: Telegram_4.png (5청크)
[RAG] 이미지 학습 시작: Telegram_11.png
[RAG] Gemma 이미지 설명 완료 (page=1, 24.8s): 1584자
[RAG] 이미지 학습 완료: Telegram_11.png (3청크)
[RAG] 이미지 학습 시작: Telegram_12.png
[RAG] Gemma 이미지 설명 완료 (page=1, 29.2s): 1787자
[RAG] 이미지 학습 완료: Telegram_12.png (4청크)
[RAG] post=922f663a-4586-4af2-8e1c-152512318ce9 text → 1청크
[RAG] post=daf5e316-0a41-46c6-b6e7-2866a40c0dea text → 1청크
[RAG] post=ac7457bf-5fed-4997-a37a-abae8f73869f text → 1청크
[RAG] 학습 진행률: 60% (게시글 본문)
[RAG] 이미지 학습 시작: AIRecommdation_buttone.png
[RAG] Gemma 이미지 설명 완료 (page=1, 21.5s): 1409자
[RAG] 이미지 학습 완료: AIRecommdation_buttone.png (2청크)
[RAG] 이미지 학습 시작: AIRecommendation_1.png
[RAG] Gemma 이미지 설명 완료 (page=1, 43.3s): 3006자
[RAG] 이미지 학습 완료: AIRecommendation_1.png (5청크)
[RAG] 이미지 학습 시작: TradeDisable_ALL.png
[RAG] Gemma 이미지 설명 완료 (page=1, 23.0s): 1385자
[RAG] 이미지 학습 완료: TradeDisable_ALL.png (2청크)
[RAG] 이미지 학습 시작: TradeEnable_ALL.png
[RAG] Gemma 이미지 설명 완료 (page=1, 22.3s): 1336자
[RAG] 이미지 학습 완료: TradeEnable_ALL.png (2청크)
[RAG] 이미지 학습 시작: AIRecommdation_buttone.png
[RAG] Gemma 이미지 설명 완료 (page=1, 21.4s): 1409자
[RAG] 이미지 학습 완료: AIRecommdation_buttone.png (2청크)
[RAG] 이미지 학습 시작: AIRecommendation_1.png
[RAG] Gemma 이미지 설명 완료 (page=1, 44.0s): 3006자
[RAG] 이미지 학습 완료: AIRecommendation_1.png (5청크)
[RAG] 이미지 학습 시작: AI_Recommendation_2.png
[RAG] Gemma 이미지 설명 완료 (page=1, 22.1s): 1551자
[RAG] 이미지 학습 완료: AI_Recommendation_2.png (3청크)
[RAG] 이미지 학습 시작: AI_Recommendation_3.png
[RAG] Gemma 이미지 설명 완료 (page=1, 24.5s): 1553자
[RAG] 이미지 학습 완료: AI_Recommendation_3.png (3청크)
[RAG] 이미지 학습 시작: AI_Recommendation_4.png
[RAG] Gemma 이미지 설명 완료 (page=1, 21.7s): 1257자
[RAG] 이미지 학습 완료: AI_Recommendation_4.png (2청크)
[RAG] 이미지 학습 시작: AI_Recommendation_5.png
[RAG] Gemma 이미지 설명 완료 (page=1, 22.7s): 1389자
[RAG] 이미지 학습 완료: AI_Recommendation_5.png (2청크)
[RAG] 이미지 학습 시작: AI_Recommendation_6.png
[RAG] Gemma 이미지 설명 완료 (page=1, 23.5s): 1585자
[RAG] 이미지 학습 완료: AI_Recommendation_6.png (3청크)
[RAG] 이미지 학습 시작: AI_Recommendation_7.png
[RAG] Gemma 이미지 설명 완료 (page=1, 25.3s): 1428자
[RAG] 이미지 학습 완료: AI_Recommendation_7.png (2청크)
[RAG] 학습 진행률: 70% (게시글 이미지)
[RAG] 이미지 학습 시작: AI_Recommendation_8.png
[RAG] Gemma 이미지 설명 완료 (page=1, 58.4s): 3963자
[RAG] 이미지 학습 완료: AI_Recommendation_8.png (8청크)
[RAG] 이미지 학습 시작: AI_Recommendation_9.png
[RAG] Gemma 이미지 설명 완료 (page=1, 29.8s): 2017자
[RAG] 이미지 학습 완료: AI_Recommendation_9.png (3청크)
[RAG] 이미지 학습 시작: 스크린샷 2026-05-24 오전 9.54.52.png
[RAG] Gemma 이미지 설명 완료 (page=1, 33.0s): 1779자
[RAG] 이미지 학습 완료: 스크린샷 2026-05-24 오전 9.54.52.png (3청크)
[RAG] 이미지 학습 시작: 스크린샷 2026-05-24 오전 9.54.58.png
[RAG] Gemma 이미지 설명 완료 (page=1, 33.3s): 2096자
[RAG] 이미지 학습 완료: 스크린샷 2026-05-24 오전 9.54.58.png (4청크)
[RAG] 이미지 학습 시작: AI_Recommendation_2.png
[RAG] Gemma 이미지 설명 완료 (page=1, 22.1s): 1551자
[RAG] 이미지 학습 완료: AI_Recommendation_2.png (3청크)
[RAG] 이미지 학습 시작: AI_Recommendation_3.png
[RAG] Gemma 이미지 설명 완료 (page=1, 24.2s): 1553자
[RAG] 이미지 학습 완료: AI_Recommendation_3.png (3청크)
[RAG] 이미지 학습 시작: AI_Recommendation_4.png
[RAG] Gemma 이미지 설명 완료 (page=1, 21.7s): 1257자
[RAG] 이미지 학습 완료: AI_Recommendation_4.png (2청크)
[RAG] 이미지 학습 시작: AI_Recommendation_5.png
[RAG] Gemma 이미지 설명 완료 (page=1, 22.6s): 1389자
[RAG] 이미지 학습 완료: AI_Recommendation_5.png (2청크)
[RAG] 이미지 학습 시작: AI_Recommendation_6.png
[RAG] Gemma 이미지 설명 완료 (page=1, 23.6s): 1585자
[RAG] 이미지 학습 완료: AI_Recommendation_6.png (3청크)
[RAG] 이미지 학습 시작: AI_Recommendation_8.png
[RAG] Gemma 이미지 설명 완료 (page=1, 58.1s): 3963자
[RAG] 이미지 학습 완료: AI_Recommendation_8.png (8청크)
[RAG] 이미지 학습 시작: AI_Recommendation_9.png
[RAG] Gemma 이미지 설명 완료 (page=1, 29.7s): 2017자
[RAG] 이미지 학습 완료: AI_Recommendation_9.png (3청크)
[RAG] 이미지 학습 시작: AI_Recommendation_10.png
[RAG] Gemma 이미지 설명 완료 (page=1, 24.4s): 1529자
[RAG] 이미지 학습 완료: AI_Recommendation_10.png (3청크)
[RAG] 이미지 학습 시작: AI_Recommendation_11.png
[RAG] Gemma 이미지 설명 완료 (page=1, 31.1s): 2110자
[RAG] 이미지 학습 완료: AI_Recommendation_11.png (4청크)
[RAG] 학습 진행률: 80% (게시글 이미지)
[RAG] 이미지 학습 시작: AI_Recommendation_12.png
[RAG] Gemma 이미지 설명 완료 (page=1, 31.8s): 1622자
[RAG] 이미지 학습 완료: AI_Recommendation_12.png (3청크)
[RAG] 이미지 학습 시작: AI_Recommendation_13.png
[RAG] Gemma 이미지 설명 완료 (page=1, 52.9s): 2645자
[RAG] 이미지 학습 완료: AI_Recommendation_13.png (5청크)
[RAG] 이미지 학습 시작: AI_Recommendation_15.png
[RAG] Gemma 이미지 설명 완료 (page=1, 34.1s): 2094자
[RAG] 이미지 학습 완료: AI_Recommendation_15.png (4청크)
[RAG] 이미지 학습 시작: AI_Recommendation_16.png
[RAG] Gemma 이미지 설명 완료 (page=1, 34.4s): 2161자
[RAG] 이미지 학습 완료: AI_Recommendation_16.png (5청크)
[RAG] 이미지 학습 시작: AI_Recommendation_17.png
[RAG] Gemma 이미지 설명 완료 (page=1, 29.5s): 2066자
[RAG] 이미지 학습 완료: AI_Recommendation_17.png (3청크)
[RAG] 이미지 학습 시작: AI_Recommendation_18.png
[RAG] Gemma 이미지 설명 완료 (page=1, 58.4s): 3135자
[RAG] 이미지 학습 완료: AI_Recommendation_18.png (6청크)
[RAG] 이미지 학습 시작: AI_Recommendation_20.png
[RAG] Gemma 이미지 설명 완료 (page=1, 67.0s): 3396자
[RAG] 이미지 학습 완료: AI_Recommendation_20.png (6청크)
[RAG] 이미지 학습 시작: AI_Recommendation_21.png
[RAG] Gemma 이미지 설명 완료 (page=1, 45.0s): 2732자
[RAG] 이미지 학습 완료: AI_Recommendation_21.png (4청크)
[RAG] 이미지 학습 시작: AI_Recommendation_22.png
[RAG] Gemma 이미지 설명 완료 (page=1, 34.6s): 1999자
[RAG] 이미지 학습 완료: AI_Recommendation_22.png (3청크)
[RAG] 이미지 학습 시작: AI_Recommendation_23.png
[RAG] Gemma 이미지 설명 완료 (page=1, 40.0s): 2306자
[RAG] 이미지 학습 완료: AI_Recommendation_23.png (4청크)
[RAG] 이미지 학습 시작: AI_Recommendation_24.png
[RAG] Gemma 이미지 설명 완료 (page=1, 41.1s): 2583자
[RAG] 이미지 학습 완료: AI_Recommendation_24.png (4청크)
[RAG] post=ab17f7e6-a387-4b8f-bd52-4ff97ac62c2a text → 1청크
[RAG] 학습 진행률: 90% (게시글 본문)
[RAG] post=853ae316-c7d6-483a-b5ec-4f5e2a8b2834 text → 4청크
[RAG] post=58a0db09-25a0-45dd-bbca-d28c4a8abbc1 text → 1청크
[RAG] 이미지 학습 시작: 스크린샷 2026-05-21 오후 1.54.36.png
[RAG] Gemma 이미지 설명 완료 (page=1, 36.7s): 1761자
[RAG] 이미지 학습 완료: 스크린샷 2026-05-21 오후 1.54.36.png (3청크)
[RAG] 이미지 학습 시작: 스크린샷 2026-05-21 오후 4.36.43.png
[RAG] Gemma 이미지 설명 완료 (page=1, 38.8s): 2502자
[RAG] 이미지 학습 완료: 스크린샷 2026-05-21 오후 4.36.43.png (4청크)
[RAG] 이미지 학습 시작: 스크린샷 2026-05-21 오후 4.36.47.png
[RAG] Gemma 이미지 설명 완료 (page=1, 40.8s): 2453자
[RAG] 이미지 학습 완료: 스크린샷 2026-05-21 오후 4.36.47.png (4청크)
[RAG] 이미지 학습 시작: 스크린샷 2026-05-21 오후 5.29.57.png
[RAG] Gemma 이미지 설명 완료 (page=1, 44.5s): 2584자
[RAG] 이미지 학습 완료: 스크린샷 2026-05-21 오후 5.29.57.png (5청크)
[RAG] 이미지 학습 시작: 스크린샷 2026-05-21 오후 6.44.13.png
[RAG] Gemma 이미지 설명 완료 (page=1, 48.0s): 2205자
[RAG] 이미지 학습 완료: 스크린샷 2026-05-21 오후 6.44.13.png (3청크)
[RAG] 이미지 학습 시작: 스크린샷 2026-05-21 오후 6.44.18.png
[RAG] Gemma 이미지 설명 완료 (page=1, 45.3s): 2822자
[RAG] 이미지 학습 완료: 스크린샷 2026-05-21 오후 6.44.18.png (5청크)
[RAG] 이미지 학습 시작: 스크린샷 2026-05-21 오후 6.55.41.png
[RAG] Gemma 이미지 설명 완료 (page=1, 39.2s): 2148자
[RAG] 이미지 학습 완료: 스크린샷 2026-05-21 오후 6.55.41.png (4청크)
[RAG] 이미지 학습 시작: 스크린샷 2026-05-21 오후 8.30.50.png
[RAG] Gemma 이미지 설명 완료 (page=1, 43.2s): 2783자
[RAG] 이미지 학습 완료: 스크린샷 2026-05-21 오후 8.30.50.png (5청크)
[RAG] 이미지 학습 시작: 스크린샷 2026-05-21 오후 8.48.22.png
[RAG] Gemma 이미지 설명 완료 (page=1, 48.1s): 2797자
[RAG] 이미지 학습 완료: 스크린샷 2026-05-21 오후 8.48.22.png (5청크)
[RAG] 저장 완료 — 444청크 / 10개 게시글 / 0개 댓글
[RAG] 학습 진행률: 100% (저장)
[2026-05-31T22:40:32.743Z][RAG-REBUILD] 게시글 배치 학습 10/39: 10건
/home/freegear/EasyDocStation/server/rag_train.py:111: DeprecationWarning: `langchain-community` is being sunset and is no longer actively maintained. See https://github.com/langchain-ai/langchain-community/issues/674 for details and migration guidance toward standalone integration packages.
  from langchain_community.document_loaders import Docx2txtLoader
[RAG] 테이블 생성 경합 감지, 기존 테이블 사용: Table 'my_rag_table' already exists
[RAG] post=c17cd64a-f40a-4b01-bb69-0a41a9f3d2f1 text → 1청크
[RAG] 이미지 학습 시작: 스크린샷 2026-05-20 오전 6.06.10.png
[RAG] Gemma 이미지 설명 완료 (page=1, 27.8s): 1804자
[RAG] 이미지 학습 완료: 스크린샷 2026-05-20 오전 6.06.10.png (3청크)
[RAG] 이미지 학습 시작: 스크린샷 2026-05-20 오전 6.32.38.png
[RAG] Gemma 이미지 설명 완료 (page=1, 36.4s): 2338자
[RAG] 이미지 학습 완료: 스크린샷 2026-05-20 오전 6.32.38.png (4청크)
[RAG] 학습 진행률: 10% (게시글 이미지)
[RAG] 이미지 학습 시작: 스크린샷 2026-05-20 오전 10.14.25.png
[RAG] Gemma 이미지 설명 완료 (page=1, 45.5s): 3080자
[RAG] 이미지 학습 완료: 스크린샷 2026-05-20 오전 10.14.25.png (5청크)
[RAG] 이미지 학습 시작: 스크린샷 2026-05-20 오전 10.58.07.png
[RAG] Gemma 이미지 설명 완료 (page=1, 50.5s): 2528자
[RAG] 이미지 학습 완료: 스크린샷 2026-05-20 오전 10.58.07.png (5청크)
[RAG] 학습 진행률: 20% (게시글 이미지)
[RAG] 이미지 학습 시작: 스크린샷 2026-05-20 오전 11.01.53.png
[RAG] Gemma 이미지 설명 완료 (page=1, 42.5s): 2703자
[RAG] 이미지 학습 완료: 스크린샷 2026-05-20 오전 11.01.53.png (4청크)
[RAG] 이미지 학습 시작: 스크린샷 2026-05-20 오전 11.12.13.png
[RAG] Gemma 이미지 설명 완료 (page=1, 52.7s): 2686자
[RAG] 이미지 학습 완료: 스크린샷 2026-05-20 오전 11.12.13.png (5청크)
[RAG] 학습 진행률: 30% (게시글 이미지)
[RAG] 이미지 학습 시작: 스크린샷 2026-05-20 오후 3.00.48.png
[RAG] Gemma 이미지 설명 완료 (page=1, 44.9s): 2036자
[RAG] 이미지 학습 완료: 스크린샷 2026-05-20 오후 3.00.48.png (4청크)
[RAG] 이미지 학습 시작: 스크린샷 2026-05-20 오후 3.09.41.png
[RAG] Gemma 이미지 설명 완료 (page=1, 33.7s): 1845자
[RAG] 이미지 학습 완료: 스크린샷 2026-05-20 오후 3.09.41.png (3청크)
[RAG] 학습 진행률: 40% (게시글 이미지)
[RAG] 이미지 학습 시작: 스크린샷 2026-05-20 오후 9.26.28.png
[RAG] Gemma 이미지 설명 완료 (page=1, 34.3s): 2619자
[RAG] 이미지 학습 완료: 스크린샷 2026-05-20 오후 9.26.28.png (4청크)
[RAG] 이미지 학습 시작: 스크린샷 2026-05-20 오후 10.39.31.png
[RAG] Gemma 이미지 설명 완료 (page=1, 41.3s): 2399자
[RAG] 이미지 학습 완료: 스크린샷 2026-05-20 오후 10.39.31.png (4청크)
[RAG] 학습 진행률: 50% (게시글 이미지)
[RAG] post=a754eae6-731f-443d-b1eb-91cd902d17a0 text → 3청크
[RAG] post=5bffbbae-2217-4523-80bd-e4acfaabcde8 text → 5청크
[RAG] 학습 진행률: 60% (게시글 본문)
[RAG] post=00d9404d-4097-4dda-86a3-81aaceff6bca text → 2청크
[RAG] post=bbc5f247-a157-4aa3-9340-77b03d92ccff text → 2청크
[RAG] 학습 진행률: 70% (게시글 본문)
[RAG] post=187ca634-5bd7-42ed-9048-7da39e0d9c45 text → 2청크
[RAG] post=b55b0f11-647b-4706-9bb9-7e80db236e3d text → 1청크
[RAG] 학습 진행률: 80% (게시글 본문)
[RAG] post=a29ba817-c5d9-400d-8074-2215ca2c97ca text → 5청크
[RAG] post=54e6d352-c921-4c9e-b0b0-fc202733a932 text → 2청크
[RAG] 학습 진행률: 90% (게시글 본문)
[RAG] post=8d78d10f-0190-426d-9293-b9f5049d541c text → 3청크
[RAG] 저장 완료 — 67청크 / 10개 게시글 / 0개 댓글
[RAG] 학습 진행률: 100% (저장)
[2026-05-31T22:47:32.971Z][RAG-REBUILD] 게시글 배치 학습 11/39: 10건
/home/freegear/EasyDocStation/server/rag_train.py:111: DeprecationWarning: `langchain-community` is being sunset and is no longer actively maintained. See https://github.com/langchain-ai/langchain-community/issues/674 for details and migration guidance toward standalone integration packages.
  from langchain_community.document_loaders import Docx2txtLoader
[RAG] 테이블 생성 경합 감지, 기존 테이블 사용: Table 'my_rag_table' already exists
[RAG] post=1c252438-e5e8-4b3f-9d1d-1bd6466d6473 text → 5청크
[RAG] post=691ff92e-db8f-41f1-8b71-c64daf814e59 text → 1청크
[RAG] post=e84b3563-6230-49a4-a023-c6db91f082b0 text → 1청크
[RAG] 이미지 학습 시작: OWL.001.png
[RAG] Gemma 이미지 설명 완료 (page=1, 42.4s): 2452자
[RAG] 이미지 학습 완료: OWL.001.png (5청크)
[RAG] 학습 진행률: 10% (게시글 이미지)
[RAG] 이미지 학습 시작: OWL.002.png
[RAG] Gemma 이미지 설명 완료 (page=1, 43.3s): 2869자
[RAG] 이미지 학습 완료: OWL.002.png (5청크)
[RAG] 이미지 학습 시작: OWL.003.png
[RAG] Gemma 이미지 설명 완료 (page=1, 42.9s): 3174자
[RAG] 이미지 학습 완료: OWL.003.png (5청크)
[RAG] 이미지 학습 시작: OWL.004.png
[RAG] Gemma 이미지 설명 완료 (page=1, 31.5s): 2083자
[RAG] 이미지 학습 완료: OWL.004.png (3청크)
[RAG] 이미지 학습 시작: OWL.005.png
[RAG] Gemma 이미지 설명 완료 (page=1, 35.0s): 2314자
[RAG] 이미지 학습 완료: OWL.005.png (4청크)
[RAG] 학습 진행률: 20% (게시글 이미지)
[RAG] 이미지 학습 시작: OWL.006.png
[RAG] Gemma 이미지 설명 완료 (page=1, 43.1s): 2574자
[RAG] 이미지 학습 완료: OWL.006.png (5청크)
[RAG] post=0b14b41a-be8c-4cce-a365-2d6813b699da text → 1청크
[RAG] 이미지 학습 시작: 스크린샷 2026-05-17 오전 1.27.27.png
[RAG] Gemma 이미지 설명 완료 (page=1, 29.6s): 2041자
[RAG] 이미지 학습 완료: 스크린샷 2026-05-17 오전 1.27.27.png (4청크)
[RAG] 이미지 학습 시작: 스크린샷 2026-05-17 오전 12.41.18.png
[RAG] Gemma 이미지 설명 완료 (page=1, 28.3s): 1685자
[RAG] 이미지 학습 완료: 스크린샷 2026-05-17 오전 12.41.18.png (3청크)
[RAG] 학습 진행률: 30% (게시글 이미지)
[RAG] 이미지 학습 시작: 스크린샷 2026-05-17 오후 1.15.10.png
[RAG] Gemma 이미지 설명 완료 (page=1, 37.1s): 2454자
[RAG] 이미지 학습 완료: 스크린샷 2026-05-17 오후 1.15.10.png (5청크)
[RAG] 이미지 학습 시작: 스크린샷 2026-05-17 오후 2.34.07.png
[RAG] Gemma 이미지 설명 완료 (page=1, 37.5s): 2340자
[RAG] 이미지 학습 완료: 스크린샷 2026-05-17 오후 2.34.07.png (4청크)
[RAG] 이미지 학습 시작: 스크린샷 2026-05-17 오후 2.34.18.png
[RAG] Gemma 이미지 설명 완료 (page=1, 55.6s): 2807자
[RAG] 이미지 학습 완료: 스크린샷 2026-05-17 오후 2.34.18.png (5청크)
[RAG] 이미지 학습 시작: 스크린샷 2026-05-17 오후 2.36.33.png
[RAG] Gemma 이미지 설명 완료 (page=1, 35.9s): 2438자
[RAG] 이미지 학습 완료: 스크린샷 2026-05-17 오후 2.36.33.png (5청크)
[RAG] 학습 진행률: 40% (게시글 이미지)
[RAG] 이미지 학습 시작: 스크린샷 2026-05-17 오후 2.51.35.png
[RAG] Gemma 이미지 설명 완료 (page=1, 43.8s): 2985자
[RAG] 이미지 학습 완료: 스크린샷 2026-05-17 오후 2.51.35.png (5청크)
[RAG] 이미지 학습 시작: 스크린샷 2026-05-17 오후 12.01.16.png
[RAG] Gemma 이미지 설명 완료 (page=1, 38.2s): 2443자
[RAG] 이미지 학습 완료: 스크린샷 2026-05-17 오후 12.01.16.png (5청크)
[RAG] post=dddbbb81-ed0b-4b83-aae2-a7f3e7064072 text → 1청크
[RAG] 이미지 학습 시작: 001-AI 추천 종목 설정.png
[RAG] Gemma 이미지 설명 완료 (page=1, 35.9s): 2326자
[RAG] 이미지 학습 완료: 001-AI 추천 종목 설정.png (4청크)
[RAG] 학습 진행률: 50% (게시글 이미지)
[RAG] 이미지 학습 시작: 002-AI 추천 종목 탐색 진행.png
[RAG] Gemma 이미지 설명 완료 (page=1, 27.5s): 1778자
[RAG] 이미지 학습 완료: 002-AI 추천 종목 탐색 진행.png (3청크)
[RAG] 이미지 학습 시작: 003-AI 추천 종목 보기.png
[RAG] Gemma 이미지 설명 완료 (page=1, 50.5s): 3124자
[RAG] 이미지 학습 완료: 003-AI 추천 종목 보기.png (5청크)
[RAG] 이미지 학습 시작: 004-AI 추천주 수익률 테스트.png
[RAG] Gemma 이미지 설명 완료 (page=1, 36.2s): 2190자
[RAG] 이미지 학습 완료: 004-AI 추천주 수익률 테스트.png (4청크)
[RAG] post=cb430a95-8e00-4c92-8201-9ef13c784411 text → 1청크
[RAG] 학습 진행률: 60% (게시글 본문)
[RAG] 이미지 학습 시작: 2026.05.08.png
[RAG] Gemma 이미지 설명 완료 (page=1, 41.0s): 2724자
[RAG] 이미지 학습 완료: 2026.05.08.png (5청크)
[RAG] post=1d41e8e4-c76b-453a-a731-d9002eaed70d text → 1청크
[RAG] 이미지 학습 시작: 2026.04.30.png
[RAG] Gemma 이미지 설명 완료 (page=1, 38.7s): 2625자
[RAG] 이미지 학습 완료: 2026.04.30.png (5청크)
[RAG] post=1acb1418-c9f6-4f8a-9e4a-0450dba19068 text → 1청크
[RAG] 학습 진행률: 70% (게시글 본문)
[RAG] 이미지 학습 시작: 2026.04.29-2.png
[RAG] Gemma 이미지 설명 완료 (page=1, 38.7s): 2657자
[RAG] 이미지 학습 완료: 2026.04.29-2.png (5청크)
[RAG] 이미지 학습 시작: 2026.04.29-3.png
[RAG] Gemma 이미지 설명 완료 (page=1, 44.7s): 2608자
[RAG] 이미지 학습 완료: 2026.04.29-3.png (5청크)
[RAG] 이미지 학습 시작: 2026.04.29-4.png
[RAG] Gemma 이미지 설명 완료 (page=1, 39.4s): 2462자
[RAG] 이미지 학습 완료: 2026.04.29-4.png (5청크)
[RAG] 이미지 학습 시작: 2026.04.29.png
[RAG] Gemma 이미지 설명 완료 (page=1, 40.0s): 2748자
[RAG] 이미지 학습 완료: 2026.04.29.png (5청크)
[RAG] 학습 진행률: 80% (게시글 이미지)
[RAG] post=45ab6fc2-cf7f-4dbd-82fd-4d06361baeab text → 1청크
[RAG] 이미지 학습 시작: 2026.04.20.png
[RAG] Gemma 이미지 설명 완료 (page=1, 41.5s): 2665자
[RAG] 이미지 학습 완료: 2026.04.20.png (5청크)
[RAG] post=01b66706-01dd-476e-84f9-84771058b8c2 text → 1청크
[RAG] 이미지 학습 시작: 2026.04.09-2.png
[RAG] Gemma 이미지 설명 완료 (page=1, 39.3s): 2726자
[RAG] 이미지 학습 완료: 2026.04.09-2.png (5청크)
[RAG] 학습 진행률: 90% (게시글 이미지)
[RAG] 이미지 학습 시작: 2026.04.09-3.png
[RAG] Gemma 이미지 설명 완료 (page=1, 44.1s): 2648자
[RAG] 이미지 학습 완료: 2026.04.09-3.png (4청크)
[RAG] 이미지 학습 시작: 2026.04.09-4.png
[RAG] Gemma 이미지 설명 완료 (page=1, 35.5s): 2275자
[RAG] 이미지 학습 완료: 2026.04.09-4.png (3청크)
[RAG] 이미지 학습 시작: 2026.04.09.png
[RAG] Gemma 이미지 설명 완료 (page=1, 51.9s): 3250자
[RAG] 이미지 학습 완료: 2026.04.09.png (6청크)
[RAG] 저장 완료 — 146청크 / 10개 게시글 / 0개 댓글
[RAG] 학습 진행률: 100% (저장)
[2026-05-31T23:06:51.722Z][RAG-REBUILD] 게시글 배치 학습 12/39: 10건
/home/freegear/EasyDocStation/server/rag_train.py:111: DeprecationWarning: `langchain-community` is being sunset and is no longer actively maintained. See https://github.com/langchain-ai/langchain-community/issues/674 for details and migration guidance toward standalone integration packages.
  from langchain_community.document_loaders import Docx2txtLoader
[RAG] 테이블 생성 경합 감지, 기존 테이블 사용: Table 'my_rag_table' already exists
[RAG] post=3bd93d98-35ef-48f0-9354-a1e124953163 text → 1청크
[RAG] 이미지 학습 시작: 2026.04.06.png
[RAG] Gemma 이미지 설명 완료 (page=1, 37.4s): 2179자
[RAG] 이미지 학습 완료: 2026.04.06.png (3청크)
[RAG] post=3e8b7ce1-d562-488d-a9cd-79bd42b4a721 text → 2청크
[RAG] 학습 진행률: 10% (게시글 본문)
[RAG] post=d5669303-0951-4dbb-8f31-6559d0c072c5 text → 1청크
[RAG] TXT 학습 시작: recommend_profit_test_20260401.csv
[RAG] TXT 학습 완료: recommend_profit_test_20260401.csv (6청크)
[RAG] 학습 진행률: 20% (게시글 TXT)
[RAG] TXT 학습 시작: recommend_profit_test_20260401 (1).csv
[RAG] TXT 학습 완료: recommend_profit_test_20260401 (1).csv (6청크)
[RAG] TXT 학습 시작: recommend_profit_test_20260401 (2).csv
[RAG] TXT 학습 완료: recommend_profit_test_20260401 (2).csv (6청크)
[RAG] 학습 진행률: 30% (게시글 TXT)
[RAG] post=1f2193ea-2e64-45ae-a989-2727fede946c text → 4청크
[RAG] post=03187a3e-0347-42c7-aa4e-ccaef92b45b4 text → 1청크
[RAG] post=a79fc2dd-b37a-45b1-8dfc-8710bd4d73eb text → 1청크
[RAG] 학습 진행률: 40% (게시글 본문)
[RAG] 이미지 학습 시작: 스크린샷 2026-05-17 오전 2.57.06.png
[RAG] Gemma 이미지 설명 완료 (page=1, 46.5s): 3296자
[RAG] 이미지 학습 완료: 스크린샷 2026-05-17 오전 2.57.06.png (5청크)
[RAG] post=dbe6c88c-72ba-4475-a7c1-a74acfafd4b8 text → 1청크
[RAG] 학습 진행률: 50% (게시글 본문)
[RAG] 이미지 학습 시작: 스크린샷 2026-05-17 오전 2.49.28.png
[RAG] Gemma 이미지 설명 완료 (page=1, 39.1s): 2491자
[RAG] 이미지 학습 완료: 스크린샷 2026-05-17 오전 2.49.28.png (4청크)
[RAG] post=bd023327-399e-4ede-b16d-18edc78c92d3 text → 1청크
[RAG] 학습 진행률: 60% (게시글 본문)
[RAG] post=ea8edebe-4097-4b8e-8291-0814b52c7bbc text → 4청크
[RAG] post=cc5e46d0-2e5e-4c91-a89d-39f770a0fab4 text → 1청크
[RAG] 이미지 학습 시작: 스크린샷 2026-05-16 오전 4.40.26.png
[RAG] Gemma 이미지 설명 완료 (page=1, 28.8s): 2076자
[RAG] 이미지 학습 완료: 스크린샷 2026-05-16 오전 4.40.26.png (4청크)
[RAG] 학습 진행률: 70% (게시글 이미지)
[RAG] 이미지 학습 시작: 스크린샷 2026-05-16 오전 4.40.29.png
[RAG] Gemma 이미지 설명 완료 (page=1, 28.3s): 1788자
[RAG] 이미지 학습 완료: 스크린샷 2026-05-16 오전 4.40.29.png (3청크)
[RAG] 이미지 학습 시작: 스크린샷 2026-05-16 오전 6.12.01.png
[RAG] Gemma 이미지 설명 완료 (page=1, 27.7s): 1543자
[RAG] 이미지 학습 완료: 스크린샷 2026-05-16 오전 6.12.01.png (3청크)
[RAG] 학습 진행률: 80% (게시글 이미지)
[RAG] 이미지 학습 시작: 스크린샷 2026-05-16 오전 6.30.07.png
[RAG] Gemma 이미지 설명 완료 (page=1, 37.2s): 2524자
[RAG] 이미지 학습 완료: 스크린샷 2026-05-16 오전 6.30.07.png (4청크)
[RAG] 이미지 학습 시작: 스크린샷 2026-05-16 오후 4.48.30.png
[RAG] Gemma 이미지 설명 완료 (page=1, 24.6s): 1270자
[RAG] 이미지 학습 완료: 스크린샷 2026-05-16 오후 4.48.30.png (2청크)
[RAG] 학습 진행률: 90% (게시글 이미지)
[RAG] 이미지 학습 시작: 스크린샷 2026-05-16 오후 4.51.59.png
[RAG] Gemma 이미지 설명 완료 (page=1, 43.3s): 2898자
[RAG] 이미지 학습 완료: 스크린샷 2026-05-16 오후 4.51.59.png (5청크)
[RAG] 저장 완료 — 68청크 / 10개 게시글 / 0개 댓글
[RAG] 학습 진행률: 100% (저장)
[2026-05-31T23:12:12.058Z][RAG-REBUILD] 게시글 배치 학습 13/39: 10건
/home/freegear/EasyDocStation/server/rag_train.py:111: DeprecationWarning: `langchain-community` is being sunset and is no longer actively maintained. See https://github.com/langchain-ai/langchain-community/issues/674 for details and migration guidance toward standalone integration packages.
  from langchain_community.document_loaders import Docx2txtLoader
[RAG] 테이블 생성 경합 감지, 기존 테이블 사용: Table 'my_rag_table' already exists
[RAG] post=8ccdd152-6ed8-4beb-9aa4-c94aae2a932d text → 2청크
[RAG] post=746d65be-febe-4701-af75-0fe2a7b74c3f text → 2청크
[RAG] post=3584f7ca-e294-466c-be45-e8178f1ecad0 text → 1청크
[RAG] 학습 진행률: 10% (게시글 본문)
[RAG] post=affab6b9-3f76-4079-8a1d-318648844ac1 text → 4청크
[RAG] post=5ce316ef-0ac9-4f68-92b6-82922282e1d4 text → 1청크
[RAG] 학습 진행률: 20% (게시글 본문)
[RAG] 이미지 학습 시작: OWL_logo.png
[RAG] Gemma 이미지 설명 완료 (page=1, 29.2s): 1939자
[RAG] 이미지 학습 완료: OWL_logo.png (3청크)
[RAG] 이미지 학습 시작: ChatGPT Image 2026년 5월 14일 오전 12_05_36.png
[RAG] Gemma 이미지 설명 완료 (page=1, 28.3s): 2072자
[RAG] 이미지 학습 완료: ChatGPT Image 2026년 5월 14일 오전 12_05_36.png (3청크)
[RAG] 학습 진행률: 30% (게시글 이미지)
[RAG] 이미지 학습 시작: ChatGPT Image 2026년 5월 14일 오전 12_06_59.png
[RAG] Gemma 이미지 설명 완료 (page=1, 30.8s): 2253자
[RAG] 이미지 학습 완료: ChatGPT Image 2026년 5월 14일 오전 12_06_59.png (4청크)
[RAG] 이미지 학습 시작: ChatGPT Image 2026년 5월 14일 오전 12_08_05.png
[RAG] Gemma 이미지 설명 완료 (page=1, 26.5s): 1862자
[RAG] 이미지 학습 완료: ChatGPT Image 2026년 5월 14일 오전 12_08_05.png (3청크)
[RAG] 학습 진행률: 40% (게시글 이미지)
[RAG] 이미지 학습 시작: 37485c32-a366-45d1-af4a-05c845ab4545.png
[RAG] Gemma 이미지 설명 완료 (page=1, 34.2s): 2585자
[RAG] 이미지 학습 완료: 37485c32-a366-45d1-af4a-05c845ab4545.png (4청크)
[RAG] 이미지 학습 시작: ChatGPT Image 2026년 5월 14일 오전 12_11_27.png
[RAG] Gemma 이미지 설명 완료 (page=1, 28.2s): 1901자
[RAG] 이미지 학습 완료: ChatGPT Image 2026년 5월 14일 오전 12_11_27.png (3청크)
[RAG] 학습 진행률: 50% (게시글 이미지)
[RAG] post=90726559-ac25-43bf-bae7-883d1af56a30 text → 2청크
[RAG] post=072a9492-e700-4faa-bdf8-e0929b6fd997 text → 1청크
[RAG] 학습 진행률: 60% (게시글 본문)
[RAG] 이미지 학습 시작: OWL_logo.png
[RAG] Gemma 이미지 설명 완료 (page=1, 29.0s): 1939자
[RAG] 이미지 학습 완료: OWL_logo.png (3청크)
[RAG] post=417d413a-27b2-4364-a3bf-5bee01eb585f text → 1청크
[RAG] 학습 진행률: 70% (게시글 본문)
[RAG] 이미지 학습 시작: 스크린샷 2026-05-10 오전 5.16.21.png
[RAG] Gemma 이미지 설명 완료 (page=1, 35.9s): 1724자
[RAG] 이미지 학습 완료: 스크린샷 2026-05-10 오전 5.16.21.png (3청크)
[RAG] post=3dea2850-13a2-4e00-9a0c-9b0798f4c308 text → 1청크
[RAG] 학습 진행률: 80% (게시글 본문)
[RAG] 이미지 학습 시작: 스크린샷 2026-05-10 오전 9.44.12.png
[RAG] Gemma 이미지 설명 완료 (page=1, 32.3s): 2052자
[RAG] 이미지 학습 완료: 스크린샷 2026-05-10 오전 9.44.12.png (4청크)
[RAG] post=fea04af3-fb4a-4337-a431-2d1351ca99a1 text → 1청크
[RAG] 학습 진행률: 90% (게시글 본문)
[RAG] 이미지 학습 시작: 스크린샷 2026-05-10 오후 2.43.55.png
[RAG] Gemma 이미지 설명 완료 (page=1, 28.6s): 1826자
[RAG] 이미지 학습 완료: 스크린샷 2026-05-10 오후 2.43.55.png (3청크)
[RAG] 저장 완료 — 49청크 / 10개 게시글 / 0개 댓글
[RAG] 학습 진행률: 100% (저장)
[2026-05-31T23:17:22.002Z][RAG-REBUILD] 게시글 배치 학습 14/39: 10건
/home/freegear/EasyDocStation/server/rag_train.py:111: DeprecationWarning: `langchain-community` is being sunset and is no longer actively maintained. See https://github.com/langchain-ai/langchain-community/issues/674 for details and migration guidance toward standalone integration packages.
  from langchain_community.document_loaders import Docx2txtLoader
[RAG] 테이블 생성 경합 감지, 기존 테이블 사용: Table 'my_rag_table' already exists
[RAG] post=1b2e40c8-f890-4e60-8df5-ea2f9a8985ae text → 1청크
[RAG] 이미지 학습 시작: 스크린샷 2026-05-10 오후 2.44.35.png
[RAG] Gemma 이미지 설명 완료 (page=1, 31.0s): 1955자
[RAG] 이미지 학습 완료: 스크린샷 2026-05-10 오후 2.44.35.png (3청크)
[RAG] post=6b0f5f9b-2caf-49f0-adea-e504cdf243d8 text → 1청크
[RAG] 학습 진행률: 10% (게시글 본문)
[RAG] 이미지 학습 시작: 스크린샷 2026-05-10 오후 2.45.48.png
[RAG] Gemma 이미지 설명 완료 (page=1, 29.3s): 1782자
[RAG] 이미지 학습 완료: 스크린샷 2026-05-10 오후 2.45.48.png (3청크)
[RAG] post=c65001cc-46c1-433d-8247-2c050300ae98 text → 1청크
[RAG] 학습 진행률: 20% (게시글 본문)
[RAG] 이미지 학습 시작: 스크린샷 2026-05-10 오후 5.08.57.png
[RAG] Gemma 이미지 설명 완료 (page=1, 28.8s): 1955자
[RAG] 이미지 학습 완료: 스크린샷 2026-05-10 오후 5.08.57.png (3청크)
[RAG] post=6b88774e-f9ac-43e6-9d28-5f655f40a28d text → 1청크
[RAG] 학습 진행률: 30% (게시글 본문)
[RAG] 이미지 학습 시작: 스크린샷 2026-05-11 오전 1.04.54.png
[RAG] Gemma 이미지 설명 완료 (page=1, 42.0s): 2643자
[RAG] 이미지 학습 완료: 스크린샷 2026-05-11 오전 1.04.54.png (4청크)
[RAG] post=cb7241c1-5f4d-4904-832c-c4eff7e62782 text → 1청크
[RAG] 학습 진행률: 40% (게시글 본문)
[RAG] 이미지 학습 시작: 스크린샷 2026-05-11 오전 1.05.04.png
[RAG] Gemma 이미지 설명 완료 (page=1, 39.8s): 2566자
[RAG] 이미지 학습 완료: 스크린샷 2026-05-11 오전 1.05.04.png (4청크)
[RAG] post=f2d08fd6-64b5-4720-af5f-e173bd622dee text → 1청크
[RAG] 학습 진행률: 50% (게시글 본문)
[RAG] 이미지 학습 시작: 스크린샷 2026-05-11 오전 1.05.29.png
[RAG] Gemma 이미지 설명 완료 (page=1, 35.1s): 2471자
[RAG] 이미지 학습 완료: 스크린샷 2026-05-11 오전 1.05.29.png (4청크)
[RAG] post=9c3189db-59ea-4b40-9046-f0ab4c81fd24 text → 1청크
[RAG] 학습 진행률: 60% (게시글 본문)
[RAG] 이미지 학습 시작: 스크린샷 2026-05-11 오전 1.05.35.png
[RAG] Gemma 이미지 설명 완료 (page=1, 34.0s): 2463자
[RAG] 이미지 학습 완료: 스크린샷 2026-05-11 오전 1.05.35.png (4청크)
[RAG] post=b02e0245-25d4-4f56-862f-6ca9b7479081 text → 1청크
[RAG] 학습 진행률: 70% (게시글 본문)
[RAG] 이미지 학습 시작: 스크린샷 2026-05-11 오전 1.05.41.png
[RAG] Gemma 이미지 설명 완료 (page=1, 40.9s): 2555자
[RAG] 이미지 학습 완료: 스크린샷 2026-05-11 오전 1.05.41.png (4청크)
[RAG] post=f89e1763-20cd-4c95-bab1-33a5d77e1014 text → 1청크
[RAG] 학습 진행률: 80% (게시글 본문)
[RAG] 이미지 학습 시작: 스크린샷 2026-05-11 오전 1.06.08.png
[RAG] Gemma 이미지 설명 완료 (page=1, 24.5s): 1604자
[RAG] 이미지 학습 완료: 스크린샷 2026-05-11 오전 1.06.08.png (3청크)
[RAG] post=589a3344-4e8e-4c5d-9e6f-535a3d9a5834 text → 1청크
[RAG] 학습 진행률: 90% (게시글 본문)
[RAG] 이미지 학습 시작: 스크린샷 2026-05-11 오전 1.06.20.png
[RAG] Gemma 이미지 설명 완료 (page=1, 28.0s): 1741자
[RAG] 이미지 학습 완료: 스크린샷 2026-05-11 오전 1.06.20.png (3청크)
[RAG] 저장 완료 — 45청크 / 10개 게시글 / 0개 댓글
[RAG] 학습 진행률: 100% (저장)
[2026-05-31T23:23:01.955Z][RAG-REBUILD] 게시글 배치 학습 15/39: 10건
/home/freegear/EasyDocStation/server/rag_train.py:111: DeprecationWarning: `langchain-community` is being sunset and is no longer actively maintained. See https://github.com/langchain-ai/langchain-community/issues/674 for details and migration guidance toward standalone integration packages.
  from langchain_community.document_loaders import Docx2txtLoader
[RAG] 테이블 생성 경합 감지, 기존 테이블 사용: Table 'my_rag_table' already exists
[RAG] post=d9f607b1-4e9a-4cfa-a4cb-01da62d486e0 text → 1청크
[RAG] 이미지 학습 시작: 스크린샷 2026-05-11 오전 6.45.45.png
[RAG] Gemma 이미지 설명 완료 (page=1, 35.7s): 2045자
[RAG] 이미지 학습 완료: 스크린샷 2026-05-11 오전 6.45.45.png (3청크)
[RAG] post=bebdad5b-541a-4334-8618-79678156997e text → 1청크
[RAG] 학습 진행률: 10% (게시글 본문)
[RAG] 이미지 학습 시작: 스크린샷 2026-05-11 오전 6.46.40.png
[RAG] Gemma 이미지 설명 완료 (page=1, 34.9s): 2055자
[RAG] 이미지 학습 완료: 스크린샷 2026-05-11 오전 6.46.40.png (4청크)
[RAG] post=bad19ade-8da6-4f06-aaa7-3f6587c824e9 text → 1청크
[RAG] 학습 진행률: 20% (게시글 본문)
[RAG] 이미지 학습 시작: 스크린샷 2026-05-11 오전 6.55.03.png
[RAG] Gemma 이미지 설명 완료 (page=1, 30.5s): 1955자
[RAG] 이미지 학습 완료: 스크린샷 2026-05-11 오전 6.55.03.png (3청크)
[RAG] post=215c7ff2-33b1-450e-b7b4-4097bc9d460e text → 1청크
[RAG] 학습 진행률: 30% (게시글 본문)
[RAG] 이미지 학습 시작: 스크린샷 2026-05-11 오전 12.17.35.png
[RAG] Gemma 이미지 설명 완료 (page=1, 22.4s): 1435자
[RAG] 이미지 학습 완료: 스크린샷 2026-05-11 오전 12.17.35.png (3청크)
[RAG] post=fe6dc64a-7ecd-405e-86dc-13a2e8259376 text → 1청크
[RAG] 학습 진행률: 40% (게시글 본문)
[RAG] 이미지 학습 시작: 스크린샷 2026-05-11 오전 12.30.59.png
[RAG] Gemma 이미지 설명 완료 (page=1, 28.9s): 1920자
[RAG] 이미지 학습 완료: 스크린샷 2026-05-11 오전 12.30.59.png (3청크)
[RAG] post=e2a6683b-dcac-4ad8-bad0-4d0337f34742 text → 1청크
[RAG] 학습 진행률: 50% (게시글 본문)
[RAG] 이미지 학습 시작: 스크린샷 2026-05-11 오전 12.31.06.png
[RAG] Gemma 이미지 설명 완료 (page=1, 28.8s): 1815자
[RAG] 이미지 학습 완료: 스크린샷 2026-05-11 오전 12.31.06.png (3청크)
[RAG] post=aca51b8b-a5a8-481a-b358-d026ff215f91 text → 1청크
[RAG] 학습 진행률: 60% (게시글 본문)
[RAG] 이미지 학습 시작: 스크린샷 2026-05-11 오전 12.32.05.png
[RAG] Gemma 이미지 설명 완료 (page=1, 30.0s): 2058자
[RAG] 이미지 학습 완료: 스크린샷 2026-05-11 오전 12.32.05.png (3청크)
[RAG] post=229550b3-05db-41a0-8ff5-1f6f2b0dcaf0 text → 1청크
[RAG] 학습 진행률: 70% (게시글 본문)
[RAG] 이미지 학습 시작: 스크린샷 2026-05-11 오전 12.48.48.png
[RAG] Gemma 이미지 설명 완료 (page=1, 36.6s): 2423자
[RAG] 이미지 학습 완료: 스크린샷 2026-05-11 오전 12.48.48.png (4청크)
[RAG] post=3cc944d9-d3a2-46c0-a396-80d4b2d1e800 text → 1청크
[RAG] 학습 진행률: 80% (게시글 본문)
[RAG] 이미지 학습 시작: 스크린샷 2026-05-11 오전 12.49.00.png
[RAG] Gemma 이미지 설명 완료 (page=1, 43.5s): 2399자
[RAG] 이미지 학습 완료: 스크린샷 2026-05-11 오전 12.49.00.png (4청크)
[RAG] post=705d7ba7-331d-4ce3-a34b-5a05050604c4 text → 1청크
[RAG] 학습 진행률: 90% (게시글 본문)
[RAG] 이미지 학습 시작: 스크린샷 2026-05-11 오전 12.49.08.png
[RAG] Gemma 이미지 설명 완료 (page=1, 34.3s): 1764자
[RAG] 이미지 학습 완료: 스크린샷 2026-05-11 오전 12.49.08.png (3청크)
[RAG] 저장 완료 — 43청크 / 10개 게시글 / 0개 댓글
[RAG] 학습 진행률: 100% (저장)
[2026-05-31T23:28:34.108Z][RAG-REBUILD] 게시글 배치 학습 16/39: 10건
/home/freegear/EasyDocStation/server/rag_train.py:111: DeprecationWarning: `langchain-community` is being sunset and is no longer actively maintained. See https://github.com/langchain-ai/langchain-community/issues/674 for details and migration guidance toward standalone integration packages.
  from langchain_community.document_loaders import Docx2txtLoader
[RAG] 테이블 생성 경합 감지, 기존 테이블 사용: Table 'my_rag_table' already exists
[RAG] post=0f0b81a3-5090-4fc0-a7b7-611ca28aff32 text → 1청크
[RAG] 이미지 학습 시작: 스크린샷 2026-05-11 오전 12.51.51.png
[RAG] Gemma 이미지 설명 완료 (page=1, 41.1s): 2488자
[RAG] 이미지 학습 완료: 스크린샷 2026-05-11 오전 12.51.51.png (4청크)
[RAG] post=8d537dcb-7aa3-42a8-b5e5-c36d8daccd5e text → 1청크
[RAG] 학습 진행률: 10% (게시글 본문)
[RAG] 이미지 학습 시작: 스크린샷 2026-05-11 오전 12.53.07.png
[RAG] Gemma 이미지 설명 완료 (page=1, 59.0s): 2797자
[RAG] 이미지 학습 완료: 스크린샷 2026-05-11 오전 12.53.07.png (4청크)
[RAG] post=2835e6e9-02a7-47fd-a977-e8d2a15a3daf text → 1청크
[RAG] 학습 진행률: 20% (게시글 본문)
[RAG] 이미지 학습 시작: 스크린샷 2026-05-11 오전 12.53.39.png
[RAG] Gemma 이미지 설명 완료 (page=1, 32.6s): 2062자
[RAG] 이미지 학습 완료: 스크린샷 2026-05-11 오전 12.53.39.png (4청크)
[RAG] post=eca60639-c308-40d0-afd1-e2d655d770a5 text → 1청크
[RAG] 학습 진행률: 30% (게시글 본문)
[RAG] 이미지 학습 시작: 스크린샷 2026-05-11 오전 12.55.23.png
[RAG] Gemma 이미지 설명 완료 (page=1, 32.4s): 2065자
[RAG] 이미지 학습 완료: 스크린샷 2026-05-11 오전 12.55.23.png (4청크)
[RAG] post=264f6224-08c4-4167-886f-802997b58f76 text → 1청크
[RAG] 학습 진행률: 40% (게시글 본문)
[RAG] 이미지 학습 시작: 스크린샷 2026-05-11 오전 12.55.30.png
[RAG] Gemma 이미지 설명 완료 (page=1, 31.0s): 2238자
[RAG] 이미지 학습 완료: 스크린샷 2026-05-11 오전 12.55.30.png (3청크)
[RAG] post=a9c36feb-8e6f-4822-80fc-c5f81ea52e82 text → 1청크
[RAG] 학습 진행률: 50% (게시글 본문)
[RAG] 이미지 학습 시작: 스크린샷 2026-05-11 오전 12.57.07.png
[RAG] Gemma 이미지 설명 완료 (page=1, 34.9s): 1899자
[RAG] 이미지 학습 완료: 스크린샷 2026-05-11 오전 12.57.07.png (3청크)
[RAG] post=7b1c0d43-a27c-4fbd-a451-022cec8ce861 text → 1청크
[RAG] 학습 진행률: 60% (게시글 본문)
[RAG] 이미지 학습 시작: 스크린샷 2026-05-11 오전 12.58.14.png
[RAG] Gemma 이미지 설명 완료 (page=1, 35.6s): 1967자
[RAG] 이미지 학습 완료: 스크린샷 2026-05-11 오전 12.58.14.png (3청크)
[RAG] post=b7b70ca9-b043-42b2-84ea-0cef32961364 text → 1청크
[RAG] 학습 진행률: 70% (게시글 본문)
[RAG] 이미지 학습 시작: 스크린샷 2026-05-11 오후 3.09.23.png
[RAG] Gemma 이미지 설명 완료 (page=1, 42.8s): 2204자
[RAG] 이미지 학습 완료: 스크린샷 2026-05-11 오후 3.09.23.png (4청크)
[RAG] post=7f272a29-d2dc-4b03-a2c7-3b5e48217724 text → 1청크
[RAG] 학습 진행률: 80% (게시글 본문)
[RAG] 이미지 학습 시작: 스크린샷 2026-05-11 오후 3.09.30.png
[RAG] Gemma 이미지 설명 완료 (page=1, 41.9s): 2411자
[RAG] 이미지 학습 완료: 스크린샷 2026-05-11 오후 3.09.30.png (4청크)
[RAG] post=577a7453-5105-4902-8caf-18dec2978267 text → 1청크
[RAG] 학습 진행률: 90% (게시글 본문)
[RAG] 이미지 학습 시작: 스크린샷 2026-05-11 오후 3.09.30.png
[RAG] Gemma 이미지 설명 완료 (page=1, 37.7s): 1800자
[RAG] 이미지 학습 완료: 스크린샷 2026-05-11 오후 3.09.30.png (3청크)
[RAG] 저장 완료 — 46청크 / 10개 게시글 / 0개 댓글
[RAG] 학습 진행률: 100% (저장)
[2026-05-31T23:35:09.628Z][RAG-REBUILD] 게시글 배치 학습 17/39: 10건
/home/freegear/EasyDocStation/server/rag_train.py:111: DeprecationWarning: `langchain-community` is being sunset and is no longer actively maintained. See https://github.com/langchain-ai/langchain-community/issues/674 for details and migration guidance toward standalone integration packages.
  from langchain_community.document_loaders import Docx2txtLoader
[RAG] 테이블 생성 경합 감지, 기존 테이블 사용: Table 'my_rag_table' already exists
[RAG] post=eb425046-1ee1-4e53-baca-b86251bbeb10 text → 1청크
[RAG] 이미지 학습 시작: 스크린샷 2026-05-11 오후 3.09.30.png
[RAG] Gemma 이미지 설명 완료 (page=1, 37.7s): 1800자
[RAG] 이미지 학습 완료: 스크린샷 2026-05-11 오후 3.09.30.png (3청크)
[RAG] post=0de3eb3d-fe99-4613-aa7e-1f1a2b5ca4e9 text → 1청크
[RAG] 학습 진행률: 10% (게시글 본문)
[RAG] 이미지 학습 시작: 스크린샷 2026-05-11 오후 7.13.41.png
[RAG] Gemma 이미지 설명 완료 (page=1, 28.2s): 1778자
[RAG] 이미지 학습 완료: 스크린샷 2026-05-11 오후 7.13.41.png (4청크)
[RAG] post=174d751b-eedb-43cf-86eb-2bf411c3f102 text → 1청크
[RAG] 학습 진행률: 20% (게시글 본문)
[RAG] 이미지 학습 시작: 스크린샷 2026-05-11 오후 8.42.38.png
[RAG] Gemma 이미지 설명 완료 (page=1, 32.7s): 2226자
[RAG] 이미지 학습 완료: 스크린샷 2026-05-11 오후 8.42.38.png (4청크)
[RAG] post=38d0a05b-1c99-414c-8fab-36df24c68599 text → 1청크
[RAG] 학습 진행률: 30% (게시글 본문)
[RAG] 이미지 학습 시작: 스크린샷 2026-05-11 오후 8.45.36.png
[RAG] Gemma 이미지 설명 완료 (page=1, 15.2s): 737자
[RAG] 이미지 학습 완료: 스크린샷 2026-05-11 오후 8.45.36.png (1청크)
[RAG] post=f07b77ff-0ef0-43ab-ac70-43ecba363bdb text → 1청크
[RAG] 학습 진행률: 40% (게시글 본문)
[RAG] 이미지 학습 시작: 스크린샷 2026-05-11 오후 8.46.00.png
[RAG] Gemma 이미지 설명 완료 (page=1, 29.4s): 1864자
[RAG] 이미지 학습 완료: 스크린샷 2026-05-11 오후 8.46.00.png (3청크)
[RAG] post=2c4b23a5-8af4-4d91-93ab-431fad0a2a4f text → 1청크
[RAG] 학습 진행률: 50% (게시글 본문)
[RAG] 이미지 학습 시작: 스크린샷 2026-05-11 오후 8.56.43.png
[RAG] Gemma 이미지 설명 완료 (page=1, 33.2s): 2308자
[RAG] 이미지 학습 완료: 스크린샷 2026-05-11 오후 8.56.43.png (4청크)
[RAG] post=ff3e7841-8f48-4759-99a8-b7c3f634ba3b text → 1청크
[RAG] 학습 진행률: 60% (게시글 본문)
[RAG] 이미지 학습 시작: 스크린샷 2026-05-11 오후 9.01.45.png
[RAG] Gemma 이미지 설명 완료 (page=1, 31.7s): 1820자
[RAG] 이미지 학습 완료: 스크린샷 2026-05-11 오후 9.01.45.png (3청크)
[RAG] post=47b46690-22e8-4fba-bf05-2484fdc364c0 text → 1청크
[RAG] 학습 진행률: 70% (게시글 본문)
[RAG] 이미지 학습 시작: 스크린샷 2026-05-11 오후 9.04.01.png
[RAG] Gemma 이미지 설명 완료 (page=1, 26.6s): 1807자
[RAG] 이미지 학습 완료: 스크린샷 2026-05-11 오후 9.04.01.png (4청크)
[RAG] post=30548963-f87a-4ba0-a07b-47b21309fed1 text → 1청크
[RAG] 학습 진행률: 80% (게시글 본문)
[RAG] 이미지 학습 시작: 스크린샷 2026-05-11 오후 9.12.54.png
[RAG] Gemma 이미지 설명 완료 (page=1, 32.6s): 2062자
[RAG] 이미지 학습 완료: 스크린샷 2026-05-11 오후 9.12.54.png (3청크)
[RAG] post=aa15cfcb-c6bd-456b-bedd-05278ab64ec8 text → 1청크
[RAG] 학습 진행률: 90% (게시글 본문)
[RAG] 이미지 학습 시작: 스크린샷 2026-05-11 오후 9.15.50.png
[RAG] Gemma 이미지 설명 완료 (page=1, 31.7s): 1932자
[RAG] 이미지 학습 완료: 스크린샷 2026-05-11 오후 9.15.50.png (3청크)
[RAG] 저장 완료 — 42청크 / 10개 게시글 / 0개 댓글
[RAG] 학습 진행률: 100% (저장)
[2026-05-31T23:40:14.935Z][RAG-REBUILD] 게시글 배치 학습 18/39: 10건
/home/freegear/EasyDocStation/server/rag_train.py:111: DeprecationWarning: `langchain-community` is being sunset and is no longer actively maintained. See https://github.com/langchain-ai/langchain-community/issues/674 for details and migration guidance toward standalone integration packages.
  from langchain_community.document_loaders import Docx2txtLoader
[RAG] 테이블 생성 경합 감지, 기존 테이블 사용: Table 'my_rag_table' already exists
[RAG] post=da7e4552-1b8f-4f7b-8dbc-a57e24fdfd99 text → 1청크
[RAG] 이미지 학습 시작: 스크린샷 2026-05-11 오후 9.18.33.png
[RAG] Gemma 이미지 설명 완료 (page=1, 30.9s): 2161자
[RAG] 이미지 학습 완료: 스크린샷 2026-05-11 오후 9.18.33.png (4청크)
[RAG] post=b580b521-297c-4404-9fee-03a28676a9f8 text → 1청크
[RAG] 학습 진행률: 10% (게시글 본문)
[RAG] 이미지 학습 시작: 스크린샷 2026-05-11 오후 9.19.36.png
[RAG] Gemma 이미지 설명 완료 (page=1, 29.6s): 1685자
[RAG] 이미지 학습 완료: 스크린샷 2026-05-11 오후 9.19.36.png (3청크)
[RAG] post=de11aa8f-21ae-488e-8848-9523b629299f text → 1청크
[RAG] 이미지 학습 시작: 스크린샷 2026-05-11 오후 9.20.21.png
[RAG] Gemma 이미지 설명 완료 (page=1, 31.0s): 1868자
[RAG] 이미지 학습 완료: 스크린샷 2026-05-11 오후 9.20.21.png (3청크)
[RAG] 학습 진행률: 20% (게시글 이미지)
[RAG] post=d3e8ba0a-6c1f-4d69-9dfe-9d3b87a09eaa text → 1청크
[RAG] 이미지 학습 시작: 스크린샷 2026-05-11 오후 9.22.06.png
[RAG] Gemma 이미지 설명 완료 (page=1, 29.9s): 1887자
[RAG] 이미지 학습 완료: 스크린샷 2026-05-11 오후 9.22.06.png (3청크)
[RAG] post=1d5afec2-fd91-47e5-bc0e-e5562df37aa6 text → 1청크
[RAG] 학습 진행률: 30% (게시글 본문)
[RAG] 이미지 학습 시작: 스크린샷 2026-05-11 오후 9.41.24.png
[RAG] Gemma 이미지 설명 완료 (page=1, 36.7s): 2361자
[RAG] 이미지 학습 완료: 스크린샷 2026-05-11 오후 9.41.24.png (4청크)
[RAG] post=0b22bb5a-1e83-4252-ad97-862ec2ef1513 text → 1청크
[RAG] 이미지 학습 시작: 스크린샷 2026-05-11 오후 7.13.41.png
[RAG] Gemma 이미지 설명 완료 (page=1, 28.1s): 1778자
[RAG] 이미지 학습 완료: 스크린샷 2026-05-11 오후 7.13.41.png (4청크)
[RAG] 학습 진행률: 40% (게시글 이미지)
[RAG] post=2a60c351-f949-4c0a-82d5-7973d415c0e9 text → 1청크
[RAG] 이미지 학습 시작: 스크린샷 2026-05-11 오전 12.17.35.png
[RAG] Gemma 이미지 설명 완료 (page=1, 22.3s): 1435자
[RAG] 이미지 학습 완료: 스크린샷 2026-05-11 오전 12.17.35.png (3청크)
[RAG] 학습 진행률: 50% (게시글 이미지)
[RAG] 이미지 학습 시작: 스크린샷 2026-05-11 오전 12.32.05.png
[RAG] Gemma 이미지 설명 완료 (page=1, 30.0s): 2058자
[RAG] 이미지 학습 완료: 스크린샷 2026-05-11 오전 12.32.05.png (3청크)
[RAG] 이미지 학습 시작: 스크린샷 2026-05-11 오전 12.51.51.png
[RAG] Gemma 이미지 설명 완료 (page=1, 41.2s): 2488자
[RAG] 이미지 학습 완료: 스크린샷 2026-05-11 오전 12.51.51.png (4청크)
[RAG] 이미지 학습 시작: 스크린샷 2026-05-11 오전 12.55.23.png
[RAG] Gemma 이미지 설명 완료 (page=1, 32.3s): 2065자
[RAG] 이미지 학습 완료: 스크린샷 2026-05-11 오전 12.55.23.png (4청크)
[RAG] 학습 진행률: 60% (게시글 이미지)
[RAG] 이미지 학습 시작: 스크린샷 2026-05-11 오전 12.55.30.png
[RAG] Gemma 이미지 설명 완료 (page=1, 30.9s): 2238자
[RAG] 이미지 학습 완료: 스크린샷 2026-05-11 오전 12.55.30.png (3청크)
[RAG] 이미지 학습 시작: 스크린샷 2026-05-11 오전 12.53.39.png
[RAG] Gemma 이미지 설명 완료 (page=1, 32.4s): 2062자
[RAG] 이미지 학습 완료: 스크린샷 2026-05-11 오전 12.53.39.png (4청크)
[RAG] 이미지 학습 시작: 스크린샷 2026-05-11 오전 12.58.14.png
[RAG] Gemma 이미지 설명 완료 (page=1, 35.6s): 1967자
[RAG] 이미지 학습 완료: 스크린샷 2026-05-11 오전 12.58.14.png (3청크)
[RAG] 학습 진행률: 70% (게시글 이미지)
[RAG] 이미지 학습 시작: 스크린샷 2026-05-11 오전 1.04.54.png
[RAG] Gemma 이미지 설명 완료 (page=1, 42.1s): 2643자
[RAG] 이미지 학습 완료: 스크린샷 2026-05-11 오전 1.04.54.png (4청크)
[RAG] 이미지 학습 시작: 스크린샷 2026-05-11 오전 1.05.04.png
[RAG] Gemma 이미지 설명 완료 (page=1, 39.6s): 2566자
[RAG] 이미지 학습 완료: 스크린샷 2026-05-11 오전 1.05.04.png (4청크)
[RAG] 이미지 학습 시작: 스크린샷 2026-05-11 오전 1.05.29.png
[RAG] Gemma 이미지 설명 완료 (page=1, 35.1s): 2471자
[RAG] 이미지 학습 완료: 스크린샷 2026-05-11 오전 1.05.29.png (4청크)
[RAG] 학습 진행률: 80% (게시글 이미지)
[RAG] 이미지 학습 시작: 스크린샷 2026-05-11 오전 1.05.35.png
[RAG] Gemma 이미지 설명 완료 (page=1, 34.0s): 2463자
[RAG] 이미지 학습 완료: 스크린샷 2026-05-11 오전 1.05.35.png (4청크)
[RAG] post=287f0e84-15fa-4198-ae14-43d5b12052a7 text → 1청크
[RAG] post=2b8d6717-7a9f-4098-8891-e04e27ad4fa2 text → 1청크
[RAG] 학습 진행률: 90% (게시글 본문)
[RAG] post=d5240a8b-f442-48bc-b8aa-aaf8de8421fd text → 4청크
[RAG] 저장 완료 — 74청크 / 10개 게시글 / 0개 댓글
[RAG] 학습 진행률: 100% (저장)
[2026-05-31T23:49:43.608Z][RAG-REBUILD] 게시글 배치 학습 19/39: 10건
/home/freegear/EasyDocStation/server/rag_train.py:111: DeprecationWarning: `langchain-community` is being sunset and is no longer actively maintained. See https://github.com/langchain-ai/langchain-community/issues/674 for details and migration guidance toward standalone integration packages.
  from langchain_community.document_loaders import Docx2txtLoader
[RAG] 테이블 생성 경합 감지, 기존 테이블 사용: Table 'my_rag_table' already exists
[RAG] post=a5d51abc-bc52-4c67-ba87-4ab3b5e2a53f text → 1청크
[RAG] 이미지 학습 시작: 스크린샷 2026-05-10 오후 5.08.57.png
[RAG] Gemma 이미지 설명 완료 (page=1, 28.7s): 1955자
[RAG] 이미지 학습 완료: 스크린샷 2026-05-10 오후 5.08.57.png (3청크)
[RAG] 학습 진행률: 10% (게시글 이미지)
[RAG] post=cbd0aa87-9a07-40c5-bfde-b5f6bdbe0ad3 text → 2청크
[RAG] 학습 진행률: 20% (게시글 본문)
[RAG] post=ebcc6394-b91f-4e75-b03a-fb8c12541502 text → 6청크
[RAG] post=4cb0c951-63e2-46b6-9f97-c8e7aaa685b9 text → 2청크
[RAG] 학습 진행률: 30% (게시글 본문)
[RAG] post=dfccb4ad-6c6a-48bb-a769-e47ec575eff8 text → 5청크
[RAG] 학습 진행률: 40% (게시글 본문)
[RAG] post=c783b5d7-7c86-4b02-a304-d80e60859e6d text → 3청크
[RAG] post=16f9f647-64a3-4f03-9b6f-8786df7a5658 text → 1청크
[RAG] 학습 진행률: 50% (게시글 본문)
[RAG] 이미지 학습 시작: 스크린샷 2026-05-10 오전 5.16.21.png
[RAG] Gemma 이미지 설명 완료 (page=1, 36.0s): 1724자
[RAG] 이미지 학습 완료: 스크린샷 2026-05-10 오전 5.16.21.png (3청크)
[RAG] 학습 진행률: 60% (게시글 이미지)
[RAG] 이미지 학습 시작: 스크린샷 2026-05-10 오전 5.19.23.png
[RAG] Gemma 이미지 설명 완료 (page=1, 29.9s): 1986자
[RAG] 이미지 학습 완료: 스크린샷 2026-05-10 오전 5.19.23.png (4청크)
[RAG] post=19f359a3-e823-4d04-8cfa-2c6d72c731af text → 1청크
[RAG] 학습 진행률: 70% (게시글 본문)
[RAG] post=9f8815b0-8503-4b79-9c8c-b48198897882 text → 2청크
[RAG] 학습 진행률: 80% (게시글 본문)
[RAG] post=2dc9e838-4b34-43d4-8d85-96bda953a4a8 text → 1청크
[RAG] 이미지 학습 시작: 스크린샷 2026-05-09 오후 4.02.58.png
[RAG] Gemma 이미지 설명 완료 (page=1, 33.2s): 1661자
[RAG] 이미지 학습 완료: 스크린샷 2026-05-09 오후 4.02.58.png (3청크)
[RAG] 학습 진행률: 90% (게시글 이미지)
[RAG] 저장 완료 — 37청크 / 10개 게시글 / 0개 댓글
[RAG] 학습 진행률: 100% (저장)
[2026-05-31T23:51:58.082Z][RAG-REBUILD] 게시글 배치 학습 20/39: 10건
/home/freegear/EasyDocStation/server/rag_train.py:111: DeprecationWarning: `langchain-community` is being sunset and is no longer actively maintained. See https://github.com/langchain-ai/langchain-community/issues/674 for details and migration guidance toward standalone integration packages.
  from langchain_community.document_loaders import Docx2txtLoader
[RAG] 테이블 생성 경합 감지, 기존 테이블 사용: Table 'my_rag_table' already exists
[RAG] post=75986981-122f-4179-95a5-db7481214106 text → 1청크
[RAG] 이미지 학습 시작: KakaoTalk_Photo_2026-05-09-09-30-14.png
[RAG] Gemma 이미지 설명 완료 (page=1, 44.1s): 3015자
[RAG] 이미지 학습 완료: KakaoTalk_Photo_2026-05-09-09-30-14.png (6청크)
[RAG] post=51771fd0-f952-4315-8456-732c66d198d0 text → 1청크
[RAG] 학습 진행률: 10% (게시글 본문)
[RAG] 이미지 학습 시작: Gemini_Generated_Image_lma9drlma9drlma9.png
[RAG] Gemma 이미지 설명 완료 (page=1, 28.5s): 2035자
[RAG] 이미지 학습 완료: Gemini_Generated_Image_lma9drlma9drlma9.png (3청크)
[RAG] 이미지 학습 시작: Gemini_Generated_Image_99yyji99yyji99yy.png
[RAG] Gemma 이미지 설명 완료 (page=1, 31.2s): 2222자
[RAG] 이미지 학습 완료: Gemini_Generated_Image_99yyji99yyji99yy.png (4청크)
[RAG] 학습 진행률: 20% (게시글 이미지)
[RAG] 이미지 학습 시작: Gemini_Generated_Image_isjrj5isjrj5isjr.png
[RAG] Gemma 이미지 설명 완료 (page=1, 26.5s): 1802자
[RAG] 이미지 학습 완료: Gemini_Generated_Image_isjrj5isjrj5isjr.png (3청크)
[RAG] 이미지 학습 시작: Gemini_Generated_Image_z4qarz4qarz4qarz.png
[RAG] Gemma 이미지 설명 완료 (page=1, 28.8s): 1859자
[RAG] 이미지 학습 완료: Gemini_Generated_Image_z4qarz4qarz4qarz.png (3청크)
[RAG] 학습 진행률: 30% (게시글 이미지)
[RAG] 이미지 학습 시작: ChatGPT Image 2026년 5월 10일 오전 04_58_05.png
[RAG] Gemma 이미지 설명 완료 (page=1, 31.2s): 2268자
[RAG] 이미지 학습 완료: ChatGPT Image 2026년 5월 10일 오전 04_58_05.png (4청크)
[RAG] 이미지 학습 시작: ChatGPT Image 2026년 5월 10일 오전 05_23_25.png
[RAG] Gemma 이미지 설명 완료 (page=1, 28.4s): 1943자
[RAG] 이미지 학습 완료: ChatGPT Image 2026년 5월 10일 오전 05_23_25.png (3청크)
[RAG] 이미지 학습 시작: OWL_logo.png
[RAG] Gemma 이미지 설명 완료 (page=1, 29.2s): 1939자
[RAG] 이미지 학습 완료: OWL_logo.png (3청크)
[RAG] 학습 진행률: 40% (게시글 이미지)
[RAG] 이미지 학습 시작: owl_ss.png
[RAG] Gemma 이미지 설명 완료 (page=1, 26.2s): 1781자
[RAG] 이미지 학습 완료: owl_ss.png (3청크)
[RAG] post=0276b47b-9f8f-4860-9028-1df998d7d44f text → 3청크
[RAG] 학습 진행률: 50% (게시글 본문)
[RAG] post=2cbb4986-09dd-4a2b-9825-3ec8b42c3d02 text → 2청크
[RAG] post=80cffa4a-7b27-4e03-8e81-466dd04700d8 text → 2청크
[RAG] 학습 진행률: 60% (게시글 본문)
[RAG] post=50ed66a7-f057-4280-8edb-3f6866a6bbfe text → 1청크
[RAG] 이미지 학습 시작: 스크린샷 2026-05-09 오전 3.03.34.png
[RAG] Gemma 이미지 설명 완료 (page=1, 56.8s): 2606자
[RAG] 이미지 학습 완료: 스크린샷 2026-05-09 오전 3.03.34.png (4청크)
[RAG] post=a72b1534-af9f-4495-b351-562fff436ec2 text → 1청크
[RAG] 학습 진행률: 70% (게시글 본문)
[RAG] 이미지 학습 시작: 스크린샷 2026-05-09 오전 12.23.20.png
[RAG] Gemma 이미지 설명 완료 (page=1, 22.8s): 1297자
[RAG] 이미지 학습 완료: 스크린샷 2026-05-09 오전 12.23.20.png (3청크)
[RAG] 이미지 학습 시작: 스크린샷 2026-05-09 오전 12.23.33.png
[RAG] Gemma 이미지 설명 완료 (page=1, 31.4s): 1827자
[RAG] 이미지 학습 완료: 스크린샷 2026-05-09 오전 12.23.33.png (3청크)
[RAG] 학습 진행률: 80% (게시글 이미지)
[RAG] post=657cc400-709e-41e1-bccd-f8d63b17e86e text → 2청크
[RAG] post=a5415661-aff4-4dca-81d5-134dcda81e8d text → 2청크
[RAG] 학습 진행률: 90% (게시글 본문)
[RAG] post=11c954a7-3627-4f80-8fe9-2d90bbbc69bf text → 2청크
[RAG] 저장 완료 — 59청크 / 10개 게시글 / 0개 댓글
[RAG] 학습 진행률: 100% (저장)
[2026-05-31T23:58:29.735Z][RAG-REBUILD] 게시글 배치 학습 21/39: 10건
/home/freegear/EasyDocStation/server/rag_train.py:111: DeprecationWarning: `langchain-community` is being sunset and is no longer actively maintained. See https://github.com/langchain-ai/langchain-community/issues/674 for details and migration guidance toward standalone integration packages.
  from langchain_community.document_loaders import Docx2txtLoader
[RAG] 테이블 생성 경합 감지, 기존 테이블 사용: Table 'my_rag_table' already exists
[RAG] post=6222f195-e777-46e9-8a37-c3ea53e55a95 text → 1청크
[RAG] post=7dadeb91-6321-41f0-af9d-175a072e19cc text → 1청크
[RAG] 학습 진행률: 10% (게시글 본문)
[RAG] post=312eab66-d808-4bd5-9c2f-9976088492c8 text → 2청크
[RAG] 학습 진행률: 20% (게시글 본문)
[RAG] post=37079fcf-9548-48fc-8246-784411102d0b text → 1청크
[RAG] 학습 진행률: 30% (게시글 본문)
[RAG] post=f63b2339-3036-47b7-9ed6-bdf88d1c005f text → 3청크
[RAG] 학습 진행률: 40% (게시글 본문)
[RAG] post=1c90616a-ba1a-4563-91d3-5404cc0f435c text → 1청크
[RAG] 학습 진행률: 50% (게시글 본문)
[RAG] TXT 학습 시작: trade_history_20260507_145721.csv
[RAG] TXT 학습 완료: trade_history_20260507_145721.csv (12청크)
[RAG] post=4325b909-8501-4162-9e98-fe8e0014b116 text → 1청크
[RAG] 학습 진행률: 60% (게시글 본문)
[RAG] post=489af2f1-e405-4afe-80f2-5376152438ef text → 1청크
[RAG] 학습 진행률: 70% (게시글 본문)
[RAG] post=f57b75aa-cb85-4040-a2ee-722c2e06ceee text → 1청크
[RAG] 학습 진행률: 80% (게시글 본문)
[RAG] post=71112ff0-4275-47c1-aac8-ef4ac69ba852 text → 1청크
[RAG] 학습 진행률: 90% (게시글 본문)
[RAG] 저장 완료 — 25청크 / 10개 게시글 / 0개 댓글
[RAG] 학습 진행률: 100% (저장)
[2026-05-31T23:58:35.584Z][RAG-REBUILD] 게시글 배치 학습 22/39: 10건
/home/freegear/EasyDocStation/server/rag_train.py:111: DeprecationWarning: `langchain-community` is being sunset and is no longer actively maintained. See https://github.com/langchain-ai/langchain-community/issues/674 for details and migration guidance toward standalone integration packages.
  from langchain_community.document_loaders import Docx2txtLoader
[RAG] 테이블 생성 경합 감지, 기존 테이블 사용: Table 'my_rag_table' already exists
[RAG] post=6fdab6e1-55c2-476e-b6b2-50a306768082 text → 1청크
[RAG] post=69f942ec-e027-4d7b-9d2e-7c859585a751 text → 1청크
[RAG] 학습 진행률: 10% (게시글 본문)
[RAG] 이미지 학습 시작: 스크린샷 2026-05-07 오전 6.00.36.png
[RAG] Gemma 이미지 설명 완료 (page=1, 28.8s): 1759자
[RAG] 이미지 학습 완료: 스크린샷 2026-05-07 오전 6.00.36.png (3청크)
[RAG] 학습 진행률: 20% (게시글 이미지)
[RAG] 이미지 학습 시작: 스크린샷 2026-05-07 오전 6.00.52.png
[RAG] Gemma 이미지 설명 완료 (page=1, 25.9s): 1701자
[RAG] 이미지 학습 완료: 스크린샷 2026-05-07 오전 6.00.52.png (3청크)
[RAG] 학습 진행률: 30% (게시글 이미지)
[RAG] post=5792b71e-8f43-4b15-8249-a4f195d04410 text → 1청크
[RAG] post=0bd8eebd-cf51-4ead-8992-2abe12f975ea text → 3청크
[RAG] 학습 진행률: 40% (게시글 본문)
[RAG] post=03bf9d4f-c3f1-4c02-928e-22792173fa89 text → 1청크
[RAG] 학습 진행률: 50% (게시글 본문)
[RAG] post=75f28787-8bd9-409f-b87f-d5ee1596d855 text → 1청크
[RAG] 학습 진행률: 60% (게시글 본문)
[RAG] post=12bb6403-aa79-44c9-b470-af5efe377f8a text → 1청크
[RAG] post=3a13cbac-e56c-4fd3-a919-c76496cbf38b text → 1청크
[RAG] 학습 진행률: 70% (게시글 본문)
[RAG] post=1a7a51e4-8e25-4013-8857-8722ea496687 text → 1청크
[RAG] 학습 진행률: 80% (게시글 본문)
[RAG] post=3a91e5f6-7afb-4291-ae72-ea6d8dac671b text → 1청크
[RAG] 학습 진행률: 90% (게시글 본문)
[RAG] 저장 완료 — 18청크 / 10개 게시글 / 0개 댓글
[RAG] 학습 진행률: 100% (저장)
[2026-05-31T23:59:35.393Z][RAG-REBUILD] 게시글 배치 학습 23/39: 10건
/home/freegear/EasyDocStation/server/rag_train.py:111: DeprecationWarning: `langchain-community` is being sunset and is no longer actively maintained. See https://github.com/langchain-ai/langchain-community/issues/674 for details and migration guidance toward standalone integration packages.
  from langchain_community.document_loaders import Docx2txtLoader
[RAG] 테이블 생성 경합 감지, 기존 테이블 사용: Table 'my_rag_table' already exists
[RAG] post=a76060df-e20c-4db4-abf4-d85f9da638fb text → 1청크
[RAG] PDF 학습 시작: AI 투자 알고리즘 개발 및 수익 분배 계약서_1.4.pdf
[RAG] PDF 파싱 시작 (Unstructured fast): AI 투자 알고리즘 개발 및 수익 분배 계약서_1.4.pdf
[RAG] PDF 파싱 완료 (Unstructured fast): AI 투자 알고리즘 개발 및 수익 분배 계약서_1.4.pdf / elements=49 / 0.6s
[RAG] PDF 학습 완료: AI 투자 알고리즘 개발 및 수익 분배 계약서_1.4.pdf (5청크)
[RAG] 분리 저장 완료: /home/freegear/EasyDocStation/Database/ObjectFile/FileTrainingData/a76060df-e20c-4db4-abf4-d85f9da638fb/no_comment/87d83bca-4c79-4206-9a53-7147627d6336/AI_투자_알고리즘_개발_및_수익_분배_계약서_1.4.pdf
[RAG] PDF 학습 시작: 1777982141797.pdf
[RAG] PDF 파싱 시작 (Unstructured fast): 1777982141797.pdf
[RAG] Tesseract OCR fallback 시작: lang=kor+eng, pages=1
[RAG] Tesseract OCR 진행: 1/1
[RAG] Tesseract OCR fallback 완료: 추출 페이지 1/1
[RAG] PDF 학습 완료: 1777982141797.pdf (2청크)
[RAG] 분리 저장 완료: /home/freegear/EasyDocStation/Database/ObjectFile/FileTrainingData/a76060df-e20c-4db4-abf4-d85f9da638fb/no_comment/36f11694-7c10-4341-b75f-08e1eb81911c/1777982141797.pdf
[RAG] 학습 진행률: 10% (게시글 PDF)
[RAG] PDF 학습 시작: 0443_001.pdf
[RAG] PDF 파싱 시작 (Unstructured fast): 0443_001.pdf
[RAG] Tesseract OCR fallback 시작: lang=kor+eng, pages=4
[RAG] Tesseract OCR 진행: 1/4
[RAG] Tesseract OCR 진행: 4/4
[RAG] Tesseract OCR fallback 완료: 추출 페이지 4/4
[RAG] PDF 학습 완료: 0443_001.pdf (4청크)
[RAG] 분리 저장 완료: /home/freegear/EasyDocStation/Database/ObjectFile/FileTrainingData/a76060df-e20c-4db4-abf4-d85f9da638fb/no_comment/b2d13d1a-47da-4681-8214-43c776db89c0/0443_001.pdf
[RAG] PDF 학습 시작: AI 투자 알고리즘 개발 및 수익 분배 계약서_1.6.pdf
[RAG] PDF 파싱 시작 (Unstructured fast): AI 투자 알고리즘 개발 및 수익 분배 계약서_1.6.pdf
[RAG] Tesseract OCR fallback 시작: lang=kor+eng, pages=2
[RAG] Tesseract OCR 진행: 1/2
[RAG] Tesseract OCR 진행: 2/2
[RAG] Tesseract OCR fallback 완료: 추출 페이지 2/2
[RAG] PDF 학습 완료: AI 투자 알고리즘 개발 및 수익 분배 계약서_1.6.pdf (4청크)
[RAG] 분리 저장 완료: /home/freegear/EasyDocStation/Database/ObjectFile/FileTrainingData/a76060df-e20c-4db4-abf4-d85f9da638fb/no_comment/ba424dfd-fed8-4f20-9234-65d57f0f26b9/AI_투자_알고리즘_개발_및_수익_분배_계약서_1.6.pdf
[RAG] PDF 학습 시작: AI 투자 알고리즘 및 수익분배 계약서_1.6.pdf
[RAG] PDF 파싱 시작 (Unstructured fast): AI 투자 알고리즘 및 수익분배 계약서_1.6.pdf
[RAG] Tesseract OCR fallback 시작: lang=kor+eng, pages=2
[RAG] Tesseract OCR 진행: 1/2
[RAG] Tesseract OCR 진행: 2/2
[RAG] Tesseract OCR fallback 완료: 추출 페이지 2/2
[RAG] PDF 학습 완료: AI 투자 알고리즘 및 수익분배 계약서_1.6.pdf (4청크)
[RAG] 분리 저장 완료: /home/freegear/EasyDocStation/Database/ObjectFile/FileTrainingData/a76060df-e20c-4db4-abf4-d85f9da638fb/no_comment/74822685-2790-47f7-9ff0-42f06cf2a26a/AI_투자_알고리즘_및_수익분배_계약서_1.6.pdf
[RAG] 학습 진행률: 20% (게시글 PDF)
[RAG] Word 학습 시작: AI 투자 알고리즘 개발 및 수익 분배 계약서_1.6.docx
[RAG] Word 학습 완료: AI 투자 알고리즘 개발 및 수익 분배 계약서_1.6.docx (3청크)
[RAG] 이미지 학습 시작: 스크린샷 2026-05-06 오전 1.23.37.png
[RAG] Gemma 이미지 설명 완료 (page=1, 36.9s): 1798자
[RAG] 이미지 학습 완료: 스크린샷 2026-05-06 오전 1.23.37.png (4청크)
[RAG] 학습 진행률: 30% (게시글 이미지)
[RAG] 이미지 학습 시작: 스크린샷 2026-05-06 오전 1.28.29.png
[RAG] Gemma 이미지 설명 완료 (page=1, 29.9s): 1894자
[RAG] 이미지 학습 완료: 스크린샷 2026-05-06 오전 1.28.29.png (4청크)
[RAG] 이미지 학습 시작: KakaoTalk_Photo_2026-05-07-20-19-17.png
[RAG] Gemma 이미지 설명 완료 (page=1, 38.1s): 2524자
[RAG] 이미지 학습 완료: KakaoTalk_Photo_2026-05-07-20-19-17.png (4청크)
[RAG] 이미지 학습 시작: KakaoTalk_Photo_2026-05-07-20-19-10.png
[RAG] Gemma 이미지 설명 완료 (page=1, 30.1s): 1883자
[RAG] 이미지 학습 완료: KakaoTalk_Photo_2026-05-07-20-19-10.png (3청크)
[RAG] 학습 진행률: 40% (게시글 이미지)
[RAG] post=01e1cab1-bbe1-4a0a-acff-d5def83b8f7b text → 2청크
[RAG] post=ee290648-3e0f-42d8-8ca4-d072c2733318 text → 3청크
[RAG] 학습 진행률: 50% (게시글 본문)
[RAG] post=52181673-3c25-4baf-9fd2-152fc4eac426 text → 1청크
[RAG] post=d9120955-b339-4855-8f6d-4bca415c7549 text → 2청크
[RAG] post=ec2c4a0d-604e-41cc-8dd8-c175b2ec3b56 text → 6청크
[RAG] 학습 진행률: 60% (게시글 본문)
[RAG] Word 학습 시작: AI 투자 알고리즘 개발 및 수익 분배 계약서_1.1.docx
[RAG] Word 학습 완료: AI 투자 알고리즘 개발 및 수익 분배 계약서_1.1.docx (3청크)
[RAG] Word 학습 시작: AI 투자 알고리즘 개발 및 수익 분배 계약서_1.2.docx
[RAG] Word 학습 완료: AI 투자 알고리즘 개발 및 수익 분배 계약서_1.2.docx (3청크)
[RAG] Word 학습 시작: AI 투자 알고리즘 개발 및 수익 분배 계약서_1.3.docx
[RAG] Word 학습 완료: AI 투자 알고리즘 개발 및 수익 분배 계약서_1.3.docx (3청크)
[RAG] 학습 진행률: 70% (게시글 Word)
[RAG] Word 학습 시작: AI 투자 알고리즘 개발 및 수익 분배 계약서_1.4.docx
[RAG] Word 학습 완료: AI 투자 알고리즘 개발 및 수익 분배 계약서_1.4.docx (3청크)
[RAG] 이미지 학습 시작: KakaoTalk_Photo_2026-05-05-09-48-31.jpeg
[RAG] Gemma 이미지 설명 완료 (page=1, 33.2s): 1912자
[RAG] 이미지 학습 완료: KakaoTalk_Photo_2026-05-05-09-48-31.jpeg (3청크)
[RAG] 학습 진행률: 80% (게시글 이미지)
[RAG] post=e6384708-094f-4b87-bc9e-748ceb51042e text → 1청크
[RAG] post=b2cd1725-e1a9-4326-83bb-d3fed295b8bc text → 4청크
[RAG] post=9402b316-4889-4b21-9252-b5124e7fe8cd text → 1청크
[RAG] 학습 진행률: 90% (게시글 본문)
[RAG] post=1c889f0d-2244-4926-b0a3-3ca05d22715f text → 6청크
[RAG] 저장 완료 — 79청크 / 10개 게시글 / 0개 댓글
[RAG] 학습 진행률: 100% (저장)
[2026-06-01T00:02:55.197Z][RAG-REBUILD] 게시글 배치 학습 24/39: 10건
/home/freegear/EasyDocStation/server/rag_train.py:111: DeprecationWarning: `langchain-community` is being sunset and is no longer actively maintained. See https://github.com/langchain-ai/langchain-community/issues/674 for details and migration guidance toward standalone integration packages.
  from langchain_community.document_loaders import Docx2txtLoader
[RAG] 테이블 생성 경합 감지, 기존 테이블 사용: Table 'my_rag_table' already exists
[RAG] post=254cddf1-dfb4-439e-9e1f-bd206d8ba327 text → 1청크
[RAG] 이미지 학습 시작: 스크린샷 2026-05-04 오후 6.07.33.png
[RAG] Gemma 이미지 설명 완료 (page=1, 34.3s): 2626자
[RAG] 이미지 학습 완료: 스크린샷 2026-05-04 오후 6.07.33.png (5청크)
[RAG] 학습 진행률: 10% (게시글 이미지)
[RAG] post=1767346f-bb9d-4e26-bc79-ea4577eb0da0 text → 4청크
[RAG] 학습 진행률: 20% (게시글 본문)
[RAG] post=d2e4bc0f-ef5f-4061-a35a-62615fd35827 text → 1청크
[RAG] 학습 진행률: 30% (게시글 본문)
[RAG] 이미지 학습 시작: 스크린샷 2026-05-03 오전 10.45.50.png
[RAG] Gemma 이미지 설명 완료 (page=1, 29.1s): 2468자
[RAG] 이미지 학습 완료: 스크린샷 2026-05-03 오전 10.45.50.png (5청크)
[RAG] post=16ac02e6-6a0d-4ed8-b77e-0ff1c7deed04 text → 5청크
[RAG] 학습 진행률: 40% (게시글 본문)
[RAG] post=ad9c36fa-9154-4d00-aa53-bf4c487d0526 text → 45청크
[RAG] 학습 진행률: 50% (게시글 본문)
[RAG] post=2bbc3884-572c-44bc-a771-d49645d5dd4f text → 20청크
[RAG] 학습 진행률: 60% (게시글 본문)
[RAG] post=2b4fc90f-b721-415c-94bd-2d21cf6dff20 text → 27청크
[RAG] post=b188cf3b-3cc3-495a-9ab4-7148ee4467f1 text → 1청크
[RAG] 학습 진행률: 70% (게시글 본문)
[RAG] post=208008cf-da3b-4c92-bc7a-51305f1b89c3 text → 20청크
[RAG] 학습 진행률: 80% (게시글 본문)
[RAG] post=507cfbd4-f605-455e-979b-d9b111a40d40 text → 27청크
[RAG] 학습 진행률: 90% (게시글 본문)
[RAG] 저장 완료 — 161청크 / 10개 게시글 / 0개 댓글
[RAG] 학습 진행률: 100% (저장)
[2026-06-01T00:04:09.355Z][RAG-REBUILD] 게시글 배치 학습 25/39: 10건
/home/freegear/EasyDocStation/server/rag_train.py:111: DeprecationWarning: `langchain-community` is being sunset and is no longer actively maintained. See https://github.com/langchain-ai/langchain-community/issues/674 for details and migration guidance toward standalone integration packages.
  from langchain_community.document_loaders import Docx2txtLoader
[RAG] 테이블 생성 경합 감지, 기존 테이블 사용: Table 'my_rag_table' already exists
[RAG] post=665163a3-da75-4682-8430-c87d203c4862 text → 1청크
[RAG] 이미지 학습 시작: Gemini_Generated_Image_nqztn7nqztn7nqzt.png
[RAG] Gemma 이미지 설명 완료 (page=1, 41.6s): 3391자
[RAG] 이미지 학습 완료: Gemini_Generated_Image_nqztn7nqztn7nqzt.png (6청크)
[RAG] 학습 진행률: 10% (게시글 이미지)
[RAG] post=284a0c50-5c96-450a-bb7f-3e41b3e4dde7 text → 1청크
[RAG] 학습 진행률: 20% (게시글 본문)
[RAG] post=5affa900-cb58-4524-a086-64ddc296645d text → 1청크
[RAG] 학습 진행률: 30% (게시글 본문)
[RAG] post=bebe2754-8208-40f6-a270-e97d0e90d31a text → 45청크
[RAG] 학습 진행률: 40% (게시글 본문)
[RAG] post=b081219c-ad5a-4cdf-bd97-44298ac56072 text → 20청크
[RAG] 학습 진행률: 50% (게시글 본문)
[RAG] post=6a98addf-8f89-434f-9ea6-2e3eaabe3e6d text → 27청크
[RAG] post=9d4d1f41-9b99-42c8-852c-b1d966d72813 text → 1청크
[RAG] 학습 진행률: 60% (게시글 본문)
[RAG] post=307275c3-eef2-49b2-92fe-d148201c417e text → 1청크
[RAG] 학습 진행률: 70% (게시글 본문)
[RAG] post=693dc735-a588-4410-902c-bd10bca5be75 text → 1청크
[RAG] 학습 진행률: 80% (게시글 본문)
[RAG] post=c8ba0e44-b4b2-4acb-8fcd-667add4580f1 text → 1청크
[RAG] 학습 진행률: 90% (게시글 본문)
[RAG] 저장 완료 — 105청크 / 10개 게시글 / 0개 댓글
[RAG] 학습 진행률: 100% (저장)
[2026-06-01T00:04:58.206Z][RAG-REBUILD] 게시글 배치 학습 26/39: 10건
/home/freegear/EasyDocStation/server/rag_train.py:111: DeprecationWarning: `langchain-community` is being sunset and is no longer actively maintained. See https://github.com/langchain-ai/langchain-community/issues/674 for details and migration guidance toward standalone integration packages.
  from langchain_community.document_loaders import Docx2txtLoader
[RAG] 테이블 생성 경합 감지, 기존 테이블 사용: Table 'my_rag_table' already exists
[RAG] post=a01fea34-f077-48e8-bc54-659089040de8 text → 1청크
[RAG] post=e7c52474-f742-4031-8e1e-4abf8a907cf0 text → 3청크
[RAG] 학습 진행률: 10% (게시글 본문)
[RAG] post=10d56ac0-ba53-4d04-8f80-13b4c25b850f text → 10청크
[RAG] 학습 진행률: 20% (게시글 본문)
[RAG] post=80168145-445c-4a00-902b-0a2ebd059f15 text → 4청크
[RAG] post=b2498a67-efc2-46e2-91f9-d3fe13959740 text → 6청크
[RAG] 학습 진행률: 30% (게시글 본문)
[RAG] post=b1329bb8-5d22-4831-8585-a793e7c5e5d8 text → 2청크
[RAG] 학습 진행률: 40% (게시글 본문)
[RAG] post=3e55107a-3f03-4388-bc85-f88c9b20e3bf text → 1청크
[RAG] 학습 진행률: 50% (게시글 본문)
[RAG] post=e80581d3-d90d-4047-a328-17e950b1cceb text → 1청크
[RAG] post=adf93b00-5fde-4c78-b31d-08ffa89f2ac3 text → 1청크
[RAG] 학습 진행률: 60% (게시글 본문)
[RAG] Word 학습 시작: 【案】 AI画像解析カメラソリューション_要件定義書_v1.0.docx
[RAG] Word 학습 완료: 【案】 AI画像解析カメラソリューション_要件定義書_v1.0.docx (14청크)
[RAG] 학습 진행률: 70% (게시글 Word)
[RAG] post=c37dd9d4-ea78-46b4-8946-16a8356def10 text → 1청크
[RAG] PDF 학습 시작: 20260424_eBloXご説明資料（シリコンキューブ様）.pdf
[RAG] PDF 파싱 시작 (Unstructured fast): 20260424_eBloXご説明資料（シリコンキューブ様）.pdf
[RAG] PDF 파싱 완료 (Unstructured fast): 20260424_eBloXご説明資料（シリコンキューブ様）.pdf / elements=605 / 1.4s
[RAG] PDF 학습 완료: 20260424_eBloXご説明資料（シリコンキューブ様）.pdf (31청크)
[RAG] 분리 저장 완료: /home/freegear/EasyDocStation/Database/ObjectFile/FileTrainingData/c37dd9d4-ea78-46b4-8946-16a8356def10/no_comment/5f0dd07e-4b4c-4a24-8d14-3cdd31453f74/20260424_eBloXこ_説明資料_シリコンキューフ_様_.pdf
[RAG] 학습 진행률: 80% (게시글 PDF)
[RAG] PDF 학습 시작: AI画像解析ソリューションの検討_THIRD_260120.pdf
[RAG] PDF 파싱 시작 (Unstructured fast): AI画像解析ソリューションの検討_THIRD_260120.pdf
[RAG] PDF 파싱 완료 (Unstructured fast): AI画像解析ソリューションの検討_THIRD_260120.pdf / elements=58 / 0.1s
[RAG] PDF 학습 완료: AI画像解析ソリューションの検討_THIRD_260120.pdf (5청크)
[RAG] 분리 저장 완료: /home/freegear/EasyDocStation/Database/ObjectFile/FileTrainingData/c37dd9d4-ea78-46b4-8946-16a8356def10/no_comment/d2f94ad4-6d3f-4592-98ea-4b9c47e48205/AI画像解析ソリューションの検討_THIRD_260120.pdf
[RAG] 학습 진행률: 90% (게시글 PDF)
[RAG] 저장 완료 — 80청크 / 10개 게시글 / 0개 댓글
[RAG] 학습 진행률: 100% (저장)
[2026-06-01T00:05:17.620Z][RAG-REBUILD] 게시글 배치 학습 27/39: 10건
/home/freegear/EasyDocStation/server/rag_train.py:111: DeprecationWarning: `langchain-community` is being sunset and is no longer actively maintained. See https://github.com/langchain-ai/langchain-community/issues/674 for details and migration guidance toward standalone integration packages.
  from langchain_community.document_loaders import Docx2txtLoader
[RAG] 테이블 생성 경합 감지, 기존 테이블 사용: Table 'my_rag_table' already exists
[RAG] post=bb38973c-6200-4167-86f8-b1f2a223e138 text → 1청크
[RAG] post=1a1b11eb-6f76-411a-b3ec-a5881006cddc text → 18청크
[RAG] 학습 진행률: 10% (게시글 본문)
[RAG] post=d6848cdc-09ac-41ae-b081-665e7faa66b3 text → 45청크
[RAG] 학습 진행률: 20% (게시글 본문)
[RAG] post=6a664ae3-7013-468a-bb7d-7196e10bc442 text → 27청크
[RAG] 학습 진행률: 30% (게시글 본문)
[RAG] post=18866dc9-6c8b-4552-b5eb-4bdc55a98507 text → 1청크
[RAG] 학습 진행률: 40% (게시글 본문)
[RAG] post=026defaa-69bb-45a8-a1fb-d9cc2154c6a5 text → 45청크
[RAG] 학습 진행률: 50% (게시글 본문)
[RAG] post=2860cc68-46d7-44b2-8a34-446b24c188e0 text → 20청크
[RAG] 학습 진행률: 60% (게시글 본문)
[RAG] post=db4aa2c7-09f1-48e3-9485-31de5d4e3429 text → 27청크
[RAG] 학습 진행률: 70% (게시글 본문)
[RAG] post=05bd0f97-6629-43c6-ab6e-68d73c8118e2 text → 27청크
[RAG] 학습 진행률: 80% (게시글 본문)
[RAG] post=7fbaa6de-a43d-4fc6-88f0-bed430540dc2 text → 1청크
[RAG] 학습 진행률: 90% (게시글 본문)
[RAG] 저장 완료 — 212청크 / 10개 게시글 / 0개 댓글
[RAG] 학습 진행률: 100% (저장)
[2026-06-01T00:05:26.626Z][RAG-REBUILD] 게시글 배치 학습 28/39: 10건
/home/freegear/EasyDocStation/server/rag_train.py:111: DeprecationWarning: `langchain-community` is being sunset and is no longer actively maintained. See https://github.com/langchain-ai/langchain-community/issues/674 for details and migration guidance toward standalone integration packages.
  from langchain_community.document_loaders import Docx2txtLoader
[RAG] 테이블 생성 경합 감지, 기존 테이블 사용: Table 'my_rag_table' already exists
[RAG] post=3ada4ada-2a43-43df-b24a-7974371e622d text → 1청크
[RAG] PDF 학습 시작: 10-2026-0076577_실리콘큐브_출원 관납료 영수증.pdf
[RAG] PDF 파싱 시작 (Unstructured fast): 10-2026-0076577_실리콘큐브_출원 관납료 영수증.pdf
Could not get FontBBox from font descriptor because None cannot be parsed as 4 floats
Could not get FontBBox from font descriptor because None cannot be parsed as 4 floats
Could not get FontBBox from font descriptor because None cannot be parsed as 4 floats
Could not get FontBBox from font descriptor because None cannot be parsed as 4 floats
Could not get FontBBox from font descriptor because None cannot be parsed as 4 floats
Could not get FontBBox from font descriptor because None cannot be parsed as 4 floats
Could not get FontBBox from font descriptor because None cannot be parsed as 4 floats
Could not get FontBBox from font descriptor because None cannot be parsed as 4 floats
Could not get FontBBox from font descriptor because None cannot be parsed as 4 floats
Could not get FontBBox from font descriptor because None cannot be parsed as 4 floats
Could not get FontBBox from font descriptor because None cannot be parsed as 4 floats
Could not get FontBBox from font descriptor because None cannot be parsed as 4 floats
Could not get FontBBox from font descriptor because None cannot be parsed as 4 floats
Could not get FontBBox from font descriptor because None cannot be parsed as 4 floats
Could not get FontBBox from font descriptor because None cannot be parsed as 4 floats
Could not get FontBBox from font descriptor because None cannot be parsed as 4 floats
[RAG] PDF 파싱 완료 (Unstructured fast): 10-2026-0076577_실리콘큐브_출원 관납료 영수증.pdf / elements=41 / 0.5s
[RAG] PDF 학습 완료: 10-2026-0076577_실리콘큐브_출원 관납료 영수증.pdf (2청크)
[RAG] 분리 저장 완료: /home/freegear/EasyDocStation/Database/ObjectFile/FileTrainingData/3ada4ada-2a43-43df-b24a-7974371e622d/no_comment/915529eb-cc75-45d3-89cb-013f5f52f962/10-2026-0076577_실리콘큐브_출원_관납료_영수증.pdf
[RAG] PDF 학습 시작: 10-2026-0076614_실리콘큐브_출원 관납료 영수증.pdf
[RAG] PDF 파싱 시작 (Unstructured fast): 10-2026-0076614_실리콘큐브_출원 관납료 영수증.pdf
Could not get FontBBox from font descriptor because None cannot be parsed as 4 floats
Could not get FontBBox from font descriptor because None cannot be parsed as 4 floats
Could not get FontBBox from font descriptor because None cannot be parsed as 4 floats
Could not get FontBBox from font descriptor because None cannot be parsed as 4 floats
Could not get FontBBox from font descriptor because None cannot be parsed as 4 floats
Could not get FontBBox from font descriptor because None cannot be parsed as 4 floats
Could not get FontBBox from font descriptor because None cannot be parsed as 4 floats
Could not get FontBBox from font descriptor because None cannot be parsed as 4 floats
Could not get FontBBox from font descriptor because None cannot be parsed as 4 floats
Could not get FontBBox from font descriptor because None cannot be parsed as 4 floats
Could not get FontBBox from font descriptor because None cannot be parsed as 4 floats
Could not get FontBBox from font descriptor because None cannot be parsed as 4 floats
Could not get FontBBox from font descriptor because None cannot be parsed as 4 floats
Could not get FontBBox from font descriptor because None cannot be parsed as 4 floats
Could not get FontBBox from font descriptor because None cannot be parsed as 4 floats
Could not get FontBBox from font descriptor because None cannot be parsed as 4 floats
[RAG] PDF 파싱 완료 (Unstructured fast): 10-2026-0076614_실리콘큐브_출원 관납료 영수증.pdf / elements=41 / 0.1s
[RAG] PDF 학습 완료: 10-2026-0076614_실리콘큐브_출원 관납료 영수증.pdf (2청크)
[RAG] 분리 저장 완료: /home/freegear/EasyDocStation/Database/ObjectFile/FileTrainingData/3ada4ada-2a43-43df-b24a-7974371e622d/no_comment/e9ba00fe-1ae8-49e9-be85-cce3c2ad7dea/10-2026-0076614_실리콘큐브_출원_관납료_영수증.pdf
[RAG] PDF 학습 시작: 10-2026-0076615_실리콘큐브_출원 관납료 영수증.pdf
[RAG] PDF 파싱 시작 (Unstructured fast): 10-2026-0076615_실리콘큐브_출원 관납료 영수증.pdf
Could not get FontBBox from font descriptor because None cannot be parsed as 4 floats
Could not get FontBBox from font descriptor because None cannot be parsed as 4 floats
Could not get FontBBox from font descriptor because None cannot be parsed as 4 floats
Could not get FontBBox from font descriptor because None cannot be parsed as 4 floats
Could not get FontBBox from font descriptor because None cannot be parsed as 4 floats
Could not get FontBBox from font descriptor because None cannot be parsed as 4 floats
Could not get FontBBox from font descriptor because None cannot be parsed as 4 floats
Could not get FontBBox from font descriptor because None cannot be parsed as 4 floats
Could not get FontBBox from font descriptor because None cannot be parsed as 4 floats
Could not get FontBBox from font descriptor because None cannot be parsed as 4 floats
Could not get FontBBox from font descriptor because None cannot be parsed as 4 floats
Could not get FontBBox from font descriptor because None cannot be parsed as 4 floats
Could not get FontBBox from font descriptor because None cannot be parsed as 4 floats
Could not get FontBBox from font descriptor because None cannot be parsed as 4 floats
Could not get FontBBox from font descriptor because None cannot be parsed as 4 floats
Could not get FontBBox from font descriptor because None cannot be parsed as 4 floats
[RAG] PDF 파싱 완료 (Unstructured fast): 10-2026-0076615_실리콘큐브_출원 관납료 영수증.pdf / elements=41 / 0.1s
[RAG] PDF 학습 완료: 10-2026-0076615_실리콘큐브_출원 관납료 영수증.pdf (2청크)
[RAG] 분리 저장 완료: /home/freegear/EasyDocStation/Database/ObjectFile/FileTrainingData/3ada4ada-2a43-43df-b24a-7974371e622d/no_comment/e5ecee29-ba48-4059-a909-eb8bcb245859/10-2026-0076615_실리콘큐브_출원_관납료_영수증.pdf
[RAG] 학습 진행률: 10% (게시글 PDF)
[RAG] PDF 학습 시작: P20260021KR_출원비용청구서.pdf
[RAG] PDF 파싱 시작 (Unstructured fast): P20260021KR_출원비용청구서.pdf
[RAG] PDF 파싱 완료 (Unstructured fast): P20260021KR_출원비용청구서.pdf / elements=42 / 0.1s
[RAG] PDF 학습 완료: P20260021KR_출원비용청구서.pdf (3청크)
[RAG] 분리 저장 완료: /home/freegear/EasyDocStation/Database/ObjectFile/FileTrainingData/3ada4ada-2a43-43df-b24a-7974371e622d/no_comment/5945f6d0-7946-4e26-984f-5ef571f7fd6b/P20260021KR_출원비용청구서.pdf
[RAG] PDF 학습 시작: P20260182KR_출원비용청구서.pdf
[RAG] PDF 파싱 시작 (Unstructured fast): P20260182KR_출원비용청구서.pdf
[RAG] PDF 파싱 완료 (Unstructured fast): P20260182KR_출원비용청구서.pdf / elements=42 / 0.1s
[RAG] PDF 학습 완료: P20260182KR_출원비용청구서.pdf (3청크)
[RAG] 분리 저장 완료: /home/freegear/EasyDocStation/Database/ObjectFile/FileTrainingData/3ada4ada-2a43-43df-b24a-7974371e622d/no_comment/5cbc2804-150a-4574-9b99-8ec6868c13f5/P20260182KR_출원비용청구서.pdf
[RAG] PDF 학습 시작: P20260299KR_출원비용청구서.pdf
[RAG] PDF 파싱 시작 (Unstructured fast): P20260299KR_출원비용청구서.pdf
[RAG] PDF 파싱 완료 (Unstructured fast): P20260299KR_출원비용청구서.pdf / elements=42 / 0.1s
[RAG] PDF 학습 완료: P20260299KR_출원비용청구서.pdf (3청크)
[RAG] 분리 저장 완료: /home/freegear/EasyDocStation/Database/ObjectFile/FileTrainingData/3ada4ada-2a43-43df-b24a-7974371e622d/no_comment/5c55b793-6632-47e3-a40f-d442722354c0/P20260299KR_출원비용청구서.pdf
[RAG] post=606dbba9-fda3-4c2f-b0ed-edf02c1a8904 text → 1청크
[RAG] 학습 진행률: 20% (게시글 본문)
[RAG] 이미지 학습 시작: 스크린샷 2026-05-06 오전 7.45.57.png
[RAG] Gemma 이미지 설명 완료 (page=1, 47.6s): 2348자
[RAG] 이미지 학습 완료: 스크린샷 2026-05-06 오전 7.45.57.png (4청크)
[RAG] post=4e1329bb-f94e-417c-97ae-b551cf7d2702 text → 1청크
[RAG] PDF 학습 시작: 10-2026-0076577_실리콘큐브_출원 관납료 영수증.pdf
[RAG] PDF 파싱 시작 (Unstructured fast): 10-2026-0076577_실리콘큐브_출원 관납료 영수증.pdf
Could not get FontBBox from font descriptor because None cannot be parsed as 4 floats
Could not get FontBBox from font descriptor because None cannot be parsed as 4 floats
Could not get FontBBox from font descriptor because None cannot be parsed as 4 floats
Could not get FontBBox from font descriptor because None cannot be parsed as 4 floats
Could not get FontBBox from font descriptor because None cannot be parsed as 4 floats
Could not get FontBBox from font descriptor because None cannot be parsed as 4 floats
Could not get FontBBox from font descriptor because None cannot be parsed as 4 floats
Could not get FontBBox from font descriptor because None cannot be parsed as 4 floats
Could not get FontBBox from font descriptor because None cannot be parsed as 4 floats
Could not get FontBBox from font descriptor because None cannot be parsed as 4 floats
Could not get FontBBox from font descriptor because None cannot be parsed as 4 floats
Could not get FontBBox from font descriptor because None cannot be parsed as 4 floats
Could not get FontBBox from font descriptor because None cannot be parsed as 4 floats
Could not get FontBBox from font descriptor because None cannot be parsed as 4 floats
Could not get FontBBox from font descriptor because None cannot be parsed as 4 floats
Could not get FontBBox from font descriptor because None cannot be parsed as 4 floats
[RAG] PDF 파싱 완료 (Unstructured fast): 10-2026-0076577_실리콘큐브_출원 관납료 영수증.pdf / elements=41 / 0.1s
[RAG] PDF 학습 완료: 10-2026-0076577_실리콘큐브_출원 관납료 영수증.pdf (2청크)
[RAG] 분리 저장 완료: /home/freegear/EasyDocStation/Database/ObjectFile/FileTrainingData/4e1329bb-f94e-417c-97ae-b551cf7d2702/no_comment/ecce51fb-7bfb-4088-b439-4a4e7d5c0c71/10-2026-0076577_실리콘큐브_출원_관납료_영수증.pdf
[RAG] PDF 학습 시작: P20260299KR_출원비용청구서.pdf
[RAG] PDF 파싱 시작 (Unstructured fast): P20260299KR_출원비용청구서.pdf
[RAG] PDF 파싱 완료 (Unstructured fast): P20260299KR_출원비용청구서.pdf / elements=42 / 0.0s
[RAG] PDF 학습 완료: P20260299KR_출원비용청구서.pdf (3청크)
[RAG] 분리 저장 완료: /home/freegear/EasyDocStation/Database/ObjectFile/FileTrainingData/4e1329bb-f94e-417c-97ae-b551cf7d2702/no_comment/26eaa63e-a128-4144-9e98-f23e119c5849/P20260299KR_출원비용청구서.pdf
[RAG] 학습 진행률: 30% (게시글 PDF)
[RAG] PDF 학습 시작: P20260021KR_출원비용청구서.pdf
[RAG] PDF 파싱 시작 (Unstructured fast): P20260021KR_출원비용청구서.pdf
[RAG] PDF 파싱 완료 (Unstructured fast): P20260021KR_출원비용청구서.pdf / elements=42 / 0.0s
[RAG] PDF 학습 완료: P20260021KR_출원비용청구서.pdf (3청크)
[RAG] 분리 저장 완료: /home/freegear/EasyDocStation/Database/ObjectFile/FileTrainingData/4e1329bb-f94e-417c-97ae-b551cf7d2702/no_comment/d5f60882-8422-4865-a8d2-03624d35a552/P20260021KR_출원비용청구서.pdf
[RAG] PDF 학습 시작: 10-2026-0076614_실리콘큐브_출원 관납료 영수증.pdf
[RAG] PDF 파싱 시작 (Unstructured fast): 10-2026-0076614_실리콘큐브_출원 관납료 영수증.pdf
Could not get FontBBox from font descriptor because None cannot be parsed as 4 floats
Could not get FontBBox from font descriptor because None cannot be parsed as 4 floats
Could not get FontBBox from font descriptor because None cannot be parsed as 4 floats
Could not get FontBBox from font descriptor because None cannot be parsed as 4 floats
Could not get FontBBox from font descriptor because None cannot be parsed as 4 floats
Could not get FontBBox from font descriptor because None cannot be parsed as 4 floats
Could not get FontBBox from font descriptor because None cannot be parsed as 4 floats
Could not get FontBBox from font descriptor because None cannot be parsed as 4 floats
Could not get FontBBox from font descriptor because None cannot be parsed as 4 floats
Could not get FontBBox from font descriptor because None cannot be parsed as 4 floats
Could not get FontBBox from font descriptor because None cannot be parsed as 4 floats
Could not get FontBBox from font descriptor because None cannot be parsed as 4 floats
Could not get FontBBox from font descriptor because None cannot be parsed as 4 floats
Could not get FontBBox from font descriptor because None cannot be parsed as 4 floats
Could not get FontBBox from font descriptor because None cannot be parsed as 4 floats
Could not get FontBBox from font descriptor because None cannot be parsed as 4 floats
[RAG] PDF 파싱 완료 (Unstructured fast): 10-2026-0076614_실리콘큐브_출원 관납료 영수증.pdf / elements=41 / 0.1s
[RAG] PDF 학습 완료: 10-2026-0076614_실리콘큐브_출원 관납료 영수증.pdf (2청크)
[RAG] 분리 저장 완료: /home/freegear/EasyDocStation/Database/ObjectFile/FileTrainingData/4e1329bb-f94e-417c-97ae-b551cf7d2702/no_comment/ed755108-a602-4a13-9d7e-c003b147f2ea/10-2026-0076614_실리콘큐브_출원_관납료_영수증.pdf
[RAG] PDF 학습 시작: P20260182KR_출원비용청구서.pdf
[RAG] PDF 파싱 시작 (Unstructured fast): P20260182KR_출원비용청구서.pdf
[RAG] PDF 파싱 완료 (Unstructured fast): P20260182KR_출원비용청구서.pdf / elements=42 / 0.0s
[RAG] PDF 학습 완료: P20260182KR_출원비용청구서.pdf (3청크)
[RAG] 분리 저장 완료: /home/freegear/EasyDocStation/Database/ObjectFile/FileTrainingData/4e1329bb-f94e-417c-97ae-b551cf7d2702/no_comment/6c06d91a-64db-4740-b59c-f6c9a5f0362c/P20260182KR_출원비용청구서.pdf
[RAG] PDF 학습 시작: P20250913KR_출원비용견적서.pdf
[RAG] PDF 파싱 시작 (Unstructured fast): P20250913KR_출원비용견적서.pdf
[RAG] PDF 파싱 완료 (Unstructured fast): P20250913KR_출원비용견적서.pdf / elements=48 / 0.1s
[RAG] PDF 학습 완료: P20250913KR_출원비용견적서.pdf (2청크)
[RAG] 분리 저장 완료: /home/freegear/EasyDocStation/Database/ObjectFile/FileTrainingData/4e1329bb-f94e-417c-97ae-b551cf7d2702/no_comment/8aacb298-13a1-4ab0-8c01-ee86d57749de/P20250913KR_출원비용견적서.pdf
[RAG] 학습 진행률: 40% (게시글 PDF)
[RAG] post=c69d989f-4508-495c-8dd3-4902f66f03b7 text → 1청크
[RAG] PDF 학습 시작: P20250913KR_출원비용견적서.pdf
[RAG] PDF 파싱 시작 (Unstructured fast): P20250913KR_출원비용견적서.pdf
[RAG] PDF 파싱 완료 (Unstructured fast): P20250913KR_출원비용견적서.pdf / elements=48 / 0.0s
[RAG] PDF 학습 완료: P20250913KR_출원비용견적서.pdf (2청크)
[RAG] 분리 저장 완료: /home/freegear/EasyDocStation/Database/ObjectFile/FileTrainingData/c69d989f-4508-495c-8dd3-4902f66f03b7/no_comment/d95583c8-3139-4a60-a100-7b9f73148d5a/P20250913KR_출원비용견적서.pdf
[RAG] post=d1f6a39a-8608-4159-98cd-cb204ac0c68b text → 1청크
[RAG] Word 학습 시작: 제안서 Master1.docx
[RAG] Word 학습 완료: 제안서 Master1.docx (3청크)
[RAG] 학습 진행률: 50% (게시글 Word)
[RAG] post=69608c7e-1980-418a-8d39-891a722bade8 text → 1청크
[RAG] post=be38908c-ca82-4f47-9807-cbbf01523520 text → 1청크
[RAG] post=5f8d6bdd-f662-4a03-a5d6-c6848a30e7c1 text → 1청크
[RAG] 이미지 학습 시작: 2c4675db-a62e-46c2-9906-d67f8cae9724.png
[RAG] Gemma 이미지 설명 완료 (page=1, 40.4s): 2784자
[RAG] 이미지 학습 완료: 2c4675db-a62e-46c2-9906-d67f8cae9724.png (4청크)
[RAG] 학습 진행률: 60% (게시글 이미지)
[RAG] post=ae71b618-0203-4fe1-8a2e-650c199a07e7 text → 1청크
[RAG] 이미지 학습 시작: da499f67-2f4e-42c8-909d-fd81fed32438.png
[RAG] Gemma 이미지 설명 완료 (page=1, 32.3s): 2388자
[RAG] 이미지 학습 완료: da499f67-2f4e-42c8-909d-fd81fed32438.png (4청크)
[RAG] post=d7858f9c-4247-41ee-9624-3c435197e2ed text → 1청크
[RAG] PDF 학습 시작: 1. 연구개발계획서_트리포스_v1.4.pdf
[RAG] PDF 파싱 시작 (Unstructured fast): 1. 연구개발계획서_트리포스_v1.4.pdf
Ignoring wrong pointing object 6 0 (offset 0)
Ignoring wrong pointing object 10 0 (offset 0)
Ignoring wrong pointing object 12 0 (offset 0)
Ignoring wrong pointing object 14 0 (offset 0)
Ignoring wrong pointing object 48 0 (offset 0)
Ignoring wrong pointing object 148 0 (offset 0)
Ignoring wrong pointing object 155 0 (offset 0)
Ignoring wrong pointing object 190 0 (offset 0)
[RAG] PDF 학습 완료: 1. 연구개발계획서_트리포스_v1.4.pdf (98청크)
[RAG] 분리 저장 완료: /home/freegear/EasyDocStation/Database/ObjectFile/FileTrainingData/d7858f9c-4247-41ee-9624-3c435197e2ed/no_comment/4d788302-1c10-4d2e-8017-82f2a29e8b16/1._연구개발계획서_트리포스_v1.4.pdf
[RAG] 학습 진행률: 70% (게시글 PDF)
[RAG] PDF 학습 시작: 컨소시엄 확약서.pdf
[RAG] PDF 파싱 시작 (Unstructured fast): 컨소시엄 확약서.pdf
[RAG] Tesseract OCR fallback 시작: lang=kor+eng, pages=1
[RAG] Tesseract OCR 진행: 1/1
[RAG] Tesseract OCR fallback 완료: 추출 페이지 1/1
[RAG] PDF 학습 완료: 컨소시엄 확약서.pdf (1청크)
[RAG] 분리 저장 완료: /home/freegear/EasyDocStation/Database/ObjectFile/FileTrainingData/d7858f9c-4247-41ee-9624-3c435197e2ed/no_comment/e9364556-4063-4574-9c43-1b2bd99f45dd/컨소시엄_확약서.pdf
[RAG] PDF 학습 시작: 0452_001.pdf
[RAG] PDF 파싱 시작 (Unstructured fast): 0452_001.pdf
[RAG] Tesseract OCR fallback 시작: lang=kor+eng, pages=1
[RAG] Tesseract OCR 진행: 1/1
[RAG] Tesseract OCR fallback 완료: 추출 페이지 1/1
[RAG] PDF 학습 완료: 0452_001.pdf (3청크)
[RAG] 분리 저장 완료: /home/freegear/EasyDocStation/Database/ObjectFile/FileTrainingData/d7858f9c-4247-41ee-9624-3c435197e2ed/no_comment/3246e8d5-9d55-4036-8232-40caaf1638dc/0452_001.pdf
[RAG] PDF 학습 시작: 0459_001.pdf
[RAG] PDF 파싱 시작 (Unstructured fast): 0459_001.pdf
[RAG] Tesseract OCR fallback 시작: lang=kor+eng, pages=1
[RAG] Tesseract OCR 진행: 1/1
[RAG] Tesseract OCR fallback 완료: 추출 페이지 1/1
[RAG] PDF 학습 완료: 0459_001.pdf (2청크)
[RAG] 분리 저장 완료: /home/freegear/EasyDocStation/Database/ObjectFile/FileTrainingData/d7858f9c-4247-41ee-9624-3c435197e2ed/no_comment/3aca48fa-b650-48a7-b5ac-7d90502f8e4c/0459_001.pdf
[RAG] PDF 학습 시작: 0458_001.pdf
[RAG] PDF 파싱 시작 (Unstructured fast): 0458_001.pdf
[RAG] Tesseract OCR fallback 시작: lang=kor+eng, pages=1
[RAG] Tesseract OCR 진행: 1/1
[RAG] Tesseract OCR fallback 완료: 추출 페이지 1/1
[RAG] PDF 학습 완료: 0458_001.pdf (2청크)
[RAG] 분리 저장 완료: /home/freegear/EasyDocStation/Database/ObjectFile/FileTrainingData/d7858f9c-4247-41ee-9624-3c435197e2ed/no_comment/f1c0da6e-67ae-4245-a528-6b10472fc448/0458_001.pdf
[RAG] 학습 진행률: 80% (게시글 PDF)
[RAG] PDF 학습 시작: 0460_001.pdf
[RAG] PDF 파싱 시작 (Unstructured fast): 0460_001.pdf
[RAG] Tesseract OCR fallback 시작: lang=kor+eng, pages=1
[RAG] Tesseract OCR 진행: 1/1
[RAG] Tesseract OCR fallback 완료: 추출 페이지 1/1
[RAG] PDF 학습 완료: 0460_001.pdf (2청크)
[RAG] 분리 저장 완료: /home/freegear/EasyDocStation/Database/ObjectFile/FileTrainingData/d7858f9c-4247-41ee-9624-3c435197e2ed/no_comment/21a51078-4e8b-46e4-8060-d63ac6f3260f/0460_001.pdf
[RAG] PDF 학습 시작: 0460_001.pdf
[RAG] PDF 파싱 시작 (Unstructured fast): 0460_001.pdf
[RAG] Tesseract OCR fallback 시작: lang=kor+eng, pages=1
[RAG] Tesseract OCR 진행: 1/1
[RAG] Tesseract OCR fallback 완료: 추출 페이지 1/1
[RAG] PDF 학습 완료: 0460_001.pdf (2청크)
[RAG] 분리 저장 완료: /home/freegear/EasyDocStation/Database/ObjectFile/FileTrainingData/d7858f9c-4247-41ee-9624-3c435197e2ed/no_comment/bc027a4f-a3ad-42b6-9baa-a52fb8440aa5/0460_001.pdf
[RAG] PDF 학습 시작: 컨소시엄_확약서.pdf
[RAG] PDF 파싱 시작 (Unstructured fast): 컨소시엄_확약서.pdf
[RAG] Tesseract OCR fallback 시작: lang=kor+eng, pages=1
[RAG] Tesseract OCR 진행: 1/1
[RAG] Tesseract OCR fallback 완료: 추출 페이지 1/1
[RAG] PDF 학습 완료: 컨소시엄_확약서.pdf (2청크)
[RAG] 분리 저장 완료: /home/freegear/EasyDocStation/Database/ObjectFile/FileTrainingData/d7858f9c-4247-41ee-9624-3c435197e2ed/no_comment/0bcbb012-7185-447a-8ba5-173b43791231/컨소시엄_확약서.pdf
[RAG] PDF 학습 시작: 개인정보 수집 이용 동의자 목록.pdf
[RAG] PDF 파싱 시작 (Unstructured fast): 개인정보 수집 이용 동의자 목록.pdf
[RAG] Tesseract OCR fallback 시작: lang=kor+eng, pages=1
[RAG] Tesseract OCR 진행: 1/1
[RAG] Tesseract OCR fallback 완료: 추출 페이지 1/1
[RAG] PDF 학습 완료: 개인정보 수집 이용 동의자 목록.pdf (1청크)
[RAG] 분리 저장 완료: /home/freegear/EasyDocStation/Database/ObjectFile/FileTrainingData/d7858f9c-4247-41ee-9624-3c435197e2ed/no_comment/76d51ff2-85c8-4c5e-9d3f-e71ee427cb26/개인정보_수집_이용_동의자_목록.pdf
[RAG] 학습 진행률: 90% (게시글 PDF)
[RAG] PDF 학습 시작: 보안등급 확인서.pdf
[RAG] PDF 파싱 시작 (Unstructured fast): 보안등급 확인서.pdf
[RAG] Tesseract OCR fallback 시작: lang=kor+eng, pages=1
[RAG] Tesseract OCR 진행: 1/1
[RAG] Tesseract OCR fallback 완료: 추출 페이지 1/1
[RAG] PDF 학습 완료: 보안등급 확인서.pdf (3청크)
[RAG] 분리 저장 완료: /home/freegear/EasyDocStation/Database/ObjectFile/FileTrainingData/d7858f9c-4247-41ee-9624-3c435197e2ed/no_comment/d8a0ac21-7f08-415f-bd81-1bd5df395b31/보안등급_확인서.pdf
[RAG] PDF 학습 시작: 보안등급 분류 자체 점검표.pdf
[RAG] PDF 파싱 시작 (Unstructured fast): 보안등급 분류 자체 점검표.pdf
[RAG] Tesseract OCR fallback 시작: lang=kor+eng, pages=1
[RAG] Tesseract OCR 진행: 1/1
[RAG] Tesseract OCR fallback 완료: 추출 페이지 1/1
[RAG] PDF 학습 완료: 보안등급 분류 자체 점검표.pdf (3청크)
[RAG] 분리 저장 완료: /home/freegear/EasyDocStation/Database/ObjectFile/FileTrainingData/d7858f9c-4247-41ee-9624-3c435197e2ed/no_comment/7ef720f0-c674-47f4-8dd3-9cf2d65281af/보안등급_분류_자체_점검표.pdf
[RAG] PDF 학습 시작: 보안등급 확약서.pdf
[RAG] PDF 파싱 시작 (Unstructured fast): 보안등급 확약서.pdf
[RAG] Tesseract OCR fallback 시작: lang=kor+eng, pages=1
[RAG] Tesseract OCR 진행: 1/1
[RAG] Tesseract OCR fallback 완료: 추출 페이지 1/1
[RAG] PDF 학습 완료: 보안등급 확약서.pdf (2청크)
[RAG] 분리 저장 완료: /home/freegear/EasyDocStation/Database/ObjectFile/FileTrainingData/d7858f9c-4247-41ee-9624-3c435197e2ed/no_comment/575304dc-f177-4947-91ae-9609eaab7a5d/보안등급_확약서.pdf
Traceback (most recent call last):
  File "/home/freegear/EasyDocStation/server/rag_train.py", line 1672, in <module>
    table.add(records)
  File "/home/freegear/EasyDocStation/.venv/lib/python3.12/site-packages/lancedb/table.py", line 2683, in add
    return LOOP.run(
           ^^^^^^^^^
  File "/home/freegear/EasyDocStation/.venv/lib/python3.12/site-packages/lancedb/background_loop.py", line 32, in run
    return concurrent_future.result()
           ^^^^^^^^^^^^^^^^^^^^^^^^^^
  File "/usr/lib/python3.12/concurrent/futures/_base.py", line 456, in result
    return self.__get_result()
           ^^^^^^^^^^^^^^^^^^^
  File "/usr/lib/python3.12/concurrent/futures/_base.py", line 401, in __get_result
    raise self._exception
  File "/home/freegear/EasyDocStation/.venv/lib/python3.12/site-packages/lancedb/table.py", line 4295, in add
    data = to_scannable(data)
           ^^^^^^^^^^^^^^^^^^
  File "/usr/lib/python3.12/functools.py", line 909, in wrapper
    return dispatch(args[0].__class__)(*args, **kw)
           ^^^^^^^^^^^^^^^^^^^^^^^^^^^^^^^^^^^^^^^^
  File "/home/freegear/EasyDocStation/.venv/lib/python3.12/site-packages/lancedb/scannable.py", line 81, in _from_list
    table = to_arrow(data)
            ^^^^^^^^^^^^^^
  File "/usr/lib/python3.12/functools.py", line 909, in wrapper
    return dispatch(args[0].__class__)(*args, **kw)
           ^^^^^^^^^^^^^^^^^^^^^^^^^^^^^^^^^^^^^^^^
  File "/home/freegear/EasyDocStation/.venv/lib/python3.12/site-packages/lancedb/arrow.py", line 113, in _arrow_from_list
    return pa.Table.from_pylist(data)
           ^^^^^^^^^^^^^^^^^^^^^^^^^^
  File "pyarrow/table.pxi", line 2044, in pyarrow.lib._Tabular.from_pylist
  File "pyarrow/table.pxi", line 6401, in pyarrow.lib._from_pylist
  File "pyarrow/table.pxi", line 4868, in pyarrow.lib.Table.from_arrays
  File "pyarrow/table.pxi", line 1611, in pyarrow.lib._sanitize_arrays
  File "pyarrow/table.pxi", line 1592, in pyarrow.lib._schema_from_arrays
  File "pyarrow/array.pxi", line 400, in pyarrow.lib.array
  File "pyarrow/array.pxi", line 46, in pyarrow.lib._sequence_to_array
  File "pyarrow/error.pxi", line 155, in pyarrow.lib.pyarrow_internal_check_status
  File "pyarrow/error.pxi", line 89, in pyarrow.lib.check_status
OverflowError: Python int too large to convert to C long
[2026-06-01T00:08:03.802Z][RAG-REBUILD] 실패: Error: rag_train.py 실패 / exit code=1 / signal=none / timeout=없음

stderr:
/home/freegear/EasyDocStation/server/rag_train.py:111: DeprecationWarning: `langchain-community` is being sunset and is no longer actively maintained. See https://github.com/langchain-ai/langchain-community/issues/674 for details and migration guidance toward standalone integration packages.
  from langchain_community.document_loaders import Docx2txtLoader
Could not get FontBBox from font descriptor because None cannot be parsed as 4 floats
Could not get FontBBox from font descriptor because None cannot be parsed as 4 floats
Could not get FontBBox from font descriptor because None cannot be parsed as 4 floats
Could not get FontBBox from font descriptor because None cannot be parsed as 4 floats
Could not get FontBBox from font descriptor because None cannot be parsed as 4 floats
Could not get FontBBox from font descriptor because None cannot be parsed as 4 floats
Could not get FontBBox from font descriptor because None cannot be parsed as 4 floats
Could not get FontBBox from font descriptor because None cannot be parsed as 4 floats
Could not get FontBBox from font descriptor because None cannot be parsed as 4 floats
Could not get FontBBox from font descriptor because None cannot be parsed as 4 floats
Could not get FontBBox from font descriptor because None cannot be parsed as 4 floats
Could not get FontBBox from font descriptor because None cannot be parsed as 4 floats
Could not get FontBBox from font descriptor because None cannot be parsed as 4 floats
Could not get FontBBox from font descriptor because None cannot be parsed as 4 floats
Could not get FontBBox from font descriptor because None cannot be parsed as 4 floats
Could not get FontBBox from font descriptor because None cannot be parsed as 4 floats
Could not get FontBBox from font descriptor because None cannot be parsed as 4 floats
Could not get FontBBox from font descriptor because None cannot be parsed as 4 floats
Could not get FontBBox from font descriptor because None cannot be parsed as 4 floats
Could not get FontBBox from font descriptor because None cannot be parsed as 4 floats
Could not get FontBBox from font descriptor because None cannot be parsed as 4 floats
Could not get FontBBox from font descriptor because None cannot be parsed as 4 floats
Could not get FontBBox from font descriptor because None cannot be parsed as 4 floats
Could not get FontBBox from font descriptor because None cannot be parsed as 4 floats
Could not get FontBBox from font descriptor because None cannot be parsed as 4 floats
Could not get FontBBox from font descriptor because None cannot be parsed as 4 floats
Could not get FontBBox from font descriptor because None cannot be parsed as 4 floats
Could not get FontBBox from font descriptor because None cannot be parsed as 4 floats
Could not get FontBBox from font descriptor because None cannot be parsed as 4 floats
Could not get FontBBox from font descriptor because None cannot be parsed as 4 floats
Could not get FontBBox from font descriptor because None cannot be parsed as 4 floats
Could not get FontBBox from font descriptor because None cannot be parsed as 4 floats
Could not get FontBBox from font descriptor because None cannot be parsed as 4 floats
Could not get FontBBox from font descriptor because None cannot be parsed as 4 floats
Could not get FontBBox from font descriptor because None cannot be parsed as 4 floats
Could not get FontBBox from font descriptor because None cannot be parsed as 4 floats
Could not get FontBBox from font descriptor because None cannot be parsed as 4 floats
Could not get FontBBox from font descriptor because None cannot be parsed as 4 floats
Could not get FontBBox from font descriptor because None cannot be parsed as 4 floats
Could not get FontBBox from font descriptor because None cannot be parsed as 4 floats
Could not get FontBBox from font descriptor because None cannot be parsed as 4 floats
Could not get FontBBox from font descriptor because None cannot be parsed as 4 floats
Could not get FontBBox from font descriptor because None cannot be parsed as 4 floats
Could not get FontBBox from font descriptor because None cannot be parsed as 4 floats
Could not get FontBBox from font descriptor because None cannot be parsed as 4 floats
Could not get FontBBox from font descriptor because None cannot be parsed as 4 floats
Could not get FontBBox from font descriptor because None cannot be parsed as 4 floats
Could not get FontBBox from font descriptor because None cannot be parsed as 4 floats
Could not get FontBBox from font descriptor because None cannot be parsed as 4 floats
Could not get FontBBox from font descriptor because None cannot be parsed as 4 floats
Could not get FontBBox from font descriptor because None cannot be parsed as 4 floats
Could not get FontBBox from font descriptor because None cannot be parsed as 4 floats
Could not get FontBBox from font descriptor because None cannot be parsed as 4 floats
Could not get FontBBox from font descriptor because None cannot be parsed as 4 floats
Could not get FontBBox from font descriptor because None cannot be parsed as 4 floats
Could not get FontBBox from font descriptor because None cannot be parsed as 4 floats
Could not get FontBBox from font descriptor because None cannot be parsed as 4 floats
Could not get FontBBox from font descriptor because None cannot be parsed as 4 floats
Could not get FontBBox from font descriptor because None cannot be parsed as 4 floats
Could not get FontBBox from font descriptor because None cannot be parsed as 4 floats
Could not get FontBBox from font descriptor because None cannot be parsed as 4 floats
Could not get FontBBox from font descriptor because None cannot be parsed as 4 floats
Could not get FontBBox from font descriptor because None cannot be parsed as 4 floats
Could not get FontBBox from font descriptor because None cannot be parsed as 4 floats
Could not get FontBBox from font descriptor because None cannot be parsed as 4 floats
Could not get FontBBox from font descriptor because None cannot be parsed as 4 floats
Could not get FontBBox from font descriptor because None cannot be parsed as 4 floats
Could not get FontBBox from font descriptor because None cannot be parsed as 4 floats
Could not get FontBBox from font descriptor because None cannot be parsed as 4 floats
Could not get FontBBox from font descriptor because None cannot be parsed as 4 floats
Could not get FontBBox from font descriptor because None cannot be parsed as 4 floats
Could not get FontBBox from font descriptor because None cannot be parsed as 4 floats
Could not get FontBBox from font descriptor because None cannot be parsed as 4 floats
Could not get FontBBox from font descriptor because None cannot be parsed as 4 floats
Could not get FontBBox from font descriptor because None cannot be parsed as 4 floats
Could not get FontBBox from font descriptor because None cannot be parsed as 4 floats
Could not get FontBBox from font descriptor because None cannot be parsed as 4 floats
Could not get FontBBox from font descriptor because None cannot be parsed as 4 floats
Could not get FontBBox from font descriptor because None cannot be parsed as 4 floats
Could not get FontBBox from font descriptor because None cannot be parsed as 4 floats
Ignoring wrong pointing object 6 0 (offset 0)
Ignoring wrong pointing object 10 0 (offset 0)
Ignoring wrong pointing object 12 0 (offset 0)
Ignoring wrong pointing object 14 0 (offset 0)
Ignoring wrong pointing object 48 0 (offset 0)
Ignoring wrong pointing object 148 0 (offset 0)
Ignoring wrong pointing object 155 0 (offset 0)
Ignoring wrong pointing object 190 0 (offset 0)
Traceback (most recent call last):
  File "/home/freegear/EasyDocStation/server/rag_train.py", line 1672, in <module>
    table.add(records)
  File "/home/freegear/EasyDocStation/.venv/lib/python3.12/site-packages/lancedb/table.py", line 2683, in add
    return LOOP.run(
           ^^^^^^^^^
  File "/home/freegear/EasyDocStation/.venv/lib/python3.12/site-packages/lancedb/background_loop.py", line 32, in run
    return concurrent_future.result()
           ^^^^^^^^^^^^^^^^^^^^^^^^^^
  File "/usr/lib/python3.12/concurrent/futures/_base.py", line 456, in result
    return self.__get_result()
           ^^^^^^^^^^^^^^^^^^^
  File "/usr/lib/python3.12/concurrent/futures/_base.py", line 401, in __get_result
    raise self._exception
  File "/home/freegear/EasyDocStation/.venv/lib/python3.12/site-packages/lancedb/table.py", line 4295, in add
    data = to_scannable(data)
           ^^^^^^^^^^^^^^^^^^
  File "/usr/lib/python3.12/functools.py", line 909, in wrapper
    return dispatch(args[0].__class__)(*args, **kw)
           ^^^^^^^^^^^^^^^^^^^^^^^^^^^^^^^^^^^^^^^^
  File "/home/freegear/EasyDocStation/.venv/lib/python3.12/site-packages/lancedb/scannable.py", line 81, in _from_list
    table = to_arrow(data)
            ^^^^^^^^^^^^^^
  File "/usr/lib/python3.12/functools.py", line 909, in wrapper
    return dispatch(args[0].__class__)(*args, **kw)
           ^^^^^^^^^^^^^^^^^^^^^^^^^^^^^^^^^^^^^^^^
  File "/home/freegear/EasyDocStation/.venv/lib/python3.12/site-packages/lancedb/arrow.py", line 113, in _arrow_from_list
    return pa.Table.from_pylist(data)
           ^^^^^^^^^^^^^^^^^^^^^^^^^^
  File "pyarrow/table.pxi", line 2044, in pyarrow.lib._Tabular.from_pylist
  File "pyarrow/table.pxi", line 6401, in pyarrow.lib._from_pylist
  File "pyarrow/table.pxi", line 4868, in pyarrow.lib.Table.from_arrays
  File "pyarrow/table.pxi", line 1611, in pyarrow.lib._sanitize_arrays
  File "pyarrow/table.pxi", line 1592, in pyarrow.lib._schema_from_arrays
  File "pyarrow/array.pxi", line 400, in pyarrow.lib.array
  File "pyarrow/array.pxi", line 46, in pyarrow.lib._sequence_to_array
  File "pyarrow/error.pxi", line 155, in pyarrow.lib.pyarrow_internal_check_status
  File "pyarrow/error.pxi", line 89, in pyarrow.lib.check_status
OverflowError: Python int too large to convert to C long
    at ChildProcess.<anonymous> (/home/freegear/EasyDocStation/server/scripts/rebuild-rag-all.js:466:16)
    at ChildProcess.emit (node:events:519:28)
    at maybeClose (node:internal/child_process:1101:16)
    at ChildProcess._handle.onexit (node:internal/child_process:304:5)
[2026-06-01T00:08:04.037Z][RAG-REBUILD] 텔레그램 전송 실패: chat_id=66918210 Bad Request: message is too long
[20260601-09:08:04][RAG-REBUILD] 전체 RAG 재학습 실패 또는 중단 (exit=1)
[20260601-12:48:30][RAG-REBUILD] 전체 RAG 재학습 시작
[20260601-12:48:30][RAG-REBUILD] 로그 파일: /home/freegear/EasyDocStation/logs/rebuild-rag-all.log
[20260601-12:48:31][RAG-REBUILD] EASYDOC_REBUILD_KEEP_APP=1: 실행 중인 EasyDocStation은 유지합니다.
[20260601-12:48:31][RAG-REBUILD] RAG 저장소 초기화
[Reset] 대상 경로
  - LanceDB:        /home/freegear/EasyDocStation/Database/LanceDB
  - FileTrainingData: /home/freegear/EasyDocStation/Database/ObjectFile/FileTrainingData
[Reset] 완료
  - LanceDB 내부 초기화 완료
  - FileTrainingData 내부 초기화 완료
[20260601-12:48:31][RAG-REBUILD] 모든 팀/채널 게시글, 댓글, 첨부 문서, 이미지 재학습
[2026-06-01T03:48:31.360Z][RAG-REBUILD] Python: /home/freegear/EasyDocStation/.venv/bin/python3
[2026-06-01T03:48:31.360Z][RAG-REBUILD] 배치 크기: 10
✅ Database migration complete.
[2026-06-01T03:48:32.274Z][RAG-REBUILD] "찾을 수 없습니다"류의 이전 AI 실패 답변은 RAG 오염 방지를 위해 제외합니다.
✅ Cassandra connected
✅ Cassandra schema initialized
[2026-06-01T03:48:32.310Z][RAG-REBUILD] ObjectFile Path: /home/freegear/EasyDocStation/Database/ObjectFile
[2026-06-01T03:48:32.310Z][RAG-REBUILD] LanceDB Path: /home/freegear/EasyDocStation/Database/LanceDB
[2026-06-01T03:48:32.310Z][RAG-REBUILD] 배치 학습 시간 제한: 없음
[2026-06-01T03:48:32.315Z][RAG-REBUILD] 기존 RAG 임베딩 서버 사용: 127.0.0.1:5001
[2026-06-01T03:48:32.344Z][RAG-REBUILD] 조회 완료: 게시글 405건, 댓글 568건
[2026-06-01T03:48:32.350Z][RAG-REBUILD] 파싱 미지원 첨부 형식, 메타데이터만 본문에 포함 예정: KakaoTalk_20260422_140922251.mp4 (video/mp4)
[2026-06-01T03:48:32.351Z][RAG-REBUILD] 파싱 미지원 첨부 형식, 메타데이터만 본문에 포함 예정: KakaoTalk_20260119_110833374.mp4 (video/mp4)
[2026-06-01T03:48:32.352Z][RAG-REBUILD] 파싱 미지원 첨부 형식, 메타데이터만 본문에 포함 예정: KakaoTalk_20251117_145851003.mp4 (video/mp4)
[2026-06-01T03:48:32.353Z][RAG-REBUILD] 파싱 미지원 첨부 형식, 메타데이터만 본문에 포함 예정: KakaoTalk_20251016_184653386.mp4 (video/mp4)
[2026-06-01T03:48:32.354Z][RAG-REBUILD] 파싱 미지원 첨부 형식, 메타데이터만 본문에 포함 예정: KakaoTalk_20251013_152939797.mp4 (video/mp4)
[2026-06-01T03:48:32.354Z][RAG-REBUILD] 파싱 미지원 첨부 형식, 메타데이터만 본문에 포함 예정: G-TLD_Hongik University.mp4 (video/mp4)
[2026-06-01T03:48:32.355Z][RAG-REBUILD] 파싱 미지원 첨부 형식, 메타데이터만 본문에 포함 예정: G-TLD_Hoka.mp4 (video/mp4)
[2026-06-01T03:48:32.355Z][RAG-REBUILD] 파싱 미지원 첨부 형식, 메타데이터만 본문에 포함 예정: G-TLD_CES.mp4 (video/mp4)
[2026-06-01T03:48:32.356Z][RAG-REBUILD] 파싱 미지원 첨부 형식, 메타데이터만 본문에 포함 예정: G-TLD_BUS.mp4 (video/mp4)
[2026-06-01T03:48:32.356Z][RAG-REBUILD] 파싱 미지원 첨부 형식, 메타데이터만 본문에 포함 예정: 스미토모.mp4 (video/mp4)
[2026-06-01T03:48:32.357Z][RAG-REBUILD] 파싱 미지원 첨부 형식, 메타데이터만 본문에 포함 예정: 202604 G-TLD 표준제안서.pptx (application/vnd.openxmlformats-officedocument.presentationml.presentation)
[2026-06-01T03:48:32.357Z][RAG-REBUILD] 파싱 미지원 첨부 형식, 메타데이터만 본문에 포함 예정: 2025년 국립중앙박물관 COB1.53 설치 사례.mp4 (video/mp4)
[2026-06-01T03:48:32.362Z][RAG-REBUILD] 파싱 미지원 첨부 형식, 메타데이터만 본문에 포함 예정: KakaoTalk_Video_2026-05-10-14-25-25.mp4 (video/mp4)
[2026-06-01T03:48:32.364Z][RAG-REBUILD] 파싱 미지원 첨부 형식, 메타데이터만 본문에 포함 예정: hyundai_ansim_proposal_1.2.pptx (application/vnd.openxmlformats-officedocument.presentationml.presentation)
[2026-06-01T03:48:32.364Z][RAG-REBUILD] 파싱 미지원 첨부 형식, 메타데이터만 본문에 포함 예정: hyundai_ansim_proposal_1.3.pptx (application/vnd.openxmlformats-officedocument.presentationml.presentation)
[2026-06-01T03:48:32.365Z][RAG-REBUILD] 파싱 미지원 첨부 형식, 메타데이터만 본문에 포함 예정: 마곡더그리드 시스템 설치공사 견적서_1차 발신_260506.xlsx (application/vnd.openxmlformats-officedocument.spreadsheetml.sheet)
[2026-06-01T03:48:32.365Z][RAG-REBUILD] 파싱 미지원 첨부 형식, 메타데이터만 본문에 포함 예정: TADS-Rplus 260227.pptx (application/vnd.openxmlformats-officedocument.presentationml.presentation)
[2026-06-01T03:48:32.368Z][RAG-REBUILD] 파싱 미지원 첨부 형식, 메타데이터만 본문에 포함 예정: 수량 산출 및 검토사항_260429.xlsx (application/vnd.openxmlformats-officedocument.spreadsheetml.sheet)
[2026-06-01T03:48:32.369Z][RAG-REBUILD] 파싱 미지원 첨부 형식, 메타데이터만 본문에 포함 예정: HD_마곡현장_설치계획_V0.2_0428.pptx (application/vnd.openxmlformats-officedocument.presentationml.presentation)
[2026-06-01T03:48:32.375Z][RAG-REBUILD] 파싱 미지원 첨부 형식, 메타데이터만 본문에 포함 예정: CREMA_2.2.6.zip (application/zip)
[2026-06-01T03:48:32.375Z][RAG-REBUILD] 파싱 미지원 첨부 형식, 메타데이터만 본문에 포함 예정: CremaXample.exe (application/x-msdownload)
[2026-06-01T03:48:32.375Z][RAG-REBUILD] 파싱 미지원 첨부 형식, 메타데이터만 본문에 포함 예정: _talkf_wzc5u730qA_w0QcXNt3AR0NzRImDK2Ch0_f_e3e84459a45f 2.MP4 (video/mp4)
[2026-06-01T03:48:32.375Z][RAG-REBUILD] 파싱 미지원 첨부 형식, 메타데이터만 본문에 포함 예정: _talkf_wzc5u730qA_w0QcXNt3AR0NzRImDK2Ch0_f_e3e84459a45f.MP4 (video/mp4)
[2026-06-01T03:48:32.376Z][RAG-REBUILD] 파싱 미지원 첨부 형식, 메타데이터만 본문에 포함 예정: _talkf_wzc7lJZN7U_5LkTDBZz1x10BYxK7eP7Ik_f_e236cc9d6298 2.MP4 (video/mp4)
[2026-06-01T03:48:32.376Z][RAG-REBUILD] 파싱 미지원 첨부 형식, 메타데이터만 본문에 포함 예정: _talkf_wzc7lJZN7U_5LkTDBZz1x10BYxK7eP7Ik_f_e236cc9d6298.MP4 (video/mp4)
[2026-06-01T03:48:32.377Z][RAG-REBUILD] 파싱 미지원 첨부 형식, 메타데이터만 본문에 포함 예정: _talkf_wzM72BH2sd_PbWOThKHgsL9fpe4oQ91e1_f_81d284e251e6.mp4 (video/mp4)
[2026-06-01T03:48:32.377Z][RAG-REBUILD] 파싱 미지원 첨부 형식, 메타데이터만 본문에 포함 예정: Pop Girl.mp4 (video/mp4)
[2026-06-01T03:48:32.379Z][RAG-REBUILD] 파싱 미지원 첨부 형식, 메타데이터만 본문에 포함 예정: 구매자금 협조 요청서 .hwpx (unknown)
[2026-06-01T03:48:32.387Z][RAG-REBUILD] 파싱 미지원 첨부 형식, 메타데이터만 본문에 포함 예정: stock_recommend_quant.py (text/x-python-script)
[2026-06-01T03:48:32.389Z][RAG-REBUILD] 파싱 미지원 첨부 형식, 메타데이터만 본문에 포함 예정: GTL.xlsx (application/vnd.openxmlformats-officedocument.spreadsheetml.sheet)
[2026-06-01T03:48:32.392Z][RAG-REBUILD] 파싱 미지원 첨부 형식, 메타데이터만 본문에 포함 예정: WhiteOWL_260525.xlsx (application/vnd.openxmlformats-officedocument.spreadsheetml.sheet)
[2026-06-01T03:48:32.396Z][RAG-REBUILD] 파싱 미지원 첨부 형식, 메타데이터만 본문에 포함 예정: 화면 기록 2026-05-17 오후 4.18.12.mov (video/quicktime)
[2026-06-01T03:48:32.455Z][RAG-REBUILD] 파싱 미지원 첨부 형식, 메타데이터만 본문에 포함 예정: _talkv_dJMcaFwQdZz_oqbpypnj9z1EyeIKUHUJDK_talkv_high.mp4 (video/mp4)
[2026-06-01T03:48:32.455Z][RAG-REBUILD] 파싱 미지원 첨부 형식, 메타데이터만 본문에 포함 예정: _talkv_dJMcaFXUAdx_DYZz62JRA0dVGDVCjZtXY1_talkv_high.mp4 (video/mp4)
[2026-06-01T03:48:32.456Z][RAG-REBUILD] 파싱 미지원 첨부 형식, 메타데이터만 본문에 포함 예정: _talkv_dJMcawNsvx1_PVh0aN4KKFkNVP7QCsjbk0_talkv_high.mp4 (video/mp4)
[2026-06-01T03:48:32.456Z][RAG-REBUILD] 파싱 미지원 첨부 형식, 메타데이터만 본문에 포함 예정: _talkv_dJMcaxevpwU_VPfd13QHUdhyvaLlvXX4Zk_talkv_high.mp4 (video/mp4)
[2026-06-01T03:48:32.457Z][RAG-REBUILD] 파싱 미지원 첨부 형식, 메타데이터만 본문에 포함 예정: _talkv_wzPwfZuyGG_xbNnSu4TlwSK41mhy6xoN1_talkv_high.mp4 (video/mp4)
[2026-06-01T03:48:32.457Z][RAG-REBUILD] 파싱 미지원 첨부 형식, 메타데이터만 본문에 포함 예정: IMG_1096.MOV (video/quicktime)
[2026-06-01T03:48:32.458Z][RAG-REBUILD] 파싱 미지원 첨부 형식, 메타데이터만 본문에 포함 예정: IMG_1097.MOV (video/quicktime)
[2026-06-01T03:48:32.459Z][RAG-REBUILD] 파싱 미지원 첨부 형식, 메타데이터만 본문에 포함 예정: IMG_1098.MOV (video/quicktime)
[2026-06-01T03:48:32.464Z][RAG-REBUILD] 파싱 미지원 첨부 형식, 메타데이터만 본문에 포함 예정: IP-VAV_&_Wi-F260410韓国版.mp4 (video/mp4)
[2026-06-01T03:48:32.464Z][RAG-REBUILD] 파싱 미지원 첨부 형식, 메타데이터만 본문에 포함 예정: AIが創る、次世代のスマートオフィス韓国語字幕.mp4 (video/mp4)
[2026-06-01T03:48:32.464Z][RAG-REBUILD] 파싱 미지원 첨부 형식, 메타데이터만 본문에 포함 예정: 【案】AI画像解析カメラソリューション_要件一覧_v1.0.xlsx (application/vnd.openxmlformats-officedocument.spreadsheetml.sheet)
[2026-06-01T03:48:32.470Z][RAG-REBUILD] 파싱 미지원 첨부 형식, 메타데이터만 본문에 포함 예정: 공모중점기술7종컨셉예시_yh수정.hwpx (unknown)
[2026-06-01T03:48:32.473Z][RAG-REBUILD] 파싱 미지원 첨부 형식, 메타데이터만 본문에 포함 예정: 과제수행목록_1.1.xlsx (application/vnd.openxmlformats-officedocument.spreadsheetml.sheet)
[2026-06-01T03:48:32.475Z][RAG-REBUILD] 파싱 미지원 첨부 형식, 메타데이터만 본문에 포함 예정: 1. 연구개발계획서_트리포스_v1.4.hwp (unknown)
[2026-06-01T03:48:32.475Z][RAG-REBUILD] 파싱 미지원 첨부 형식, 메타데이터만 본문에 포함 예정: 1. 연구개발계획서_트리포스_v1.5 (1).hwp (unknown)
[2026-06-01T03:48:32.475Z][RAG-REBUILD] 파싱 미지원 첨부 형식, 메타데이터만 본문에 포함 예정: 1. 연구개발계획서_트리포스_v1.7_SC.hwp (unknown)
[2026-06-01T03:48:32.475Z][RAG-REBUILD] 파싱 미지원 첨부 형식, 메타데이터만 본문에 포함 예정: 1. 연구개발계획서_트리포스_v1.7_SC.hwp (unknown)
[2026-06-01T03:48:32.475Z][RAG-REBUILD] 파싱 미지원 첨부 형식, 메타데이터만 본문에 포함 예정: 1. 연구개발계획서_트리포스_v1.99.hwp (unknown)
[2026-06-01T03:48:32.475Z][RAG-REBUILD] 파싱 미지원 첨부 형식, 메타데이터만 본문에 포함 예정: 1. 연구개발계획서_트리포스_v1.999.hwp (unknown)
[2026-06-01T03:48:32.475Z][RAG-REBUILD] 파싱 미지원 첨부 형식, 메타데이터만 본문에 포함 예정: 1. 연구개발계획서_트리포스_v1.9999_SC.hwp (unknown)
[2026-06-01T03:48:32.475Z][RAG-REBUILD] 파싱 미지원 첨부 형식, 메타데이터만 본문에 포함 예정: 1. 연구개발계획서_트리포스_v1.9999_SC.hwp (unknown)
[2026-06-01T03:48:32.475Z][RAG-REBUILD] 파싱 미지원 첨부 형식, 메타데이터만 본문에 포함 예정: 연구개발계획서_트리포스_최종.hwp (unknown)
[2026-06-01T03:48:32.475Z][RAG-REBUILD] 파싱 미지원 첨부 형식, 메타데이터만 본문에 포함 예정: 안전과제.xlsx (application/vnd.openxmlformats-officedocument.spreadsheetml.sheet)
[2026-06-01T03:48:32.475Z][RAG-REBUILD] 파싱 미지원 첨부 형식, 메타데이터만 본문에 포함 예정: 연구개발계획서_트리포스_최종-1.1.hwp (unknown)
[2026-06-01T03:48:32.476Z][RAG-REBUILD] 파싱 미지원 첨부 형식, 메타데이터만 본문에 포함 예정: [붙임 3] 4대 업무혁신 분야 및 품목개요서 (1).hwpx (unknown)
[2026-06-01T03:48:32.476Z][RAG-REBUILD] 파싱 미지원 첨부 형식, 메타데이터만 본문에 포함 예정: [붙임 1-1] 신청방법 및 신청 또는 지원 제외사항 등 유의사항.hwpx (unknown)
[2026-06-01T03:48:32.476Z][RAG-REBUILD] 파싱 미지원 첨부 형식, 메타데이터만 본문에 포함 예정: [붙임 1-2] 중소기업기술개발 지원사업 보안대책.hwpx (unknown)
[2026-06-01T03:48:32.476Z][RAG-REBUILD] 파싱 미지원 첨부 형식, 메타데이터만 본문에 포함 예정: [붙임 2] 2026년도 중소기업기술혁신개발(도메인특화AI모델개발) 세부 지원내용.hwpx (unknown)
[2026-06-01T03:48:32.476Z][RAG-REBUILD] 파싱 미지원 첨부 형식, 메타데이터만 본문에 포함 예정: [붙임 3] 4대 업무혁신 분야 및 품목개요서.hwpx (unknown)
[2026-06-01T03:48:32.476Z][RAG-REBUILD] 파싱 미지원 첨부 형식, 메타데이터만 본문에 포함 예정: 1. 연구개발계획서 양식.hwp (unknown)
[2026-06-01T03:48:32.476Z][RAG-REBUILD] 파싱 미지원 첨부 형식, 메타데이터만 본문에 포함 예정: 2. 신용상태 조회 정보활용 동의서.hwp (unknown)
[2026-06-01T03:48:32.476Z][RAG-REBUILD] 파싱 미지원 첨부 형식, 메타데이터만 본문에 포함 예정: 3. 중소기업기술개발사업 개인정보 수집이용 동의서.hwp (unknown)
[2026-06-01T03:48:32.476Z][RAG-REBUILD] 파싱 미지원 첨부 형식, 메타데이터만 본문에 포함 예정: 4. 외부기술도입비 현물산정 신청서.hwp (unknown)
[2026-06-01T03:48:32.476Z][RAG-REBUILD] 파싱 미지원 첨부 형식, 메타데이터만 본문에 포함 예정: 5. 컨소시엄 확약서.hwp (unknown)
[2026-06-01T03:48:32.477Z][RAG-REBUILD] 파싱 미지원 첨부 형식, 메타데이터만 본문에 포함 예정: spc 지비전K연새비상 주식회사 연세대 교직원식당 한경관 어울샘 관련 ai _1777854322831.hwp (unknown)
[2026-06-01T03:48:32.477Z][RAG-REBUILD] 파싱 미지원 첨부 형식, 메타데이터만 본문에 포함 예정: yonsei_cafeteria_business_20260504030434.pptx (application/vnd.openxmlformats-officedocument.presentationml.presentation)
[2026-06-01T03:48:32.477Z][RAG-REBUILD] 파싱 미지원 첨부 형식, 메타데이터만 본문에 포함 예정: yonsei_cafeteria_business_plan_20260504013702.pptx (application/vnd.openxmlformats-officedocument.presentationml.presentation)
[2026-06-01T03:48:32.477Z][RAG-REBUILD] 파싱 미지원 첨부 형식, 메타데이터만 본문에 포함 예정: yonsei_cafeteria_business_plan_20260504013702.pptx (application/vnd.openxmlformats-officedocument.presentationml.presentation)
[2026-06-01T03:48:32.477Z][RAG-REBUILD] 파싱 미지원 첨부 형식, 메타데이터만 본문에 포함 예정: 최요한 연세대학교 상남경영관 관련내용 (1)_1777854341309.hwp (unknown)
[2026-06-01T03:48:32.478Z][RAG-REBUILD] 파싱 미지원 첨부 형식, 메타데이터만 본문에 포함 예정: 공모중점기술7종컨셉예시_yh수정.hwpx (unknown)
[2026-06-01T03:48:32.480Z][RAG-REBUILD] 파싱 미지원 첨부 형식, 메타데이터만 본문에 포함 예정: 스카이칩스-견적서 복사본.xls (application/vnd.ms-excel)
[2026-06-01T03:48:32.480Z][RAG-REBUILD] 파싱 미지원 첨부 형식, 메타데이터만 본문에 포함 예정: AxBright-견적서.xls (application/vnd.ms-excel)
[2026-06-01T03:48:32.481Z][RAG-REBUILD] 파싱 미지원 첨부 형식, 메타데이터만 본문에 포함 예정: 2025-10-23 김기홍 대표님.zip (application/zip)
[2026-06-01T03:48:32.481Z][RAG-REBUILD] 파싱 미지원 첨부 형식, 메타데이터만 본문에 포함 예정: 구슬 트래킹 시스템 제안서_엠비젼_20250825.pptx (application/vnd.openxmlformats-officedocument.presentationml.presentation)
[2026-06-01T03:48:32.481Z][RAG-REBUILD] 파싱 미지원 첨부 형식, 메타데이터만 본문에 포함 예정: 스카이칩스-견적서.xls (application/vnd.ms-excel)
[2026-06-01T03:48:32.486Z][RAG-REBUILD] 파싱 미지원 첨부 형식, 메타데이터만 본문에 포함 예정: 통화 녹음 KC 하승한 부사장.성장전략실. 한홍규전무소개.더에이스테크.25.9.25.이성하대표님소개회사._260506_103303.m4a (audio/x-m4a)
[2026-06-01T03:48:32.487Z][RAG-REBUILD] 파싱 미지원 첨부 형식, 메타데이터만 본문에 포함 예정: AAA.m4a (audio/x-m4a)
[2026-06-01T03:48:32.488Z][RAG-REBUILD] 파싱 미지원 첨부 형식, 메타데이터만 본문에 포함 예정: _talkv_wy5gXQr7YD_In47ccAPApINSVeaf2STY1_talkv_high.mov (video/quicktime)
[2026-06-01T03:48:32.488Z][RAG-REBUILD] 파싱 미지원 첨부 형식, 메타데이터만 본문에 포함 예정: towel_sequence_hist_eq.mp4 (video/mp4)
[2026-06-01T03:48:32.488Z][RAG-REBUILD] 파싱 미지원 첨부 형식, 메타데이터만 본문에 포함 예정: SBS_AVM.mp4 (video/mp4)
[2026-06-01T03:48:32.488Z][RAG-REBUILD] 파싱 미지원 첨부 형식, 메타데이터만 본문에 포함 예정: 지식재산권현황_통합_20251102.xlsx (application/vnd.openxmlformats-officedocument.spreadsheetml.sheet)
[2026-06-01T03:48:32.490Z][RAG-REBUILD] 파싱 미지원 첨부 형식, 메타데이터만 본문에 포함 예정: 60504_090852 복사본.m4a (audio/x-m4a)
[2026-06-01T03:48:32.493Z][RAG-REBUILD] 파싱 미지원 첨부 형식, 메타데이터만 본문에 포함 예정: 60504_090852 복사본.m4a (audio/x-m4a)
[2026-06-01T03:48:32.494Z][RAG-REBUILD] 파싱 미지원 첨부 형식, 메타데이터만 본문에 포함 예정: 60504_090852 복사본.m4a (audio/x-m4a)
[2026-06-01T03:48:32.494Z][RAG-REBUILD] 파싱 미지원 첨부 형식, 메타데이터만 본문에 포함 예정: 60504_090852 복사본.m4a (audio/x-m4a)
[2026-06-01T03:48:32.494Z][RAG-REBUILD] 파싱 미지원 첨부 형식, 메타데이터만 본문에 포함 예정: 60504_090852.m4a (audio/x-m4a)
[2026-06-01T03:48:32.498Z][RAG-REBUILD] 첨부 파일 없음, 건너뜀: audio.m4a (/home/freegear/EasyDocStation/Database/ObjectFile/ch-1776440801214/c545d592-42ff-40e7-810f-d93a3a1eff2b/audio.m4a)
[2026-06-01T03:48:32.499Z][RAG-REBUILD] 첨부 파일 없음, 건너뜀: audio.m4a (/home/freegear/EasyDocStation/Database/ObjectFile/ch-1776440801214/5d296ced-64e8-4181-bb6f-b33f55ce3141/audio.m4a)
[2026-06-01T03:48:32.500Z][RAG-REBUILD] 첨부 파일 없음, 건너뜀: audio.m4a (/home/freegear/EasyDocStation/Database/ObjectFile/ch-1776440801214/cc2b7f02-f9c8-49d0-95c2-a9e2cc7491db/audio.m4a)
[2026-06-01T03:48:32.510Z][RAG-REBUILD] 파싱 미지원 첨부 형식, 메타데이터만 본문에 포함 예정: on_device_ai_voice_interface_proposal_1.0.pptx (application/vnd.openxmlformats-officedocument.presentationml.presentation)
[2026-06-01T03:48:32.510Z][RAG-REBUILD] 파싱 미지원 첨부 형식, 메타데이터만 본문에 포함 예정: strategy_execution_summary_20260525184710.pptx (application/vnd.openxmlformats-officedocument.presentationml.presentation)
[2026-06-01T03:48:32.510Z][RAG-REBUILD] 파싱 미지원 첨부 형식, 메타데이터만 본문에 포함 예정: on_device_ai_voice_interface_proposal_1.1.pptx (application/vnd.openxmlformats-officedocument.presentationml.presentation)
[2026-06-01T03:48:32.512Z][RAG-REBUILD] 파싱 미지원 첨부 형식, 메타데이터만 본문에 포함 예정: 데모영상.pptx (application/vnd.openxmlformats-officedocument.presentationml.presentation)
[2026-06-01T03:48:32.512Z][RAG-REBUILD] 파싱 미지원 첨부 형식, 메타데이터만 본문에 포함 예정: media1.mp4 (video/mp4)
[2026-06-01T03:48:32.514Z][RAG-REBUILD] 파싱 미지원 첨부 형식, 메타데이터만 본문에 포함 예정: Elim AI-EasyStation 통합 플랫폼.pptx (application/vnd.openxmlformats-officedocument.presentationml.presentation)
[2026-06-01T03:48:32.514Z][RAG-REBUILD] 파싱 미지원 첨부 형식, 메타데이터만 본문에 포함 예정: ELIM & EasyStation System Architecture.pptx (application/vnd.openxmlformats-officedocument.presentationml.presentation)
[2026-06-01T03:48:32.514Z][RAG-REBUILD] 파싱 미지원 첨부 형식, 메타데이터만 본문에 포함 예정: ai_smart_callcenter_fsm_1.3.pptx (application/vnd.openxmlformats-officedocument.presentationml.presentation)
[2026-06-01T03:48:32.515Z][RAG-REBUILD] 파싱 미지원 첨부 형식, 메타데이터만 본문에 포함 예정: Executive Dashboard _standalone_.html (text/html)
[2026-06-01T03:48:32.515Z][RAG-REBUILD] 파싱 미지원 첨부 형식, 메타데이터만 본문에 포함 예정: ai_smart_callcenter_fsm_1.2.pptx (application/vnd.openxmlformats-officedocument.presentationml.presentation)
[2026-06-01T03:48:32.515Z][RAG-REBUILD] 파싱 미지원 첨부 형식, 메타데이터만 본문에 포함 예정: ai_smart_callcenter_fsm_6month_roadmap_20260521082955.pptx (application/vnd.openxmlformats-officedocument.presentationml.presentation)
[2026-06-01T03:48:32.516Z][RAG-REBUILD] 파싱 미지원 첨부 형식, 메타데이터만 본문에 포함 예정: ai_field_service_sales_platform_20260521075953.pptx (application/vnd.openxmlformats-officedocument.presentationml.presentation)
[2026-06-01T03:48:32.516Z][RAG-REBUILD] 파싱 미지원 첨부 형식, 메타데이터만 본문에 포함 예정: smart_call_center_fsm_platform_20260521080047.pptx (application/vnd.openxmlformats-officedocument.presentationml.presentation)
[2026-06-01T03:48:32.516Z][RAG-REBUILD] 파싱 미지원 첨부 형식, 메타데이터만 본문에 포함 예정: ai_smart_callcenter_fsm_6month_roadmap_20260521082955.pptx (application/vnd.openxmlformats-officedocument.presentationml.presentation)
[2026-06-01T03:48:32.516Z][RAG-REBUILD] 파싱 미지원 첨부 형식, 메타데이터만 본문에 포함 예정: 9-stage Kanban Wireframe _standalone_.html (text/html)
[2026-06-01T03:48:32.516Z][RAG-REBUILD] 파싱 미지원 첨부 형식, 메타데이터만 본문에 포함 예정: 9-stage Kanban Wireframe _standalone_ (1).html (text/html)
[2026-06-01T03:48:32.521Z][RAG-REBUILD] 파싱 미지원 첨부 형식, 메타데이터만 본문에 포함 예정: ELIMNET.zip (application/zip)
[2026-06-01T03:48:32.577Z][RAG-REBUILD] 파싱 미지원 첨부 형식, 메타데이터만 본문에 포함 예정: 2026년 예비창업패키지 사업계획서_1.1.hwp (unknown)
[2026-06-01T03:48:32.579Z][RAG-REBUILD] 파싱 미지원 첨부 형식, 메타데이터만 본문에 포함 예정: 2026년 예비창업패키지 사업계획서_1.2.hwp (unknown)
[2026-06-01T03:48:32.580Z][RAG-REBUILD] 파싱 미지원 첨부 형식, 메타데이터만 본문에 포함 예정: 2026년 예비창업패키지 사업계획서_1.3.hwp (unknown)
[2026-06-01T03:48:32.604Z][RAG-REBUILD] 파싱 미지원 첨부 형식, 메타데이터만 본문에 포함 예정: hyundai_ansim_proposal_1.2.pptx (application/vnd.openxmlformats-officedocument.presentationml.presentation)
[2026-06-01T03:48:32.604Z][RAG-REBUILD] 파싱 미지원 첨부 형식, 메타데이터만 본문에 포함 예정: hyundai_ansim_proposal_1.3.pptx (application/vnd.openxmlformats-officedocument.presentationml.presentation)
[2026-06-01T03:48:32.608Z][RAG-REBUILD] 파싱 미지원 첨부 형식, 메타데이터만 본문에 포함 예정: 화면 기록 2026-05-02 오후 11.32.16.mov (video/quicktime)
[2026-06-01T03:48:32.610Z][RAG-REBUILD] 파싱 미지원 첨부 형식, 메타데이터만 본문에 포함 예정: 화면 기록 2026-05-02 오전 9.51.34.mp4 (video/mp4)
[2026-06-01T03:48:32.635Z][RAG-REBUILD] 파싱 미지원 첨부 형식, 메타데이터만 본문에 포함 예정: Executive Dashboard _standalone_.html (text/html)
[2026-06-01T03:48:32.640Z][RAG-REBUILD] 파싱 미지원 첨부 형식, 메타데이터만 본문에 포함 예정: ai_smart_callcenter_fsm_1.2.pptx (application/vnd.openxmlformats-officedocument.presentationml.presentation)
[2026-06-01T03:48:32.649Z][RAG-REBUILD] 파싱 미지원 첨부 형식, 메타데이터만 본문에 포함 예정: 화면 기록 2026-05-02 오전 9.51.34.mov (video/quicktime)
[2026-06-01T03:48:32.701Z][RAG-REBUILD] 파싱 미지원 첨부 형식, 메타데이터만 본문에 포함 예정: GTL.xlsx (application/vnd.openxmlformats-officedocument.spreadsheetml.sheet)
[2026-06-01T03:48:32.706Z][RAG-REBUILD] 파싱 미지원 첨부 형식, 메타데이터만 본문에 포함 예정: WhiteOWL_260525.xlsx (application/vnd.openxmlformats-officedocument.spreadsheetml.sheet)
[2026-06-01T03:48:32.711Z][RAG-REBUILD] 파싱 미지원 첨부 형식, 메타데이터만 본문에 포함 예정: smart_call_center_fsm_platform_20260521080047.pptx (application/vnd.openxmlformats-officedocument.presentationml.presentation)
[2026-06-01T03:48:32.712Z][RAG-REBUILD] 파싱 미지원 첨부 형식, 메타데이터만 본문에 포함 예정: ai_smart_callcenter_fsm_6month_roadmap_20260521082955.pptx (application/vnd.openxmlformats-officedocument.presentationml.presentation)
[2026-06-01T03:48:32.713Z][RAG-REBUILD] 파싱 미지원 첨부 형식, 메타데이터만 본문에 포함 예정: 9-stage Kanban Wireframe _standalone_.html (text/html)
[2026-06-01T03:48:32.715Z][RAG-REBUILD] 파싱 미지원 첨부 형식, 메타데이터만 본문에 포함 예정: 9-stage Kanban Wireframe _standalone_ (1).html (text/html)
[2026-06-01T03:48:32.717Z][RAG-REBUILD] 파싱 미지원 첨부 형식, 메타데이터만 본문에 포함 예정: CremaXample.exe (application/x-msdownload)
[2026-06-01T03:48:32.727Z][RAG-REBUILD] 파싱 미지원 첨부 형식, 메타데이터만 본문에 포함 예정: media1.mp4 (video/mp4)
[2026-06-01T03:48:32.733Z][RAG-REBUILD] 파싱 미지원 첨부 형식, 메타데이터만 본문에 포함 예정: spc 지비전K연새비상 주식회사 연세대 교직원식당 한경관 어울샘 관련 ai _1777854322831.hwp (unknown)
[2026-06-01T03:48:32.735Z][RAG-REBUILD] 파싱 미지원 첨부 형식, 메타데이터만 본문에 포함 예정: yonsei_cafeteria_business_20260504030434.pptx (application/vnd.openxmlformats-officedocument.presentationml.presentation)
[2026-06-01T03:48:32.736Z][RAG-REBUILD] 파싱 미지원 첨부 형식, 메타데이터만 본문에 포함 예정: yonsei_cafeteria_business_plan_20260504013702.pptx (application/vnd.openxmlformats-officedocument.presentationml.presentation)
[2026-06-01T03:48:32.737Z][RAG-REBUILD] 파싱 미지원 첨부 형식, 메타데이터만 본문에 포함 예정: yonsei_cafeteria_business_plan_20260504013702.pptx (application/vnd.openxmlformats-officedocument.presentationml.presentation)
[2026-06-01T03:48:32.745Z][RAG-REBUILD] 파싱 미지원 첨부 형식, 메타데이터만 본문에 포함 예정: _talkv_wy5gXQr7YD_In47ccAPApINSVeaf2STY1_talkv_high.mov (video/quicktime)
[2026-06-01T03:48:32.746Z][RAG-REBUILD] 파싱 미지원 첨부 형식, 메타데이터만 본문에 포함 예정: towel_sequence_hist_eq.mp4 (video/mp4)
[2026-06-01T03:48:32.747Z][RAG-REBUILD] 파싱 미지원 첨부 형식, 메타데이터만 본문에 포함 예정: SBS_AVM.mp4 (video/mp4)
[2026-06-01T03:48:32.765Z][RAG-REBUILD] 파싱 미지원 첨부 형식, 메타데이터만 본문에 포함 예정: [붙임 1-1] 신청방법 및 신청 또는 지원 제외사항 등 유의사항.hwpx (unknown)
[2026-06-01T03:48:32.765Z][RAG-REBUILD] 파싱 미지원 첨부 형식, 메타데이터만 본문에 포함 예정: [붙임 1-2] 중소기업기술개발 지원사업 보안대책.hwpx (unknown)
[2026-06-01T03:48:32.765Z][RAG-REBUILD] 파싱 미지원 첨부 형식, 메타데이터만 본문에 포함 예정: [붙임 2] 2026년도 중소기업기술혁신개발(도메인특화AI모델개발) 세부 지원내용.hwpx (unknown)
[2026-06-01T03:48:32.765Z][RAG-REBUILD] 파싱 미지원 첨부 형식, 메타데이터만 본문에 포함 예정: [붙임 3] 4대 업무혁신 분야 및 품목개요서.hwpx (unknown)
[2026-06-01T03:48:32.766Z][RAG-REBUILD] 파싱 미지원 첨부 형식, 메타데이터만 본문에 포함 예정: 1. 연구개발계획서 양식.hwp (unknown)
[2026-06-01T03:48:32.766Z][RAG-REBUILD] 파싱 미지원 첨부 형식, 메타데이터만 본문에 포함 예정: 2. 신용상태 조회 정보활용 동의서.hwp (unknown)
[2026-06-01T03:48:32.766Z][RAG-REBUILD] 파싱 미지원 첨부 형식, 메타데이터만 본문에 포함 예정: 3. 중소기업기술개발사업 개인정보 수집이용 동의서.hwp (unknown)
[2026-06-01T03:48:32.766Z][RAG-REBUILD] 파싱 미지원 첨부 형식, 메타데이터만 본문에 포함 예정: 4. 외부기술도입비 현물산정 신청서.hwp (unknown)
[2026-06-01T03:48:32.766Z][RAG-REBUILD] 파싱 미지원 첨부 형식, 메타데이터만 본문에 포함 예정: 5. 컨소시엄 확약서.hwp (unknown)
[2026-06-01T03:48:32.775Z][RAG-REBUILD] 파싱 미지원 첨부 형식, 메타데이터만 본문에 포함 예정: Insights Dashboard _standalone_.html (text/html)
[2026-06-01T03:48:32.801Z][RAG-REBUILD] 파싱 미지원 첨부 형식, 메타데이터만 본문에 포함 예정: ai_safety_platform_strategy_20260502011452.pptx (application/vnd.openxmlformats-officedocument.presentationml.presentation)
[2026-06-01T03:48:32.802Z][RAG-REBUILD] 파싱 미지원 첨부 형식, 메타데이터만 본문에 포함 예정: ai_safety_platform_strategy_20260502011452.pptx (application/vnd.openxmlformats-officedocument.presentationml.presentation)
[2026-06-01T03:48:32.804Z][RAG-REBUILD] 파싱 미지원 첨부 형식, 메타데이터만 본문에 포함 예정: Anjeon114 x EasyAIStation AI Strategy.pptx (application/vnd.openxmlformats-officedocument.presentationml.presentation)
[2026-06-01T03:48:32.806Z][RAG-REBUILD] 파싱 미지원 첨부 형식, 메타데이터만 본문에 포함 예정: 모바일 현장 점검 시스템 제안.pptx (application/vnd.openxmlformats-officedocument.presentationml.presentation)
[2026-06-01T03:48:32.818Z][RAG-REBUILD] 파싱 미지원 첨부 형식, 메타데이터만 본문에 포함 예정: UI_UX Blueprint for AI Knowledge System.pptx (application/vnd.openxmlformats-officedocument.presentationml.presentation)
[2026-06-01T03:48:32.826Z][RAG-REBUILD] 파싱 미지원 첨부 형식, 메타데이터만 본문에 포함 예정: Elim AI-EasyStation 통합 플랫폼.pptx (application/vnd.openxmlformats-officedocument.presentationml.presentation)
[2026-06-01T03:48:32.828Z][RAG-REBUILD] 파싱 미지원 첨부 형식, 메타데이터만 본문에 포함 예정: ELIM & EasyStation System Architecture.pptx (application/vnd.openxmlformats-officedocument.presentationml.presentation)
[2026-06-01T03:48:32.829Z][RAG-REBUILD] 파싱 미지원 첨부 형식, 메타데이터만 본문에 포함 예정: ai_smart_callcenter_fsm_1.3.pptx (application/vnd.openxmlformats-officedocument.presentationml.presentation)
[2026-06-01T03:48:32.834Z][RAG-REBUILD] 파싱 미지원 첨부 형식, 메타데이터만 본문에 포함 예정: 1. 연구개발계획서_트리포스_v1.5 (1).hwp (unknown)
[2026-06-01T03:48:32.834Z][RAG-REBUILD] 파싱 미지원 첨부 형식, 메타데이터만 본문에 포함 예정: 1. 연구개발계획서_트리포스_v1.7_SC.hwp (unknown)
[2026-06-01T03:48:32.835Z][RAG-REBUILD] 파싱 미지원 첨부 형식, 메타데이터만 본문에 포함 예정: 1. 연구개발계획서_트리포스_v1.7_SC.hwp (unknown)
[2026-06-01T03:48:32.835Z][RAG-REBUILD] 파싱 미지원 첨부 형식, 메타데이터만 본문에 포함 예정: 1. 연구개발계획서_트리포스_v1.99.hwp (unknown)
[2026-06-01T03:48:32.836Z][RAG-REBUILD] 파싱 미지원 첨부 형식, 메타데이터만 본문에 포함 예정: 1. 연구개발계획서_트리포스_v1.999.hwp (unknown)
[2026-06-01T03:48:32.836Z][RAG-REBUILD] 파싱 미지원 첨부 형식, 메타데이터만 본문에 포함 예정: 1. 연구개발계획서_트리포스_v1.9999_SC.hwp (unknown)
[2026-06-01T03:48:32.837Z][RAG-REBUILD] 파싱 미지원 첨부 형식, 메타데이터만 본문에 포함 예정: 1. 연구개발계획서_트리포스_v1.9999_SC.hwp (unknown)
[2026-06-01T03:48:32.841Z][RAG-REBUILD] 파싱 미지원 첨부 형식, 메타데이터만 본문에 포함 예정: 연구개발계획서_트리포스_최종.hwp (unknown)
[2026-06-01T03:48:32.842Z][RAG-REBUILD] 파싱 미지원 첨부 형식, 메타데이터만 본문에 포함 예정: 안전과제.xlsx (application/vnd.openxmlformats-officedocument.spreadsheetml.sheet)
[2026-06-01T03:48:32.842Z][RAG-REBUILD] 파싱 미지원 첨부 형식, 메타데이터만 본문에 포함 예정: 연구개발계획서_트리포스_최종-1.1.hwp (unknown)
[2026-06-01T03:48:32.843Z][RAG-REBUILD] 파싱 미지원 첨부 형식, 메타데이터만 본문에 포함 예정: strategy_execution_summary_20260525184710.pptx (application/vnd.openxmlformats-officedocument.presentationml.presentation)
[2026-06-01T03:48:32.844Z][RAG-REBUILD] 파싱 미지원 첨부 형식, 메타데이터만 본문에 포함 예정: on_device_ai_voice_interface_proposal_1.1.pptx (application/vnd.openxmlformats-officedocument.presentationml.presentation)
[2026-06-01T03:48:32.846Z][RAG-REBUILD] 파싱 미지원 첨부 형식, 메타데이터만 본문에 포함 예정: ai_safety_platform_strategy_1.1.pptx (application/vnd.openxmlformats-officedocument.presentationml.presentation)
[2026-06-01T03:48:32.847Z][RAG-REBUILD] 학습 대상: 게시글 405건, 댓글 568건, 첨부 653건
[2026-06-01T03:48:33.268Z][RAG-REBUILD] 게시글 배치 학습 1/41: 10건
/home/freegear/EasyDocStation/server/rag_train.py:112: DeprecationWarning: `langchain-community` is being sunset and is no longer actively maintained. See https://github.com/langchain-ai/langchain-community/issues/674 for details and migration guidance toward standalone integration packages.
  from langchain_community.document_loaders import Docx2txtLoader
[RAG] 테이블 생성 완료 (dim=1024)
[RAG] post=c29aec5a-2d32-4671-8f14-94af4b717f21 text → 1청크
[RAG] Word 학습 시작: 업무협력 및 해외판매 계약서_1.2.docx
[RAG] Word 학습 완료: 업무협력 및 해외판매 계약서_1.2.docx (5청크)
[RAG] Word 학습 시작: 위임장_동우화인켐_1.3.docx
[RAG] Word 학습 완료: 위임장_동우화인켐_1.3.docx (2청크)
[RAG] 학습 진행률: 10% (게시글 Word)
[RAG] Word 학습 시작: 위임장_동우화인켐_1.2.docx
[RAG] Word 학습 완료: 위임장_동우화인켐_1.2.docx (2청크)
[RAG] post=6b1455a2-0a28-4b5b-82b1-cfac5e768b6a text → 1청크
[RAG] 학습 진행률: 20% (게시글 본문)
[RAG] Word 학습 시작: 업무협력 및 해외판매 계약서.docx
[RAG] Word 학습 완료: 업무협력 및 해외판매 계약서.docx (6청크)
[RAG] post=d407acd9-0803-41f0-83e6-c8e002a66c7a text → 1청크
[RAG] 학습 진행률: 30% (게시글 본문)
[RAG] Word 학습 시작: 위임장_DongWoo_1.2.docx
[RAG] Word 학습 완료: 위임장_DongWoo_1.2.docx (2청크)
[RAG] post=f7e94527-e499-4188-88a8-8d7907872b94 text → 3청크
[RAG] 학습 진행률: 40% (게시글 본문)
[RAG] post=92ab1e0b-56e8-4997-a403-c081271e778c text → 1청크
[RAG] PDF 학습 시작: GTLD leaflet.pdf
[RAG] PDF 파싱 시작 (Unstructured fast): GTLD leaflet.pdf
[RAG] PDF 파싱 완료 (Unstructured fast): GTLD leaflet.pdf / elements=528 / 1.8s
[RAG] PDF 학습 완료: GTLD leaflet.pdf (22청크)
[RAG] 분리 저장 완료: /home/freegear/EasyDocStation/Database/ObjectFile/FileTrainingData/92ab1e0b-56e8-4997-a403-c081271e778c/no_comment/7db94e5b-1ff4-4a0b-9a40-601bd94fc316/GTLD_leaflet.pdf
[RAG] 학습 진행률: 50% (게시글 PDF)
[RAG] PDF 학습 시작: GTLD.pdf
[RAG] PDF 파싱 시작 (Unstructured fast): GTLD.pdf
[RAG] PDF 파싱 완료 (Unstructured fast): GTLD.pdf / elements=189 / 0.5s
[RAG] PDF 학습 완료: GTLD.pdf (11청크)
[RAG] 분리 저장 완료: /home/freegear/EasyDocStation/Database/ObjectFile/FileTrainingData/92ab1e0b-56e8-4997-a403-c081271e778c/no_comment/bb314fb3-8b43-4098-b65d-508a33b338ed/GTLD.pdf
[RAG] PDF 학습 시작: 2026 DFLUX CATALOGUE_V1.pdf
[RAG] PDF 파싱 시작 (Unstructured fast): 2026 DFLUX CATALOGUE_V1.pdf
[RAG] PDF 학습 완료: 2026 DFLUX CATALOGUE_V1.pdf (61청크)
[RAG] 분리 저장 완료: /home/freegear/EasyDocStation/Database/ObjectFile/FileTrainingData/92ab1e0b-56e8-4997-a403-c081271e778c/no_comment/e2e5d161-785b-4784-8fd8-342a8e247cf5/2026_DFLUX_CATALOGUE_V1.pdf
[RAG] PDF 학습 시작: 2026 DFLUX CATALOGUE_V2_JP Version.pdf
[RAG] PDF 파싱 시작 (Unstructured fast): 2026 DFLUX CATALOGUE_V2_JP Version.pdf
Cannot set non-stroke color because expected 4 components but got [1]
Cannot set non-stroke color because expected 4 components but got [1]
Cannot set non-stroke color because expected 4 components but got [1]
Cannot set non-stroke color because expected 4 components but got [1]
Cannot set non-stroke color because expected 4 components but got [1]
[RAG] PDF 학습 완료: 2026 DFLUX CATALOGUE_V2_JP Version.pdf (29청크)
[RAG] 분리 저장 완료: /home/freegear/EasyDocStation/Database/ObjectFile/FileTrainingData/92ab1e0b-56e8-4997-a403-c081271e778c/no_comment/8b893328-d3f4-40d3-95e3-970431877161/2026_DFLUX_CATALOGUE_V2_JP_Version.pdf
[RAG] 학습 진행률: 60% (게시글 PDF)
[RAG] PDF 학습 시작: 2026 DFLUX CATALOGUE_V2.pdf
[RAG] PDF 파싱 시작 (Unstructured fast): 2026 DFLUX CATALOGUE_V2.pdf
Cannot set non-stroke color because expected 4 components but got [1]
Cannot set non-stroke color because expected 4 components but got [1]
Cannot set non-stroke color because expected 4 components but got [1]
Cannot set non-stroke color because expected 4 components but got [1]
Cannot set non-stroke color because expected 4 components but got [1]
[RAG] PDF 학습 완료: 2026 DFLUX CATALOGUE_V2.pdf (27청크)
[RAG] 분리 저장 완료: /home/freegear/EasyDocStation/Database/ObjectFile/FileTrainingData/92ab1e0b-56e8-4997-a403-c081271e778c/no_comment/c923b889-8348-4834-855b-e9c577fb6e57/2026_DFLUX_CATALOGUE_V2.pdf
[RAG] PDF 학습 시작: 2026 DFLUX CATALOGUE_V3.pdf
[RAG] PDF 파싱 시작 (Unstructured fast): 2026 DFLUX CATALOGUE_V3.pdf
Cannot set non-stroke color because expected 3 components but got [1]
Cannot set non-stroke color because expected 3 components but got [1]
Cannot set non-stroke color because expected 3 components but got [1]
Cannot set non-stroke color because expected 3 components but got [1]
Cannot set non-stroke color because expected 3 components but got [1]
[RAG] PDF 파싱 완료 (Unstructured fast): 2026 DFLUX CATALOGUE_V3.pdf / elements=430 / 0.9s
[RAG] PDF 학습 완료: 2026 DFLUX CATALOGUE_V3.pdf (37청크)
[RAG] 분리 저장 완료: /home/freegear/EasyDocStation/Database/ObjectFile/FileTrainingData/92ab1e0b-56e8-4997-a403-c081271e778c/no_comment/4052cf28-773d-4b34-9477-af7af86cc5d1/2026_DFLUX_CATALOGUE_V3.pdf
[RAG] 학습 진행률: 70% (게시글 PDF)
[RAG] post=8f1507f7-fb8f-42bc-a121-deb4b4352d28 text → 1청크
[RAG] post=39380665-9606-40cd-8466-93a657d7dd57 text → 1청크
[RAG] 학습 진행률: 80% (게시글 본문)
[RAG] post=756dc9b5-18cd-4384-b9b5-f83e51e654ce text → 1청크
[RAG] post=404a196e-ccfc-4f4c-84f7-ba3cbd5de038 text → 1청크
[RAG] 학습 진행률: 90% (게시글 본문)
[RAG] post=6763087d-f1d6-4092-a47d-ae5cf20d1046 text → 1청크
[RAG] 저장 완료 — 216청크 / 10개 게시글 / 0개 댓글
[RAG] 학습 진행률: 100% (저장)
[2026-06-01T03:48:52.911Z][RAG-REBUILD] 게시글 배치 학습 2/41: 10건
/home/freegear/EasyDocStation/server/rag_train.py:112: DeprecationWarning: `langchain-community` is being sunset and is no longer actively maintained. See https://github.com/langchain-ai/langchain-community/issues/674 for details and migration guidance toward standalone integration packages.
  from langchain_community.document_loaders import Docx2txtLoader
[RAG] 테이블 생성 경합 감지, 기존 테이블 사용: Table 'my_rag_table' already exists
[RAG] post=843f34ac-eada-46de-a1bd-9be823f9d6a9 text → 1청크
[RAG] post=7d22e279-9742-4ced-89d4-f3c2755f917d text → 1청크
[RAG] 학습 진행률: 10% (게시글 본문)
[RAG] post=1207ef61-ae8f-49f3-991e-9ab2b60f5b7f text → 1청크
[RAG] 학습 진행률: 20% (게시글 본문)
[RAG] post=eaeb3e2d-d4cd-4d3f-8f8b-043f1261a625 text → 1청크
[RAG] post=500d2109-feab-46fe-9a0b-e180be093fd1 text → 1청크
[RAG] 학습 진행률: 30% (게시글 본문)
[RAG] post=e096671a-da0a-4907-a5a4-0dbf5209c696 text → 1청크
[RAG] 학습 진행률: 40% (게시글 본문)
[RAG] post=f6a32f35-6618-474e-a95e-af1ae4b7a1ab text → 1청크
[RAG] post=230819f2-bdd8-4a83-a9db-234b7397e5a8 text → 1청크
[RAG] 학습 진행률: 50% (게시글 본문)
[RAG] PDF 학습 시작: IR_포지티브섬_외부공유용_V202601pdf.pdf
[RAG] PDF 파싱 시작 (Unstructured fast): IR_포지티브섬_외부공유용_V202601pdf.pdf
[RAG] PDF 파싱 완료 (Unstructured fast): IR_포지티브섬_외부공유용_V202601pdf.pdf / elements=416 / 2.0s
[RAG] PDF 학습 완료: IR_포지티브섬_외부공유용_V202601pdf.pdf (23청크)
[RAG] 분리 저장 완료: /home/freegear/EasyDocStation/Database/ObjectFile/FileTrainingData/230819f2-bdd8-4a83-a9db-234b7397e5a8/no_comment/1a9e3432-782a-4886-a1b2-dcac6a599384/IR_포지티브섬_외부공유용_V202601pdf.pdf
[RAG] 학습 진행률: 60% (게시글 PDF)
[RAG] post=3d239121-50a7-4247-8853-f02216c75261 text → 1청크
[RAG] PDF 학습 시작: DFlux_회사(제품)소개서.pdf
[RAG] PDF 파싱 시작 (Unstructured fast): DFlux_회사(제품)소개서.pdf
Cannot set non-stroke color because expected 3 components but got [1]
Cannot set non-stroke color because expected 3 components but got [1]
Cannot set non-stroke color because expected 3 components but got [1]
Cannot set non-stroke color because expected 3 components but got [1]
Cannot set non-stroke color because expected 3 components but got [1]
[RAG] PDF 파싱 완료 (Unstructured fast): DFlux_회사(제품)소개서.pdf / elements=430 / 0.8s
[RAG] PDF 학습 완료: DFlux_회사(제품)소개서.pdf (37청크)
[RAG] 분리 저장 완료: /home/freegear/EasyDocStation/Database/ObjectFile/FileTrainingData/3d239121-50a7-4247-8853-f02216c75261/no_comment/c8958b8f-2898-4e01-bd27-3e0ab709defc/DFlux_회사_제품_소개서.pdf
[RAG] 학습 진행률: 70% (게시글 PDF)
[RAG] post=e6541993-1842-483d-b1e8-974525a562db text → 1청크
[RAG] 학습 진행률: 80% (게시글 본문)
[RAG] PDF 학습 시작: 2026 DFlux Company Introduction (1).pdf
[RAG] PDF 파싱 시작 (Unstructured fast): 2026 DFlux Company Introduction (1).pdf
[RAG] PDF 파싱 완료 (Unstructured fast): 2026 DFlux Company Introduction (1).pdf / elements=4 / 0.6s
[RAG] PDF 학습 완료: 2026 DFlux Company Introduction (1).pdf (3청크)
[RAG] 분리 저장 완료: /home/freegear/EasyDocStation/Database/ObjectFile/FileTrainingData/e6541993-1842-483d-b1e8-974525a562db/no_comment/2eaad6a4-a4fb-4649-a7fe-8659f3a10d7e/2026_DFlux_Company_Introduction_1_.pdf
[RAG] PDF 학습 시작: 2026 DFLUX DIGITAL SIGNAGE CATALOGUE (1).pdf
[RAG] PDF 파싱 시작 (Unstructured fast): 2026 DFLUX DIGITAL SIGNAGE CATALOGUE (1).pdf
Cannot set non-stroke color because expected 4 components but got [1]
Cannot set non-stroke color because expected 4 components but got [1]
Cannot set non-stroke color because expected 4 components but got [1]
Cannot set non-stroke color because expected 4 components but got [1]
Cannot set non-stroke color because expected 4 components but got [1]
[RAG] PDF 학습 완료: 2026 DFLUX DIGITAL SIGNAGE CATALOGUE (1).pdf (27청크)
[RAG] 분리 저장 완료: /home/freegear/EasyDocStation/Database/ObjectFile/FileTrainingData/e6541993-1842-483d-b1e8-974525a562db/no_comment/c788e747-0908-4914-bad3-0646c2817bd5/2026_DFLUX_DIGITAL_SIGNAGE_CATALOGUE_1_.pdf
[RAG] 학습 진행률: 90% (게시글 PDF)
[RAG] 저장 완료 — 100청크 / 10개 게시글 / 0개 댓글
[RAG] 학습 진행률: 100% (저장)
[2026-06-01T03:49:06.042Z][RAG-REBUILD] 게시글 배치 학습 3/41: 10건
/home/freegear/EasyDocStation/server/rag_train.py:112: DeprecationWarning: `langchain-community` is being sunset and is no longer actively maintained. See https://github.com/langchain-ai/langchain-community/issues/674 for details and migration guidance toward standalone integration packages.
  from langchain_community.document_loaders import Docx2txtLoader
[RAG] 테이블 생성 경합 감지, 기존 테이블 사용: Table 'my_rag_table' already exists
[RAG] post=f953d222-7234-454b-a68c-e068adb567b2 text → 1청크
[RAG] post=9f8bc680-219a-4812-bb69-9c2b1ef5cffa text → 1청크
[RAG] 학습 진행률: 10% (게시글 본문)
[RAG] Word 학습 시작: 업무협력 및 해외판매 계약서_1.3.docx
[RAG] Word 학습 완료: 업무협력 및 해외판매 계약서_1.3.docx (5청크)
[RAG] post=fabf571f-1722-48ab-ae57-9f2977355d86 text → 1청크
[RAG] 학습 진행률: 20% (게시글 본문)
[RAG] Word 학습 시작: 업무협력 및 해외판매 계약서_1.2.docx
[RAG] Word 학습 완료: 업무협력 및 해외판매 계약서_1.2.docx (6청크)
[RAG] post=5ff27408-c605-45b2-a3a5-110cf7b5f695 text → 1청크
[RAG] 학습 진행률: 30% (게시글 본문)
[RAG] Word 학습 시작: 업무협력 및 해외판매 계약서_1.1.docx
[RAG] Word 학습 완료: 업무협력 및 해외판매 계약서_1.1.docx (5청크)
[RAG] 학습 진행률: 40% (게시글 Word)
[RAG] post=c5c7ce90-1e3f-475d-96fc-d2af6a036900 text → 1청크
[RAG] 이미지 학습 시작: ficon.png
[RAG] Gemma 이미지 설명 완료 (page=1, 27.1s): 1635자
[RAG] 이미지 학습 완료: ficon.png (3청크)
[RAG] 학습 진행률: 50% (게시글 이미지)
[RAG] 이미지 학습 시작: logo.png
[2026-06-01T03:49:37.591Z][RAG-REBUILD] 텔레그램 전송 오류: chat_id=66918210 fetch failed
[RAG] Gemma 이미지 설명 완료 (page=1, 23.5s): 1318자
[RAG] 이미지 학습 완료: logo.png (2청크)
[RAG] post=2ed49eeb-e83a-4cc3-bd56-d0f0cf53944a text → 1청크
[RAG] 학습 진행률: 60% (게시글 본문)
[RAG] post=cb4742d5-b3d8-4842-a725-48dd5c4efcca text → 1청크
[RAG] 학습 진행률: 70% (게시글 본문)
[RAG] post=23df8d24-22e5-45e9-89ec-4528cb27cdb7 text → 1청크
[RAG] post=64159887-159d-4959-9ec1-a7ea7a769635 text → 1청크
[RAG] 학습 진행률: 80% (게시글 본문)
[RAG] PDF 학습 시작: 고연봉 급여소득자 절세 포트폴리오 결과2.pdf
[RAG] PDF 파싱 시작 (Unstructured fast): 고연봉 급여소득자 절세 포트폴리오 결과2.pdf
Could not get FontBBox from font descriptor because None cannot be parsed as 4 floats
Could not get FontBBox from font descriptor because None cannot be parsed as 4 floats
Could not get FontBBox from font descriptor because None cannot be parsed as 4 floats
Could not get FontBBox from font descriptor because None cannot be parsed as 4 floats
Could not get FontBBox from font descriptor because None cannot be parsed as 4 floats
Could not get FontBBox from font descriptor because None cannot be parsed as 4 floats
Could not get FontBBox from font descriptor because None cannot be parsed as 4 floats
Could not get FontBBox from font descriptor because None cannot be parsed as 4 floats
Could not get FontBBox from font descriptor because None cannot be parsed as 4 floats
Could not get FontBBox from font descriptor because None cannot be parsed as 4 floats
Could not get FontBBox from font descriptor because None cannot be parsed as 4 floats
Could not get FontBBox from font descriptor because None cannot be parsed as 4 floats
Could not get FontBBox from font descriptor because None cannot be parsed as 4 floats
Could not get FontBBox from font descriptor because None cannot be parsed as 4 floats
Could not get FontBBox from font descriptor because None cannot be parsed as 4 floats
Could not get FontBBox from font descriptor because None cannot be parsed as 4 floats
Could not get FontBBox from font descriptor because None cannot be parsed as 4 floats
Could not get FontBBox from font descriptor because None cannot be parsed as 4 floats
Could not get FontBBox from font descriptor because None cannot be parsed as 4 floats
Could not get FontBBox from font descriptor because None cannot be parsed as 4 floats
Could not get FontBBox from font descriptor because None cannot be parsed as 4 floats
Could not get FontBBox from font descriptor because None cannot be parsed as 4 floats
Could not get FontBBox from font descriptor because None cannot be parsed as 4 floats
Could not get FontBBox from font descriptor because None cannot be parsed as 4 floats
Could not get FontBBox from font descriptor because None cannot be parsed as 4 floats
Could not get FontBBox from font descriptor because None cannot be parsed as 4 floats
Could not get FontBBox from font descriptor because None cannot be parsed as 4 floats
Could not get FontBBox from font descriptor because None cannot be parsed as 4 floats
Could not get FontBBox from font descriptor because None cannot be parsed as 4 floats
Could not get FontBBox from font descriptor because None cannot be parsed as 4 floats
Could not get FontBBox from font descriptor because None cannot be parsed as 4 floats
Could not get FontBBox from font descriptor because None cannot be parsed as 4 floats
Could not get FontBBox from font descriptor because None cannot be parsed as 4 floats
Could not get FontBBox from font descriptor because None cannot be parsed as 4 floats
Could not get FontBBox from font descriptor because None cannot be parsed as 4 floats
Could not get FontBBox from font descriptor because None cannot be parsed as 4 floats
Could not get FontBBox from font descriptor because None cannot be parsed as 4 floats
Could not get FontBBox from font descriptor because None cannot be parsed as 4 floats
Could not get FontBBox from font descriptor because None cannot be parsed as 4 floats
Could not get FontBBox from font descriptor because None cannot be parsed as 4 floats
Could not get FontBBox from font descriptor because None cannot be parsed as 4 floats
Could not get FontBBox from font descriptor because None cannot be parsed as 4 floats
Could not get FontBBox from font descriptor because None cannot be parsed as 4 floats
Could not get FontBBox from font descriptor because None cannot be parsed as 4 floats
Could not get FontBBox from font descriptor because None cannot be parsed as 4 floats
Could not get FontBBox from font descriptor because None cannot be parsed as 4 floats
Could not get FontBBox from font descriptor because None cannot be parsed as 4 floats
Could not get FontBBox from font descriptor because None cannot be parsed as 4 floats
Could not get FontBBox from font descriptor because None cannot be parsed as 4 floats
Could not get FontBBox from font descriptor because None cannot be parsed as 4 floats
Could not get FontBBox from font descriptor because None cannot be parsed as 4 floats
Could not get FontBBox from font descriptor because None cannot be parsed as 4 floats
Could not get FontBBox from font descriptor because None cannot be parsed as 4 floats
Could not get FontBBox from font descriptor because None cannot be parsed as 4 floats
Could not get FontBBox from font descriptor because None cannot be parsed as 4 floats
Could not get FontBBox from font descriptor because None cannot be parsed as 4 floats
Could not get FontBBox from font descriptor because None cannot be parsed as 4 floats
Could not get FontBBox from font descriptor because None cannot be parsed as 4 floats
Could not get FontBBox from font descriptor because None cannot be parsed as 4 floats
Could not get FontBBox from font descriptor because None cannot be parsed as 4 floats
Could not get FontBBox from font descriptor because None cannot be parsed as 4 floats
Could not get FontBBox from font descriptor because None cannot be parsed as 4 floats
Could not get FontBBox from font descriptor because None cannot be parsed as 4 floats
Could not get FontBBox from font descriptor because None cannot be parsed as 4 floats
Could not get FontBBox from font descriptor because None cannot be parsed as 4 floats
Could not get FontBBox from font descriptor because None cannot be parsed as 4 floats
Could not get FontBBox from font descriptor because None cannot be parsed as 4 floats
Could not get FontBBox from font descriptor because None cannot be parsed as 4 floats
Could not get FontBBox from font descriptor because None cannot be parsed as 4 floats
Could not get FontBBox from font descriptor because None cannot be parsed as 4 floats
Could not get FontBBox from font descriptor because None cannot be parsed as 4 floats
Could not get FontBBox from font descriptor because None cannot be parsed as 4 floats
Could not get FontBBox from font descriptor because None cannot be parsed as 4 floats
Could not get FontBBox from font descriptor because None cannot be parsed as 4 floats
Could not get FontBBox from font descriptor because None cannot be parsed as 4 floats
Could not get FontBBox from font descriptor because None cannot be parsed as 4 floats
Could not get FontBBox from font descriptor because None cannot be parsed as 4 floats
Could not get FontBBox from font descriptor because None cannot be parsed as 4 floats
Could not get FontBBox from font descriptor because None cannot be parsed as 4 floats
Could not get FontBBox from font descriptor because None cannot be parsed as 4 floats
Could not get FontBBox from font descriptor because None cannot be parsed as 4 floats
Could not get FontBBox from font descriptor because None cannot be parsed as 4 floats
Could not get FontBBox from font descriptor because None cannot be parsed as 4 floats
Could not get FontBBox from font descriptor because None cannot be parsed as 4 floats
Could not get FontBBox from font descriptor because None cannot be parsed as 4 floats
Could not get FontBBox from font descriptor because None cannot be parsed as 4 floats
Could not get FontBBox from font descriptor because None cannot be parsed as 4 floats
Could not get FontBBox from font descriptor because None cannot be parsed as 4 floats
Could not get FontBBox from font descriptor because None cannot be parsed as 4 floats
Could not get FontBBox from font descriptor because None cannot be parsed as 4 floats
Could not get FontBBox from font descriptor because None cannot be parsed as 4 floats
Could not get FontBBox from font descriptor because None cannot be parsed as 4 floats
Could not get FontBBox from font descriptor because None cannot be parsed as 4 floats
Could not get FontBBox from font descriptor because None cannot be parsed as 4 floats
[RAG] PDF 파싱 완료 (Unstructured fast): 고연봉 급여소득자 절세 포트폴리오 결과2.pdf / elements=228 / 0.8s
[RAG] PDF 학습 완료: 고연봉 급여소득자 절세 포트폴리오 결과2.pdf (5청크)
[RAG] 분리 저장 완료: /home/freegear/EasyDocStation/Database/ObjectFile/FileTrainingData/64159887-159d-4959-9ec1-a7ea7a769635/no_comment/0a06fd7f-51bf-488e-b9b0-c538bd42ffaf/고연봉_급여소득자_절세_포트폴리오_결과2.pdf
[RAG] post=8fbdb933-6ee8-4227-b170-b013e4456574 text → 1청크
[RAG] 학습 진행률: 90% (게시글 본문)
[RAG] 저장 완료 — 36청크 / 10개 게시글 / 0개 댓글
[RAG] 학습 진행률: 100% (저장)
[2026-06-01T03:50:03.944Z][RAG-REBUILD] 게시글 배치 학습 4/41: 10건
/home/freegear/EasyDocStation/server/rag_train.py:112: DeprecationWarning: `langchain-community` is being sunset and is no longer actively maintained. See https://github.com/langchain-ai/langchain-community/issues/674 for details and migration guidance toward standalone integration packages.
  from langchain_community.document_loaders import Docx2txtLoader
[RAG] 테이블 생성 경합 감지, 기존 테이블 사용: Table 'my_rag_table' already exists
[RAG] post=0c7e3d82-b4e0-4141-8bb5-f3a3fa2875d7 text → 1청크
[RAG] 이미지 학습 시작: 1.png
[RAG] Gemma 이미지 설명 완료 (page=1, 28.5s): 1625자
[RAG] 이미지 학습 완료: 1.png (3청크)
[RAG] 이미지 학습 시작: 2.png
[RAG] Gemma 이미지 설명 완료 (page=1, 24.7s): 1585자
[RAG] 이미지 학습 완료: 2.png (3청크)
[RAG] 이미지 학습 시작: 3.png
[RAG] Gemma 이미지 설명 완료 (page=1, 30.1s): 1999자
[RAG] 이미지 학습 완료: 3.png (4청크)
[RAG] 학습 진행률: 10% (게시글 이미지)
[RAG] 이미지 학습 시작: 4.png
[RAG] Gemma 이미지 설명 완료 (page=1, 32.0s): 1945자
[RAG] 이미지 학습 완료: 4.png (3청크)
[RAG] 이미지 학습 시작: 5.png
[RAG] Gemma 이미지 설명 완료 (page=1, 32.4s): 1842자
[RAG] 이미지 학습 완료: 5.png (4청크)
[RAG] 이미지 학습 시작: 6.png
[RAG] Gemma 이미지 설명 완료 (page=1, 30.6s): 1800자
[RAG] 이미지 학습 완료: 6.png (3청크)
[RAG] 학습 진행률: 20% (게시글 이미지)
[RAG] post=2649a0ed-6c3b-478b-a9c0-55c1ec44804c text → 1청크
[RAG] post=57451ca7-e77d-4bda-a2d2-728da4ecd361 text → 1청크
[RAG] 이미지 학습 시작: KakaoTalk_Photo_2026-05-25-18-46-32 001.jpeg
[RAG] Gemma 이미지 설명 완료 (page=1, 35.0s): 2314자
[RAG] 이미지 학습 완료: KakaoTalk_Photo_2026-05-25-18-46-32 001.jpeg (4청크)
[RAG] 이미지 학습 시작: KakaoTalk_Photo_2026-05-25-18-46-32 002.jpeg
[RAG] Gemma 이미지 설명 완료 (page=1, 29.9s): 2028자
[RAG] 이미지 학습 완료: KakaoTalk_Photo_2026-05-25-18-46-32 002.jpeg (4청크)
[RAG] 학습 진행률: 30% (게시글 이미지)
[RAG] 이미지 학습 시작: KakaoTalk_Photo_2026-05-25-18-46-32 003.jpeg
[RAG] Gemma 이미지 설명 완료 (page=1, 37.5s): 2301자
[RAG] 이미지 학습 완료: KakaoTalk_Photo_2026-05-25-18-46-32 003.jpeg (5청크)
[RAG] 이미지 학습 시작: KakaoTalk_Photo_2026-05-25-18-47-03 001.jpeg
[RAG] Gemma 이미지 설명 완료 (page=1, 34.9s): 2314자
[RAG] 이미지 학습 완료: KakaoTalk_Photo_2026-05-25-18-47-03 001.jpeg (4청크)
[RAG] 이미지 학습 시작: KakaoTalk_Photo_2026-05-25-18-47-03 002.jpeg
[RAG] Gemma 이미지 설명 완료 (page=1, 29.9s): 2028자
[RAG] 이미지 학습 완료: KakaoTalk_Photo_2026-05-25-18-47-03 002.jpeg (4청크)
[RAG] 학습 진행률: 40% (게시글 이미지)
[RAG] 이미지 학습 시작: KakaoTalk_Photo_2026-05-25-18-47-03 003.jpeg
[RAG] Gemma 이미지 설명 완료 (page=1, 37.5s): 2301자
[RAG] 이미지 학습 완료: KakaoTalk_Photo_2026-05-25-18-47-03 003.jpeg (5청크)
[RAG] 이미지 학습 시작: KakaoTalk_Photo_2026-05-25-18-47-03 004.jpeg
[RAG] Gemma 이미지 설명 완료 (page=1, 34.2s): 2069자
[RAG] 이미지 학습 완료: KakaoTalk_Photo_2026-05-25-18-47-03 004.jpeg (3청크)
[RAG] 이미지 학습 시작: KakaoTalk_Photo_2026-05-25-18-47-03 005.jpeg
[RAG] Gemma 이미지 설명 완료 (page=1, 34.0s): 2094자
[RAG] 이미지 학습 완료: KakaoTalk_Photo_2026-05-25-18-47-03 005.jpeg (4청크)
[RAG] 학습 진행률: 50% (게시글 이미지)
[RAG] 이미지 학습 시작: KakaoTalk_Photo_2026-05-25-18-47-04 006.jpeg
[RAG] Gemma 이미지 설명 완료 (page=1, 32.5s): 2029자
[RAG] 이미지 학습 완료: KakaoTalk_Photo_2026-05-25-18-47-04 006.jpeg (3청크)
[RAG] 이미지 학습 시작: KakaoTalk_Photo_2026-05-25-18-47-04 007.jpeg
[RAG] Gemma 이미지 설명 완료 (page=1, 31.1s): 2287자
[RAG] 이미지 학습 완료: KakaoTalk_Photo_2026-05-25-18-47-04 007.jpeg (4청크)
[RAG] post=eaf06197-e4a7-4970-b898-d10cee95427d text → 1청크
[RAG] PDF 학습 시작: hyundai_ansim_proposal_1.31.pdf
[RAG] PDF 파싱 시작 (Unstructured fast): hyundai_ansim_proposal_1.31.pdf
[RAG] PDF 파싱 완료 (Unstructured fast): hyundai_ansim_proposal_1.31.pdf / elements=154 / 0.7s
[RAG] PDF 학습 완료: hyundai_ansim_proposal_1.31.pdf (13청크)
[RAG] 분리 저장 완료: /home/freegear/EasyDocStation/Database/ObjectFile/FileTrainingData/eaf06197-e4a7-4970-b898-d10cee95427d/no_comment/6e666636-6bf7-4beb-8218-de954b706330/hyundai_ansim_proposal_1.31.pdf
[RAG] 학습 진행률: 60% (게시글 PDF)
[RAG] PDF 학습 시작: 2026.05-현대건설 과제 계약 사항.pdf
[RAG] PDF 파싱 시작 (Unstructured fast): 2026.05-현대건설 과제 계약 사항.pdf
Ignoring wrong pointing object 9 0 (offset 0)
Ignoring wrong pointing object 81 0 (offset 0)
Ignoring wrong pointing object 82 0 (offset 0)
[RAG] PDF 파싱 완료 (Unstructured fast): 2026.05-현대건설 과제 계약 사항.pdf / elements=37 / 0.2s
[RAG] PDF 학습 완료: 2026.05-현대건설 과제 계약 사항.pdf (11청크)
[RAG] 분리 저장 완료: /home/freegear/EasyDocStation/Database/ObjectFile/FileTrainingData/eaf06197-e4a7-4970-b898-d10cee95427d/no_comment/34428702-206b-45ac-aad8-db0f484c1f29/2026.05-현대건설_과제_계약_사항.pdf
[RAG] PDF 학습 시작: 2026.05-현대건설 과제 계약 사항s.pdf
[RAG] PDF 파싱 시작 (Unstructured fast): 2026.05-현대건설 과제 계약 사항s.pdf
[RAG] PDF 파싱 완료 (Unstructured fast): 2026.05-현대건설 과제 계약 사항s.pdf / elements=37 / 0.1s
[RAG] PDF 학습 완료: 2026.05-현대건설 과제 계약 사항s.pdf (11청크)
[RAG] 분리 저장 완료: /home/freegear/EasyDocStation/Database/ObjectFile/FileTrainingData/eaf06197-e4a7-4970-b898-d10cee95427d/no_comment/47f4d1f7-286c-4fbd-8b03-169d5e7de734/2026.05-현대건설_과제_계약_사항s.pdf
[RAG] PDF 학습 시작: hyundai_ansim_proposal_1.3.pdf
[RAG] PDF 파싱 시작 (Unstructured fast): hyundai_ansim_proposal_1.3.pdf
[RAG] PDF 파싱 완료 (Unstructured fast): hyundai_ansim_proposal_1.3.pdf / elements=154 / 0.2s
[RAG] PDF 학습 완료: hyundai_ansim_proposal_1.3.pdf (13청크)
[RAG] 분리 저장 완료: /home/freegear/EasyDocStation/Database/ObjectFile/FileTrainingData/eaf06197-e4a7-4970-b898-d10cee95427d/no_comment/e9a30a3d-69cd-45ff-ab49-1979497d9e85/hyundai_ansim_proposal_1.3.pdf
[RAG] 학습 진행률: 70% (게시글 PDF)
[RAG] PDF 학습 시작: hyundai_ansim_proposal_1.31.pdf
[RAG] PDF 파싱 시작 (Unstructured fast): hyundai_ansim_proposal_1.31.pdf
[RAG] PDF 파싱 완료 (Unstructured fast): hyundai_ansim_proposal_1.31.pdf / elements=154 / 0.2s
[RAG] PDF 학습 완료: hyundai_ansim_proposal_1.31.pdf (13청크)
[RAG] 분리 저장 완료: /home/freegear/EasyDocStation/Database/ObjectFile/FileTrainingData/eaf06197-e4a7-4970-b898-d10cee95427d/no_comment/e54ab242-05ab-4422-80d2-4a74de5a48fb/hyundai_ansim_proposal_1.31.pdf
[RAG] PDF 학습 시작: hyundai_ansim_proposal_20260128014809.pdf
[RAG] PDF 파싱 시작 (Unstructured fast): hyundai_ansim_proposal_20260128014809.pdf
[RAG] PDF 파싱 완료 (Unstructured fast): hyundai_ansim_proposal_20260128014809.pdf / elements=161 / 0.3s
[RAG] PDF 학습 완료: hyundai_ansim_proposal_20260128014809.pdf (12청크)
[RAG] 분리 저장 완료: /home/freegear/EasyDocStation/Database/ObjectFile/FileTrainingData/eaf06197-e4a7-4970-b898-d10cee95427d/no_comment/78f1fc1c-28bc-4fd9-84b0-3eea0922e95d/hyundai_ansim_proposal_20260128014809.pdf
[RAG] post=7a04592a-33c0-431b-b3e3-1728c2ef14e6 text → 1청크
[RAG] 이미지 학습 시작: 본문-현대건설 원격현장관리플랫폼 대시보드.jpg
[RAG] Gemma 이미지 설명 완료 (page=1, 49.5s): 3032자
[RAG] 이미지 학습 완료: 본문-현대건설 원격현장관리플랫폼 대시보드.jpg (5청크)
[RAG] 학습 진행률: 80% (게시글 이미지)
[RAG] post=975c6ce2-1a84-4a57-be55-1d8aeb31be71 text → 1청크
[RAG] post=8eb80461-8b65-49ff-bbcc-d1164df7ecae text → 1청크
[RAG] post=709abbda-ee39-4dd0-8729-33e7d697d308 text → 27청크
[RAG] 학습 진행률: 90% (게시글 본문)
[RAG] post=66a9b569-6ac9-47bb-b250-94dfef240534 text → 1청크
[RAG] post=bdde1b3b-7959-4ef9-821b-e7600d1b6521 text → 45청크
[RAG] 저장 완료 — 218청크 / 10개 게시글 / 0개 댓글
[RAG] 학습 진행률: 100% (저장)
[2026-06-01T03:59:40.727Z][RAG-REBUILD] 게시글 배치 학습 5/41: 10건
/home/freegear/EasyDocStation/server/rag_train.py:112: DeprecationWarning: `langchain-community` is being sunset and is no longer actively maintained. See https://github.com/langchain-ai/langchain-community/issues/674 for details and migration guidance toward standalone integration packages.
  from langchain_community.document_loaders import Docx2txtLoader
[RAG] 테이블 생성 경합 감지, 기존 테이블 사용: Table 'my_rag_table' already exists
[RAG] post=46a9e654-ae2a-495b-8240-ce4d82157593 text → 1청크
[RAG] 이미지 학습 시작: Gemini_Generated_Image_b0du1pb0du1pb0du (1).png
[RAG] Gemma 이미지 설명 완료 (page=1, 35.7s): 2257자
[RAG] 이미지 학습 완료: Gemini_Generated_Image_b0du1pb0du1pb0du (1).png (4청크)
[RAG] 학습 진행률: 10% (게시글 이미지)
[RAG] post=756bf068-7173-40b8-913a-72e7b756fe2e text → 1청크
[RAG] 학습 진행률: 20% (게시글 본문)
[RAG] post=da645980-755b-4ba4-8dd8-df3bc4acf8e8 text → 1청크
[RAG] 학습 진행률: 30% (게시글 본문)
[RAG] PDF 학습 시작: HD_마곡현장_설치계획_V0.2_0428.pdf
[RAG] PDF 파싱 시작 (Unstructured fast): HD_마곡현장_설치계획_V0.2_0428.pdf
[RAG] PDF 파싱 완료 (Unstructured fast): HD_마곡현장_설치계획_V0.2_0428.pdf / elements=230 / 0.8s
[RAG] PDF 학습 완료: HD_마곡현장_설치계획_V0.2_0428.pdf (8청크)
[RAG] 분리 저장 완료: /home/freegear/EasyDocStation/Database/ObjectFile/FileTrainingData/da645980-755b-4ba4-8dd8-df3bc4acf8e8/no_comment/2e00ea71-4d51-4dfb-b6ff-c532d0d9f3a6/HD_마곡현장_설치계획_V0.2_0428.pdf
[RAG] post=6e0c84b2-abb8-4f3b-b9a6-6f7901208cab text → 1청크
[RAG] 학습 진행률: 40% (게시글 본문)
[RAG] post=4928b736-76fd-4c2f-982e-a220507bf19f text → 1청크
[RAG] 학습 진행률: 50% (게시글 본문)
[RAG] post=57ceab3e-3533-4ad2-ad28-c0681a9c36c0 text → 1청크
[RAG] 학습 진행률: 60% (게시글 본문)
[RAG] post=8795c93f-6a9b-4715-b478-dec075a2827c text → 1청크
[RAG] post=907f0433-e9dd-4262-a7d8-136628fae708 text → 1청크
[RAG] 학습 진행률: 70% (게시글 본문)
[RAG] post=b9a23313-1cf2-44b8-815d-7bf57be06b8e text → 1청크
[RAG] 학습 진행률: 80% (게시글 본문)
[RAG] post=93fe529e-ffe9-407b-b36c-50805e08952c text → 1청크
[RAG] 학습 진행률: 90% (게시글 본문)
[RAG] 저장 완료 — 22청크 / 10개 게시글 / 0개 댓글
[RAG] 학습 진행률: 100% (저장)
[2026-06-01T04:00:24.050Z][RAG-REBUILD] 게시글 배치 학습 6/41: 10건
/home/freegear/EasyDocStation/server/rag_train.py:112: DeprecationWarning: `langchain-community` is being sunset and is no longer actively maintained. See https://github.com/langchain-ai/langchain-community/issues/674 for details and migration guidance toward standalone integration packages.
  from langchain_community.document_loaders import Docx2txtLoader
[RAG] 테이블 생성 경합 감지, 기존 테이블 사용: Table 'my_rag_table' already exists
[RAG] post=7a333c43-00a8-4e0d-abcb-dceb15df948d text → 1청크
[RAG] PDF 학습 시작: 260511_業務委託契約書 SC＝GOIZ_1.1 - 서명됨.pdf
[RAG] PDF 파싱 시작 (Unstructured fast): 260511_業務委託契約書 SC＝GOIZ_1.1 - 서명됨.pdf
[RAG] PDF 파싱 완료 (Unstructured fast): 260511_業務委託契約書 SC＝GOIZ_1.1 - 서명됨.pdf / elements=150 / 0.8s
[RAG] PDF 학습 완료: 260511_業務委託契約書 SC＝GOIZ_1.1 - 서명됨.pdf (12청크)
[RAG] 분리 저장 완료: /home/freegear/EasyDocStation/Database/ObjectFile/FileTrainingData/7a333c43-00a8-4e0d-abcb-dceb15df948d/no_comment/c7acfc9a-1f39-4c23-a5d6-fc668580c649/260511_業務委託契約書_SC_GOIZ_1.1_-_서명됨.pdf
[RAG] post=209393e8-21db-405c-9b8d-e431e6f74034 text → 1청크
[RAG] 학습 진행률: 10% (게시글 본문)
[RAG] Word 학습 시작: 260511_業務委託契約書 SC＝GOIZ_일부 수정_1.1 (1).docx
[RAG] Word 학습 완료: 260511_業務委託契約書 SC＝GOIZ_일부 수정_1.1 (1).docx (4청크)
[RAG] post=32684c1f-9ff2-4237-b54b-98cbf747d48d text → 2청크
[RAG] 학습 진행률: 20% (게시글 본문)
[RAG] post=47c8b5c5-5f59-42b8-b551-07950fdb5795 text → 3청크
[RAG] post=7e379083-e598-4248-9dc8-54e1bd7cb589 text → 2청크
[RAG] 학습 진행률: 30% (게시글 본문)
[RAG] post=286b9ae9-73c5-45d1-b02b-33e6e658515b text → 1청크
[RAG] post=d9010e8f-095d-4e5b-9481-5d60612637a6 text → 1청크
[RAG] 학습 진행률: 40% (게시글 본문)
[RAG] PDF 학습 시작: 삼표시멘트공장현장.pdf
[RAG] PDF 파싱 시작 (Unstructured fast): 삼표시멘트공장현장.pdf
[RAG] PDF 파싱 완료 (Unstructured fast): 삼표시멘트공장현장.pdf / elements=21 / 0.1s
[RAG] PDF 학습 완료: 삼표시멘트공장현장.pdf (2청크)
[RAG] 분리 저장 완료: /home/freegear/EasyDocStation/Database/ObjectFile/FileTrainingData/d9010e8f-095d-4e5b-9481-5d60612637a6/no_comment/bad6d3f9-eaca-47e7-be3d-4adc06567108/삼표시멘트공장현장.pdf
[RAG] post=c437a355-8c5f-4b71-8a6f-3921ec74f7e8 text → 1청크
[RAG] 학습 진행률: 50% (게시글 본문)
[RAG] Word 학습 시작: LPR정보_API_V0_2026_02_05_16_12 (1).docx
[RAG] Word 학습 완료: LPR정보_API_V0_2026_02_05_16_12 (1).docx (1청크)
[RAG] 이미지 학습 시작: 스크린샷 2026-05-10 오후 9.56.08.png
[RAG] Gemma 이미지 설명 완료 (page=1, 36.2s): 2336자
[RAG] 이미지 학습 완료: 스크린샷 2026-05-10 오후 9.56.08.png (4청크)
[RAG] 학습 진행률: 60% (게시글 이미지)
[RAG] 이미지 학습 시작: 스크린샷 2026-05-10 오후 11.11.16.png
[2026-06-01T04:01:06.474Z][RAG-REBUILD] 텔레그램 전송 오류: chat_id=66918210 fetch failed
[2026-06-01T04:01:06.474Z][RAG-REBUILD] 텔레그램 전송 오류: chat_id=66918210 fetch failed
[RAG] Gemma 이미지 설명 완료 (page=1, 31.1s): 1780자
[RAG] 이미지 학습 완료: 스크린샷 2026-05-10 오후 11.11.16.png (3청크)
[RAG] 이미지 학습 시작: 17-18-38_20mu4485.jpg
[RAG] Gemma 이미지 설명 완료 (page=1, 26.2s): 1684자
[RAG] 이미지 학습 완료: 17-18-38_20mu4485.jpg (3청크)
[RAG] 학습 진행률: 70% (게시글 이미지)
[RAG] 이미지 학습 시작: 20-07-32_14ro8788.jpg
[RAG] Gemma 이미지 설명 완료 (page=1, 26.5s): 1605자
[RAG] 이미지 학습 완료: 20-07-32_14ro8788.jpg (3청크)
[RAG] post=c4f64717-f63b-4c81-b70b-ab5f875929ce text → 1청크
[RAG] 학습 진행률: 80% (게시글 본문)
[RAG] post=a6e98e01-3f5c-4b6f-9568-5a690dddcd5a text → 1청크
[RAG] Word 학습 시작: 250721_ODROID_LPR_Manual_v0.1_2.docx
[RAG] Word 학습 완료: 250721_ODROID_LPR_Manual_v0.1_2.docx (5청크)
[RAG] 학습 진행률: 90% (게시글 Word)
[RAG] TXT 학습 시작: key_정보.txt
[RAG] TXT 학습 완료: key_정보.txt (1청크)
[RAG] 저장 완료 — 52청크 / 10개 게시글 / 0개 댓글
[RAG] 학습 진행률: 100% (저장)
[2026-06-01T04:02:32.018Z][RAG-REBUILD] 게시글 배치 학습 7/41: 10건
/home/freegear/EasyDocStation/server/rag_train.py:112: DeprecationWarning: `langchain-community` is being sunset and is no longer actively maintained. See https://github.com/langchain-ai/langchain-community/issues/674 for details and migration guidance toward standalone integration packages.
  from langchain_community.document_loaders import Docx2txtLoader
[RAG] 테이블 생성 경합 감지, 기존 테이블 사용: Table 'my_rag_table' already exists
[RAG] post=12224ec7-2a91-4467-93d1-c4cad1b4453f text → 1청크
[RAG] post=9f7e86c1-7533-41f4-9815-aae374431c08 text → 1청크
[RAG] 학습 진행률: 10% (게시글 본문)
[RAG] post=22866f29-5743-4859-860b-b873996f0b32 text → 1청크
[RAG] 학습 진행률: 20% (게시글 본문)
[RAG] post=69b12f9f-b182-41ed-a410-5ba03ac4cbec text → 1청크
[RAG] post=51251e5f-bdc1-4d03-9434-32f29cefe210 text → 1청크
[RAG] 학습 진행률: 30% (게시글 본문)
[RAG] post=993cbca7-4286-4f49-8fd5-6d5d9ebc3706 text → 1청크
[RAG] 학습 진행률: 40% (게시글 본문)
[RAG] post=9b31946f-c310-43dc-a383-68df4d1e054f text → 1청크
[RAG] 이미지 학습 시작: Scan2026-05-27_071622.png
[RAG] Gemma 이미지 설명 완료 (page=1, 37.3s): 1937자
[RAG] 이미지 학습 완료: Scan2026-05-27_071622.png (3청크)
[RAG] 학습 진행률: 50% (게시글 이미지)
[RAG] post=1ae9d261-4205-4ca4-8827-95085210dded text → 1청크
[RAG] 학습 진행률: 60% (게시글 본문)
[RAG] PDF 학습 시작: 채무 상환 확약서.pdf
[RAG] PDF 파싱 시작 (Unstructured fast): 채무 상환 확약서.pdf
[RAG] PDF 파싱 완료 (Unstructured fast): 채무 상환 확약서.pdf / elements=14 / 0.5s
[RAG] PDF 학습 완료: 채무 상환 확약서.pdf (2청크)
[RAG] 분리 저장 완료: /home/freegear/EasyDocStation/Database/ObjectFile/FileTrainingData/1ae9d261-4205-4ca4-8827-95085210dded/no_comment/b0f81aa1-540d-4a2d-a879-c4d9223b6044/채무_상환_확약서.pdf
[RAG] Word 학습 시작: 채무 상환 확약서.docx
[RAG] Word 학습 완료: 채무 상환 확약서.docx (1청크)
[RAG] 학습 진행률: 70% (게시글 Word)
[RAG] post=ab0ee348-8569-4a6b-b71b-f955f2c0b6e1 text → 1청크
[RAG] 학습 진행률: 80% (게시글 본문)
[RAG] PDF 학습 시작: Scan2026-05-27_071622.png.pdf
[RAG] PDF 파싱 시작 (Unstructured fast): Scan2026-05-27_071622.png.pdf
[RAG] Tesseract OCR fallback 시작: lang=kor+eng, pages=1
[RAG] Tesseract OCR 진행: 1/1
[RAG] Tesseract OCR fallback 완료: 추출 페이지 1/1
[RAG] PDF 학습 완료: Scan2026-05-27_071622.png.pdf (2청크)
[RAG] 분리 저장 완료: /home/freegear/EasyDocStation/Database/ObjectFile/FileTrainingData/ab0ee348-8569-4a6b-b71b-f955f2c0b6e1/no_comment/c162e1dc-34f8-4561-800f-626fcf09f843/Scan2026-05-27_071622.png.pdf
[RAG] post=06cc55eb-575c-4432-956b-990e20110fcc text → 1청크
[RAG] 학습 진행률: 90% (게시글 본문)
[RAG] 저장 완료 — 18청크 / 10개 게시글 / 0개 댓글
[RAG] 학습 진행률: 100% (저장)
[2026-06-01T04:03:17.601Z][RAG-REBUILD] 게시글 배치 학습 8/41: 10건
/home/freegear/EasyDocStation/server/rag_train.py:112: DeprecationWarning: `langchain-community` is being sunset and is no longer actively maintained. See https://github.com/langchain-ai/langchain-community/issues/674 for details and migration guidance toward standalone integration packages.
  from langchain_community.document_loaders import Docx2txtLoader
[RAG] 테이블 생성 경합 감지, 기존 테이블 사용: Table 'my_rag_table' already exists
[RAG] post=bb7edd84-0d70-4079-8fda-8f86f6ae5d85 text → 1청크
[RAG] PDF 학습 시작: SC_중소기업확인서(~20270331).pdf
[RAG] PDF 파싱 시작 (Unstructured fast): SC_중소기업확인서(~20270331).pdf
[RAG] Tesseract OCR fallback 시작: lang=kor+eng, pages=1
[RAG] Tesseract OCR 진행: 1/1
[RAG] Tesseract OCR fallback 완료: 추출 페이지 1/1
[RAG] PDF 학습 완료: SC_중소기업확인서(~20270331).pdf (2청크)
[RAG] 분리 저장 완료: /home/freegear/EasyDocStation/Database/ObjectFile/FileTrainingData/bb7edd84-0d70-4079-8fda-8f86f6ae5d85/no_comment/3e3877e4-0c45-4f03-b601-979626ea7449/SC_중소기업확인서_20270331_.pdf
[RAG] post=22f48c76-68fe-4536-9bc0-e3a29609c4e9 text → 1청크
[RAG] Word 학습 시작: 엑스브라이트_AgenticAI 기반 네트워크 관리 플랫폼개발.docx
[RAG] Word 학습 완료: 엑스브라이트_AgenticAI 기반 네트워크 관리 플랫폼개발.docx (4청크)
[RAG] Word 학습 시작: 엑스브라이트_AgenticAI 기반 네트워크 관리 플랫폼개발.docx
[RAG] Word 학습 완료: 엑스브라이트_AgenticAI 기반 네트워크 관리 플랫폼개발.docx (5청크)
[RAG] 학습 진행률: 10% (게시글 Word)
[RAG] Word 학습 시작: AgenticAI 기반의 지능형 네트워크 관리 플랫폼 개발{검토}.docx
[RAG] Word 학습 완료: AgenticAI 기반의 지능형 네트워크 관리 플랫폼 개발{검토}.docx (5청크)
[RAG] 이미지 학습 시작: Gemini_Generated_Image_nqztn7nqztn7nqzt.png
[RAG] Gemma 이미지 설명 완료 (page=1, 41.4s): 3391자
[RAG] 이미지 학습 완료: Gemini_Generated_Image_nqztn7nqztn7nqzt.png (6청크)
[RAG] post=e2c5975f-83e0-4fa8-8369-2920bc37fa4c text → 1청크
[RAG] Word 학습 시작: EasyAI_AgenticAI 기반 Framework 공급 및 상업적 재판매 계약서.docx
[RAG] Word 학습 완료: EasyAI_AgenticAI 기반 Framework 공급 및 상업적 재판매 계약서.docx (4청크)
[RAG] 학습 진행률: 20% (게시글 Word)
[RAG] post=9a4556ca-823a-41b1-bef2-79a246cfcc87 text → 1청크
[RAG] Word 학습 시작: 2026-05-11 이끌림케어 계약서.docx
[RAG] Word 학습 완료: 2026-05-11 이끌림케어 계약서.docx (4청크)
[RAG] post=975f5aa9-89cd-4814-aa54-844c2751c320 text → 1청크
[RAG] Word 학습 시작: 2028-03-18 CE사_용역 계약서_k5_1.0.docx
[RAG] Word 학습 완료: 2028-03-18 CE사_용역 계약서_k5_1.0.docx (11청크)
[RAG] 학습 진행률: 30% (게시글 Word)
[RAG] Word 학습 시작: 2028-03-18 CoreEdge용역 계약서_k5_1.0.docx
[RAG] Word 학습 완료: 2028-03-18 CoreEdge용역 계약서_k5_1.0.docx (11청크)
[RAG] Word 학습 시작: 2028-03-18 CoreEdge용역 계약서.docx
[RAG] Word 학습 완료: 2028-03-18 CoreEdge용역 계약서.docx (11청크)
[RAG] post=725fc57f-bc88-44de-a2b4-edf3701a0322 text → 1청크
[RAG] Word 학습 시작: 컨설팅 용역 계약서_실리콘큐브.doc
[RAG] 학습 진행률: 40% (게시글 Word)
[RAG] Word 읽기 실패 (/home/freegear/EasyDocStation/Database/ObjectFile/ch-1778490987287/a240b565-ee70-4cc4-9a95-bc92169bf96c/컨설팅 용역 계약서_실리콘큐브.doc): File is not a zip file
[RAG] post=708a9f11-71e2-45a5-90c3-962d7d83b892 text → 1청크
[RAG] 이미지 학습 시작: 스크린샷 2026-05-26 오전 10.34.44.png
[RAG] Gemma 이미지 설명 완료 (page=1, 45.7s): 2607자
[RAG] 이미지 학습 완료: 스크린샷 2026-05-26 오전 10.34.44.png (4청크)
[RAG] 이미지 학습 시작: 스크린샷 2026-05-26 오전 10.34.51.png
[RAG] Gemma 이미지 설명 완료 (page=1, 46.4s): 2888자
[RAG] 이미지 학습 완료: 스크린샷 2026-05-26 오전 10.34.51.png (5청크)
[RAG] 이미지 학습 시작: 스크린샷 2026-05-26 오전 10.42.39.png
[RAG] Gemma 이미지 설명 완료 (page=1, 44.4s): 2547자
[RAG] 이미지 학습 완료: 스크린샷 2026-05-26 오전 10.42.39.png (4청크)
[RAG] 학습 진행률: 50% (게시글 이미지)
[RAG] 이미지 학습 시작: 스크린샷 2026-05-26 오전 10.43.25.png
[RAG] Gemma 이미지 설명 완료 (page=1, 52.5s): 2794자
[RAG] 이미지 학습 완료: 스크린샷 2026-05-26 오전 10.43.25.png (5청크)
[RAG] 이미지 학습 시작: 스크린샷 2026-05-26 오전 10.45.14.png
[RAG] Gemma 이미지 설명 완료 (page=1, 42.9s): 2213자
[RAG] 이미지 학습 완료: 스크린샷 2026-05-26 오전 10.45.14.png (4청크)
[RAG] 이미지 학습 시작: 스크린샷 2026-05-26 오전 10.48.45.png
[RAG] Gemma 이미지 설명 완료 (page=1, 40.3s): 2152자
[RAG] 이미지 학습 완료: 스크린샷 2026-05-26 오전 10.48.45.png (3청크)
[RAG] 이미지 학습 시작: 스크린샷 2026-05-26 오전 10.48.56.png
[RAG] Gemma 이미지 설명 완료 (page=1, 45.7s): 2785자
[RAG] 이미지 학습 완료: 스크린샷 2026-05-26 오전 10.48.56.png (5청크)
[RAG] 이미지 학습 시작: 스크린샷 2026-05-26 오전 10.49.35.png
[RAG] Gemma 이미지 설명 완료 (page=1, 41.2s): 2281자
[RAG] 이미지 학습 완료: 스크린샷 2026-05-26 오전 10.49.35.png (4청크)
[RAG] 학습 진행률: 60% (게시글 이미지)
[RAG] 이미지 학습 시작: 스크린샷 2026-05-27 오전 2.51.15.png
[RAG] Gemma 이미지 설명 완료 (page=1, 76.5s): 3199자
[RAG] 이미지 학습 완료: 스크린샷 2026-05-27 오전 2.51.15.png (6청크)
[RAG] 이미지 학습 시작: 스크린샷 2026-05-27 오전 6.51.04.png
[RAG] Gemma 이미지 설명 완료 (page=1, 48.5s): 2812자
[RAG] 이미지 학습 완료: 스크린샷 2026-05-27 오전 6.51.04.png (5청크)
[RAG] post=146b433d-d347-4cac-9e4b-72781eead673 text → 1청크
[RAG] 이미지 학습 시작: 스크린샷 2026-05-26 오전 10.29.27.png
[RAG] Gemma 이미지 설명 완료 (page=1, 51.1s): 2561자
[RAG] 이미지 학습 완료: 스크린샷 2026-05-26 오전 10.29.27.png (5청크)
[RAG] 학습 진행률: 70% (게시글 이미지)
[RAG] 이미지 학습 시작: 스크린샷 2026-05-26 오전 10.29.33.png
[RAG] Gemma 이미지 설명 완료 (page=1, 42.6s): 2324자
[RAG] 이미지 학습 완료: 스크린샷 2026-05-26 오전 10.29.33.png (4청크)
[RAG] 이미지 학습 시작: 스크린샷 2026-05-26 오전 10.30.07.png
[RAG] Gemma 이미지 설명 완료 (page=1, 34.0s): 1855자
[RAG] 이미지 학습 완료: 스크린샷 2026-05-26 오전 10.30.07.png (4청크)
[RAG] 이미지 학습 시작: 스크린샷 2026-05-26 오전 10.30.15.png
[RAG] Gemma 이미지 설명 완료 (page=1, 33.6s): 2432자
[RAG] 이미지 학습 완료: 스크린샷 2026-05-26 오전 10.30.15.png (4청크)
[RAG] 이미지 학습 시작: 스크린샷 2026-05-26 오전 10.31.29.png
[RAG] Gemma 이미지 설명 완료 (page=1, 41.7s): 2336자
[RAG] 이미지 학습 완료: 스크린샷 2026-05-26 오전 10.31.29.png (4청크)
[RAG] 학습 진행률: 80% (게시글 이미지)
[RAG] 이미지 학습 시작: 스크린샷 2026-05-26 오전 10.31.40.png
[RAG] Gemma 이미지 설명 완료 (page=1, 57.8s): 3162자
[RAG] 이미지 학습 완료: 스크린샷 2026-05-26 오전 10.31.40.png (5청크)
[RAG] 이미지 학습 시작: 스크린샷 2026-05-26 오전 10.31.53.png
[RAG] Gemma 이미지 설명 완료 (page=1, 39.4s): 2204자
[RAG] 이미지 학습 완료: 스크린샷 2026-05-26 오전 10.31.53.png (4청크)
[RAG] 이미지 학습 시작: 스크린샷 2026-05-26 오전 10.32.02.png
[RAG] Gemma 이미지 설명 완료 (page=1, 48.2s): 2660자
[RAG] 이미지 학습 완료: 스크린샷 2026-05-26 오전 10.32.02.png (4청크)
[RAG] 이미지 학습 시작: 스크린샷 2026-05-26 오전 10.34.02.png
[RAG] Gemma 이미지 설명 완료 (page=1, 41.5s): 2365자
[RAG] 이미지 학습 완료: 스크린샷 2026-05-26 오전 10.34.02.png (4청크)
[RAG] 학습 진행률: 90% (게시글 이미지)
[RAG] 이미지 학습 시작: 스크린샷 2026-05-26 오전 10.34.16.png
[RAG] Gemma 이미지 설명 완료 (page=1, 41.8s): 2580자
[RAG] 이미지 학습 완료: 스크린샷 2026-05-26 오전 10.34.16.png (5청크)
[RAG] post=ec1ce86c-d81a-4a42-9158-22e4d2fe5efa text → 1청크
[RAG] post=403938b1-dbae-461c-8a0b-5cecd331e9d3 text → 1청크
[RAG] 저장 완료 — 161청크 / 10개 게시글 / 0개 댓글
[RAG] 학습 진행률: 100% (저장)
[2026-06-01T04:19:27.144Z][RAG-REBUILD] 게시글 배치 학습 9/41: 10건
/home/freegear/EasyDocStation/server/rag_train.py:112: DeprecationWarning: `langchain-community` is being sunset and is no longer actively maintained. See https://github.com/langchain-ai/langchain-community/issues/674 for details and migration guidance toward standalone integration packages.
  from langchain_community.document_loaders import Docx2txtLoader
[RAG] 테이블 생성 경합 감지, 기존 테이블 사용: Table 'my_rag_table' already exists
[RAG] post=c934e3ef-a22b-42ec-93be-10fe5b652f0c text → 7청크
[RAG] post=92702e15-07ef-4fd1-a0f7-93cf612681dd text → 1청크
[RAG] 이미지 학습 시작: main_titlebar_1.png
[RAG] Gemma 이미지 설명 완료 (page=1, 22.2s): 1354자
[RAG] 이미지 학습 완료: main_titlebar_1.png (2청크)
[RAG] 이미지 학습 시작: Telegram_1.png
[RAG] Gemma 이미지 설명 완료 (page=1, 36.3s): 2246자
[RAG] 이미지 학습 완료: Telegram_1.png (5청크)
[RAG] 이미지 학습 시작: Telegram_2.png
[RAG] Gemma 이미지 설명 완료 (page=1, 28.7s): 1838자
[RAG] 이미지 학습 완료: Telegram_2.png (3청크)
[RAG] 이미지 학습 시작: Telegram_3.png
[RAG] Gemma 이미지 설명 완료 (page=1, 34.0s): 2485자
[RAG] 이미지 학습 완료: Telegram_3.png (4청크)
[RAG] 이미지 학습 시작: Telegram_4.png
[RAG] Gemma 이미지 설명 완료 (page=1, 36.2s): 2574자
[RAG] 이미지 학습 완료: Telegram_4.png (5청크)
[RAG] 이미지 학습 시작: Telegram_11.png
[RAG] Gemma 이미지 설명 완료 (page=1, 24.8s): 1584자
[RAG] 이미지 학습 완료: Telegram_11.png (3청크)
[RAG] 이미지 학습 시작: Telegram_12.png
[RAG] Gemma 이미지 설명 완료 (page=1, 29.0s): 1787자
[RAG] 이미지 학습 완료: Telegram_12.png (4청크)
[RAG] 이미지 학습 시작: user_setting_1.png
[RAG] Gemma 이미지 설명 완료 (page=1, 34.5s): 2528자
[RAG] 이미지 학습 완료: user_setting_1.png (5청크)
[RAG] 이미지 학습 시작: user_setting_2.png
[RAG] Gemma 이미지 설명 완료 (page=1, 30.1s): 1930자
[RAG] 이미지 학습 완료: user_setting_2.png (4청크)
[RAG] 이미지 학습 시작: user_setting_3.png
[RAG] Gemma 이미지 설명 완료 (page=1, 22.2s): 1228자
[RAG] 이미지 학습 완료: user_setting_3.png (2청크)
[RAG] post=8989417a-5b17-4ed6-ba75-2868059c24b2 text → 1청크
[RAG] 학습 진행률: 10% (게시글 본문)
[RAG] 이미지 학습 시작: Account_1.png
[RAG] Gemma 이미지 설명 완료 (page=1, 30.9s): 1980자
[RAG] 이미지 학습 완료: Account_1.png (3청크)
[RAG] 이미지 학습 시작: Account_2.png
[RAG] Gemma 이미지 설명 완료 (page=1, 35.3s): 2487자
[RAG] 이미지 학습 완료: Account_2.png (5청크)
[RAG] post=2299e342-796f-45fb-8f5f-736716d86515 text → 1청크
[RAG] 이미지 학습 시작: 스크린샷 2026-05-25 오전 8.09.50.png
[RAG] Gemma 이미지 설명 완료 (page=1, 12.4s): 657자
[RAG] 이미지 학습 완료: 스크린샷 2026-05-25 오전 8.09.50.png (1청크)
[RAG] 이미지 학습 시작: 스크린샷 2026-05-25 오전 8.09.59.png
[RAG] Gemma 이미지 설명 완료 (page=1, 38.7s): 2232자
[RAG] 이미지 학습 완료: 스크린샷 2026-05-25 오전 8.09.59.png (4청크)
[RAG] 이미지 학습 시작: 스크린샷 2026-05-25 오전 8.10.09.png
[RAG] Gemma 이미지 설명 완료 (page=1, 31.3s): 2111자
[RAG] 이미지 학습 완료: 스크린샷 2026-05-25 오전 8.10.09.png (4청크)
[RAG] 이미지 학습 시작: 스크린샷 2026-05-25 오전 8.45.58.png
[RAG] Gemma 이미지 설명 완료 (page=1, 37.2s): 2559자
[RAG] 이미지 학습 완료: 스크린샷 2026-05-25 오전 8.45.58.png (5청크)
[RAG] 이미지 학습 시작: 스크린샷 2026-05-25 오후 5.50.16.png
[RAG] Gemma 이미지 설명 완료 (page=1, 24.9s): 1735자
[RAG] 이미지 학습 완료: 스크린샷 2026-05-25 오후 5.50.16.png (3청크)
[RAG] 이미지 학습 시작: 스크린샷 2026-05-25 오후 5.50.41.png
[RAG] Gemma 이미지 설명 완료 (page=1, 20.8s): 1424자
[RAG] 이미지 학습 완료: 스크린샷 2026-05-25 오후 5.50.41.png (3청크)
[RAG] 이미지 학습 시작: 스크린샷 2026-05-25 오후 8.03.24.png
[RAG] Gemma 이미지 설명 완료 (page=1, 27.8s): 1953자
[RAG] 이미지 학습 완료: 스크린샷 2026-05-25 오후 8.03.24.png (3청크)
[RAG] 이미지 학습 시작: 스크린샷 2026-05-25 오후 8.03.39.png
[RAG] Gemma 이미지 설명 완료 (page=1, 34.4s): 2327자
[RAG] 이미지 학습 완료: 스크린샷 2026-05-25 오후 8.03.39.png (4청크)
[RAG] 이미지 학습 시작: 스크린샷 2026-05-25 오후 8.30.02.png
[RAG] Gemma 이미지 설명 완료 (page=1, 23.7s): 1367자
[RAG] 이미지 학습 완료: 스크린샷 2026-05-25 오후 8.30.02.png (2청크)
[RAG] post=d1f25bf6-d254-47c5-a269-fbd97ce3f6e1 text → 3청크
[RAG] 학습 진행률: 20% (게시글 본문)
[RAG] post=383e24a9-5a4a-455f-8a41-39caacf7b2b8 text → 3청크
[RAG] post=c007cabc-4dcb-41b4-b3cd-ffb417967a4e text → 1청크
[RAG] 이미지 학습 시작: 스크린샷 2026-05-24 오전 9.54.52.png
[RAG] Gemma 이미지 설명 완료 (page=1, 32.8s): 1779자
[RAG] 이미지 학습 완료: 스크린샷 2026-05-24 오전 9.54.52.png (3청크)
[RAG] 이미지 학습 시작: 스크린샷 2026-05-24 오전 9.54.58.png
[RAG] Gemma 이미지 설명 완료 (page=1, 33.2s): 2096자
[RAG] 이미지 학습 완료: 스크린샷 2026-05-24 오전 9.54.58.png (4청크)
[RAG] 이미지 학습 시작: 스크린샷 2026-05-24 오후 1.01.45.png
[RAG] Gemma 이미지 설명 완료 (page=1, 40.4s): 2715자
[RAG] 이미지 학습 완료: 스크린샷 2026-05-24 오후 1.01.45.png (4청크)
[RAG] 이미지 학습 시작: 스크린샷 2026-05-24 오후 1.01.53.png
[RAG] Gemma 이미지 설명 완료 (page=1, 29.1s): 1796자
[RAG] 이미지 학습 완료: 스크린샷 2026-05-24 오후 1.01.53.png (3청크)
[RAG] 이미지 학습 시작: 스크린샷 2026-05-24 오후 2.43.46.png
[RAG] Gemma 이미지 설명 완료 (page=1, 43.4s): 2729자
[RAG] 이미지 학습 완료: 스크린샷 2026-05-24 오후 2.43.46.png (5청크)
[RAG] 이미지 학습 시작: 스크린샷 2026-05-24 오후 4.47.55.png
[RAG] Gemma 이미지 설명 완료 (page=1, 24.5s): 1508자
[RAG] 이미지 학습 완료: 스크린샷 2026-05-24 오후 4.47.55.png (3청크)
[RAG] 이미지 학습 시작: 스크린샷 2026-05-24 오후 6.53.27.png
[RAG] Gemma 이미지 설명 완료 (page=1, 35.2s): 2241자
[RAG] 이미지 학습 완료: 스크린샷 2026-05-24 오후 6.53.27.png (4청크)
[RAG] 이미지 학습 시작: AI_Recommendation_25.png
[RAG] Gemma 이미지 설명 완료 (page=1, 42.7s): 2697자
[RAG] 이미지 학습 완료: AI_Recommendation_25.png (5청크)
[RAG] 이미지 학습 시작: AI_Recommendation_26.png
[RAG] Gemma 이미지 설명 완료 (page=1, 44.3s): 2672자
[RAG] 이미지 학습 완료: AI_Recommendation_26.png (5청크)
[RAG] 이미지 학습 시작: AI_Recommendation_27.png
[RAG] Gemma 이미지 설명 완료 (page=1, 53.4s): 2645자
[RAG] 이미지 학습 완료: AI_Recommendation_27.png (5청크)
[RAG] 이미지 학습 시작: AI_Recommendation_28.png
[RAG] Gemma 이미지 설명 완료 (page=1, 38.5s): 2543자
[RAG] 이미지 학습 완료: AI_Recommendation_28.png (4청크)
[RAG] 학습 진행률: 30% (게시글 이미지)
[RAG] 이미지 학습 시작: AI_Recommendation_29.png
[RAG] Gemma 이미지 설명 완료 (page=1, 23.7s): 1487자
[RAG] 이미지 학습 완료: AI_Recommendation_29.png (2청크)
[RAG] 이미지 학습 시작: AI_Recommendation_30.png
[RAG] Gemma 이미지 설명 완료 (page=1, 45.0s): 2636자
[RAG] 이미지 학습 완료: AI_Recommendation_30.png (4청크)
[RAG] 이미지 학습 시작: AI_Recommendation_31.png
[RAG] Gemma 이미지 설명 완료 (page=1, 44.5s): 2871자
[RAG] 이미지 학습 완료: AI_Recommendation_31.png (5청크)
[RAG] 이미지 학습 시작: AI_Recommendation_32.png
[RAG] Gemma 이미지 설명 완료 (page=1, 29.3s): 1845자
[RAG] 이미지 학습 완료: AI_Recommendation_32.png (3청크)
[RAG] 이미지 학습 시작: AI_Recommendation_33.png
[RAG] Gemma 이미지 설명 완료 (page=1, 34.7s): 1952자
[RAG] 이미지 학습 완료: AI_Recommendation_33.png (3청크)
[RAG] 이미지 학습 시작: AI_Recommendation_34.png
[RAG] Gemma 이미지 설명 완료 (page=1, 40.5s): 2778자
[RAG] 이미지 학습 완료: AI_Recommendation_34.png (5청크)
[RAG] 이미지 학습 시작: AI_Recommendation_35.png
[RAG] Gemma 이미지 설명 완료 (page=1, 48.3s): 2845자
[RAG] 이미지 학습 완료: AI_Recommendation_35.png (5청크)
[RAG] 이미지 학습 시작: AI_Recommendation_36.png
[RAG] Gemma 이미지 설명 완료 (page=1, 44.0s): 2720자
[RAG] 이미지 학습 완료: AI_Recommendation_36.png (5청크)
[RAG] 이미지 학습 시작: AI_Recommendation_37.png
[RAG] Gemma 이미지 설명 완료 (page=1, 22.9s): 1568자
[RAG] 이미지 학습 완료: AI_Recommendation_37.png (3청크)
[RAG] 이미지 학습 시작: AI_Recommendation_38.png
[RAG] Gemma 이미지 설명 완료 (page=1, 43.8s): 2390자
[RAG] 이미지 학습 완료: AI_Recommendation_38.png (4청크)
[RAG] 이미지 학습 시작: AI_Recommendation_39.png
[RAG] Gemma 이미지 설명 완료 (page=1, 23.0s): 1522자
[RAG] 이미지 학습 완료: AI_Recommendation_39.png (3청크)
[RAG] 이미지 학습 시작: TradeDisable_ALL.png
[RAG] Gemma 이미지 설명 완료 (page=1, 22.8s): 1385자
[RAG] 이미지 학습 완료: TradeDisable_ALL.png (2청크)
[RAG] 학습 진행률: 40% (게시글 이미지)
[RAG] 이미지 학습 시작: TradeEnable_ALL.png
[RAG] Gemma 이미지 설명 완료 (page=1, 22.2s): 1336자
[RAG] 이미지 학습 완료: TradeEnable_ALL.png (2청크)
[RAG] 이미지 학습 시작: 스크린샷 2026-05-21 오후 1.54.36.png
[RAG] Gemma 이미지 설명 완료 (page=1, 36.4s): 1761자
[RAG] 이미지 학습 완료: 스크린샷 2026-05-21 오후 1.54.36.png (3청크)
[RAG] 이미지 학습 시작: 스크린샷 2026-05-21 오후 4.36.43.png
[RAG] Gemma 이미지 설명 완료 (page=1, 38.4s): 2502자
[RAG] 이미지 학습 완료: 스크린샷 2026-05-21 오후 4.36.43.png (4청크)
[RAG] 이미지 학습 시작: 스크린샷 2026-05-21 오후 4.36.47.png
[RAG] Gemma 이미지 설명 완료 (page=1, 40.6s): 2453자
[RAG] 이미지 학습 완료: 스크린샷 2026-05-21 오후 4.36.47.png (4청크)
[RAG] 이미지 학습 시작: 스크린샷 2026-05-21 오후 5.29.57.png
[RAG] Gemma 이미지 설명 완료 (page=1, 44.1s): 2584자
[RAG] 이미지 학습 완료: 스크린샷 2026-05-21 오후 5.29.57.png (5청크)
[RAG] 이미지 학습 시작: 스크린샷 2026-05-21 오후 6.44.13.png
[RAG] Gemma 이미지 설명 완료 (page=1, 47.8s): 2205자
[RAG] 이미지 학습 완료: 스크린샷 2026-05-21 오후 6.44.13.png (3청크)
[RAG] 이미지 학습 시작: 스크린샷 2026-05-21 오후 6.44.18.png
[RAG] Gemma 이미지 설명 완료 (page=1, 45.1s): 2822자
[RAG] 이미지 학습 완료: 스크린샷 2026-05-21 오후 6.44.18.png (5청크)
[RAG] 이미지 학습 시작: 스크린샷 2026-05-21 오후 6.55.41.png
[RAG] Gemma 이미지 설명 완료 (page=1, 39.0s): 2148자
[RAG] 이미지 학습 완료: 스크린샷 2026-05-21 오후 6.55.41.png (4청크)
[RAG] 이미지 학습 시작: 스크린샷 2026-05-21 오후 8.30.50.png
[RAG] Gemma 이미지 설명 완료 (page=1, 42.9s): 2783자
[RAG] 이미지 학습 완료: 스크린샷 2026-05-21 오후 8.30.50.png (5청크)
[RAG] 이미지 학습 시작: 스크린샷 2026-05-21 오후 8.48.22.png
[RAG] Gemma 이미지 설명 완료 (page=1, 47.7s): 2797자
[RAG] 이미지 학습 완료: 스크린샷 2026-05-21 오후 8.48.22.png (5청크)
[RAG] 이미지 학습 시작: 스크린샷 2026-05-22 오후 3.37.39.png
[RAG] Gemma 이미지 설명 완료 (page=1, 38.8s): 1908자
[RAG] 이미지 학습 완료: 스크린샷 2026-05-22 오후 3.37.39.png (3청크)
[RAG] 이미지 학습 시작: 스크린샷 2026-05-23 오전 5.35.05.png
[RAG] Gemma 이미지 설명 완료 (page=1, 49.9s): 2391자
[RAG] 이미지 학습 완료: 스크린샷 2026-05-23 오전 5.35.05.png (5청크)
[RAG] 이미지 학습 시작: 스크린샷 2026-05-23 오전 9.35.45.png
[RAG] Gemma 이미지 설명 완료 (page=1, 40.2s): 2205자
[RAG] 이미지 학습 완료: 스크린샷 2026-05-23 오전 9.35.45.png (3청크)
[RAG] 학습 진행률: 50% (게시글 이미지)
[RAG] 이미지 학습 시작: 스크린샷 2026-05-23 오전 9.36.34.png
[RAG] Gemma 이미지 설명 완료 (page=1, 35.3s): 2219자
[RAG] 이미지 학습 완료: 스크린샷 2026-05-23 오전 9.36.34.png (4청크)
[RAG] 이미지 학습 시작: 스크린샷 2026-05-23 오전 9.55.02.png
[RAG] Gemma 이미지 설명 완료 (page=1, 36.0s): 2177자
[RAG] 이미지 학습 완료: 스크린샷 2026-05-23 오전 9.55.02.png (3청크)
[RAG] 이미지 학습 시작: 스크린샷 2026-05-23 오전 10.00.40.png
[RAG] Gemma 이미지 설명 완료 (page=1, 36.7s): 2355자
[RAG] 이미지 학습 완료: 스크린샷 2026-05-23 오전 10.00.40.png (4청크)
[RAG] 이미지 학습 시작: 스크린샷 2026-05-23 오전 11.18.51.png
[RAG] Gemma 이미지 설명 완료 (page=1, 34.8s): 2130자
[RAG] 이미지 학습 완료: 스크린샷 2026-05-23 오전 11.18.51.png (4청크)
[RAG] 이미지 학습 시작: 스크린샷 2026-05-23 오후 8.20.08.png
[RAG] Gemma 이미지 설명 완료 (page=1, 25.7s): 1872자
[RAG] 이미지 학습 완료: 스크린샷 2026-05-23 오후 8.20.08.png (3청크)
[RAG] 이미지 학습 시작: Account_1.png
[RAG] Gemma 이미지 설명 완료 (page=1, 30.8s): 1980자
[RAG] 이미지 학습 완료: Account_1.png (3청크)
[RAG] 이미지 학습 시작: Account_2.png
[RAG] Gemma 이미지 설명 완료 (page=1, 35.3s): 2487자
[RAG] 이미지 학습 완료: Account_2.png (5청크)
[RAG] 이미지 학습 시작: Telegram_1.png
[RAG] Gemma 이미지 설명 완료 (page=1, 36.2s): 2246자
[RAG] 이미지 학습 완료: Telegram_1.png (5청크)
[RAG] 이미지 학습 시작: Telegram_2.png
[RAG] Gemma 이미지 설명 완료 (page=1, 28.6s): 1838자
[RAG] 이미지 학습 완료: Telegram_2.png (3청크)
[RAG] 이미지 학습 시작: Telegram_3.png
[RAG] Gemma 이미지 설명 완료 (page=1, 33.9s): 2485자
[RAG] 이미지 학습 완료: Telegram_3.png (4청크)
[RAG] 이미지 학습 시작: Telegram_4.png
[RAG] Gemma 이미지 설명 완료 (page=1, 36.1s): 2574자
[RAG] 이미지 학습 완료: Telegram_4.png (5청크)
[RAG] 이미지 학습 시작: Telegram_11.png
[RAG] Gemma 이미지 설명 완료 (page=1, 24.6s): 1584자
[RAG] 이미지 학습 완료: Telegram_11.png (3청크)
[RAG] 이미지 학습 시작: Telegram_12.png
[RAG] Gemma 이미지 설명 완료 (page=1, 28.9s): 1787자
[RAG] 이미지 학습 완료: Telegram_12.png (4청크)
[RAG] 학습 진행률: 60% (게시글 이미지)
[RAG] 이미지 학습 시작: 스크린샷 2026-05-25 오전 8.10.09.png
[RAG] Gemma 이미지 설명 완료 (page=1, 31.1s): 2111자
[RAG] 이미지 학습 완료: 스크린샷 2026-05-25 오전 8.10.09.png (4청크)
[RAG] 이미지 학습 시작: 스크린샷 2026-05-25 오전 8.45.58.png
[RAG] Gemma 이미지 설명 완료 (page=1, 37.0s): 2559자
[RAG] 이미지 학습 완료: 스크린샷 2026-05-25 오전 8.45.58.png (5청크)
[RAG] 이미지 학습 시작: Account_1.png
[RAG] Gemma 이미지 설명 완료 (page=1, 30.7s): 1980자
[RAG] 이미지 학습 완료: Account_1.png (3청크)
[RAG] 이미지 학습 시작: Account_2.png
[RAG] Gemma 이미지 설명 완료 (page=1, 35.3s): 2487자
[RAG] 이미지 학습 완료: Account_2.png (5청크)
[RAG] 이미지 학습 시작: Telegram_1.png
[RAG] Gemma 이미지 설명 완료 (page=1, 36.3s): 2246자
[RAG] 이미지 학습 완료: Telegram_1.png (5청크)
[RAG] 이미지 학습 시작: Telegram_2.png
[RAG] Gemma 이미지 설명 완료 (page=1, 28.7s): 1838자
[RAG] 이미지 학습 완료: Telegram_2.png (3청크)
[RAG] 이미지 학습 시작: Telegram_3.png
[RAG] Gemma 이미지 설명 완료 (page=1, 33.9s): 2485자
[RAG] 이미지 학습 완료: Telegram_3.png (4청크)
[RAG] 이미지 학습 시작: Telegram_4.png
[RAG] Gemma 이미지 설명 완료 (page=1, 36.0s): 2574자
[RAG] 이미지 학습 완료: Telegram_4.png (5청크)
[RAG] 이미지 학습 시작: Telegram_11.png
[RAG] Gemma 이미지 설명 완료 (page=1, 24.7s): 1584자
[RAG] 이미지 학습 완료: Telegram_11.png (3청크)
[RAG] 이미지 학습 시작: Telegram_12.png
[RAG] Gemma 이미지 설명 완료 (page=1, 28.9s): 1787자
[RAG] 이미지 학습 완료: Telegram_12.png (4청크)
[RAG] post=922f663a-4586-4af2-8e1c-152512318ce9 text → 1청크
[RAG] post=daf5e316-0a41-46c6-b6e7-2866a40c0dea text → 1청크
[RAG] 학습 진행률: 70% (게시글 본문)
[RAG] post=ac7457bf-5fed-4997-a37a-abae8f73869f text → 1청크
[RAG] 이미지 학습 시작: AIRecommdation_buttone.png
[RAG] Gemma 이미지 설명 완료 (page=1, 21.3s): 1409자
[RAG] 이미지 학습 완료: AIRecommdation_buttone.png (2청크)
[RAG] 이미지 학습 시작: AIRecommendation_1.png
[RAG] Gemma 이미지 설명 완료 (page=1, 43.0s): 3006자
[RAG] 이미지 학습 완료: AIRecommendation_1.png (5청크)
[RAG] 이미지 학습 시작: TradeDisable_ALL.png
[RAG] Gemma 이미지 설명 완료 (page=1, 22.9s): 1385자
[RAG] 이미지 학습 완료: TradeDisable_ALL.png (2청크)
[RAG] 이미지 학습 시작: TradeEnable_ALL.png
[RAG] Gemma 이미지 설명 완료 (page=1, 22.1s): 1336자
[RAG] 이미지 학습 완료: TradeEnable_ALL.png (2청크)
[RAG] 이미지 학습 시작: AIRecommdation_buttone.png
[RAG] Gemma 이미지 설명 완료 (page=1, 21.3s): 1409자
[RAG] 이미지 학습 완료: AIRecommdation_buttone.png (2청크)
[RAG] 이미지 학습 시작: AIRecommendation_1.png
[RAG] Gemma 이미지 설명 완료 (page=1, 42.9s): 3006자
[RAG] 이미지 학습 완료: AIRecommendation_1.png (5청크)
[RAG] 이미지 학습 시작: AI_Recommendation_2.png
[RAG] Gemma 이미지 설명 완료 (page=1, 22.1s): 1551자
[RAG] 이미지 학습 완료: AI_Recommendation_2.png (3청크)
[RAG] 이미지 학습 시작: AI_Recommendation_3.png
[RAG] Gemma 이미지 설명 완료 (page=1, 24.0s): 1553자
[RAG] 이미지 학습 완료: AI_Recommendation_3.png (3청크)
[RAG] 이미지 학습 시작: AI_Recommendation_4.png
[RAG] Gemma 이미지 설명 완료 (page=1, 21.5s): 1257자
[RAG] 이미지 학습 완료: AI_Recommendation_4.png (2청크)
[RAG] 이미지 학습 시작: AI_Recommendation_5.png
[RAG] Gemma 이미지 설명 완료 (page=1, 22.4s): 1389자
[RAG] 이미지 학습 완료: AI_Recommendation_5.png (2청크)
[RAG] 이미지 학습 시작: AI_Recommendation_6.png
[RAG] Gemma 이미지 설명 완료 (page=1, 23.4s): 1585자
[RAG] 이미지 학습 완료: AI_Recommendation_6.png (3청크)
[RAG] 이미지 학습 시작: AI_Recommendation_7.png
[RAG] Gemma 이미지 설명 완료 (page=1, 25.0s): 1428자
[RAG] 이미지 학습 완료: AI_Recommendation_7.png (2청크)
[RAG] 학습 진행률: 80% (게시글 이미지)
[RAG] 이미지 학습 시작: AI_Recommendation_8.png
[RAG] Gemma 이미지 설명 완료 (page=1, 57.9s): 3963자
[RAG] 이미지 학습 완료: AI_Recommendation_8.png (8청크)
[RAG] 이미지 학습 시작: AI_Recommendation_9.png
[RAG] Gemma 이미지 설명 완료 (page=1, 29.6s): 2017자
[RAG] 이미지 학습 완료: AI_Recommendation_9.png (3청크)
[RAG] 이미지 학습 시작: 스크린샷 2026-05-24 오전 9.54.52.png
[RAG] Gemma 이미지 설명 완료 (page=1, 32.9s): 1779자
[RAG] 이미지 학습 완료: 스크린샷 2026-05-24 오전 9.54.52.png (3청크)
[RAG] 이미지 학습 시작: 스크린샷 2026-05-24 오전 9.54.58.png
[RAG] Gemma 이미지 설명 완료 (page=1, 33.2s): 2096자
[RAG] 이미지 학습 완료: 스크린샷 2026-05-24 오전 9.54.58.png (4청크)
[RAG] 이미지 학습 시작: AI_Recommendation_2.png
[RAG] Gemma 이미지 설명 완료 (page=1, 21.9s): 1551자
[RAG] 이미지 학습 완료: AI_Recommendation_2.png (3청크)
[RAG] 이미지 학습 시작: AI_Recommendation_3.png
[RAG] Gemma 이미지 설명 완료 (page=1, 24.0s): 1553자
[RAG] 이미지 학습 완료: AI_Recommendation_3.png (3청크)
[RAG] 이미지 학습 시작: AI_Recommendation_4.png
[RAG] Gemma 이미지 설명 완료 (page=1, 21.5s): 1257자
[RAG] 이미지 학습 완료: AI_Recommendation_4.png (2청크)
[RAG] 이미지 학습 시작: AI_Recommendation_5.png
[RAG] Gemma 이미지 설명 완료 (page=1, 22.4s): 1389자
[RAG] 이미지 학습 완료: AI_Recommendation_5.png (2청크)
[RAG] 이미지 학습 시작: AI_Recommendation_6.png
[RAG] Gemma 이미지 설명 완료 (page=1, 23.4s): 1585자
[RAG] 이미지 학습 완료: AI_Recommendation_6.png (3청크)
[RAG] 이미지 학습 시작: AI_Recommendation_8.png
[RAG] Gemma 이미지 설명 완료 (page=1, 57.6s): 3963자
[RAG] 이미지 학습 완료: AI_Recommendation_8.png (8청크)
[RAG] 이미지 학습 시작: AI_Recommendation_9.png
[RAG] Gemma 이미지 설명 완료 (page=1, 29.7s): 2017자
[RAG] 이미지 학습 완료: AI_Recommendation_9.png (3청크)
[RAG] 이미지 학습 시작: AI_Recommendation_10.png
[RAG] Gemma 이미지 설명 완료 (page=1, 24.3s): 1529자
[RAG] 이미지 학습 완료: AI_Recommendation_10.png (3청크)
[RAG] 이미지 학습 시작: AI_Recommendation_11.png
[RAG] Gemma 이미지 설명 완료 (page=1, 31.0s): 2110자
[RAG] 이미지 학습 완료: AI_Recommendation_11.png (4청크)
[RAG] 학습 진행률: 90% (게시글 이미지)
[RAG] 이미지 학습 시작: AI_Recommendation_12.png
[RAG] Gemma 이미지 설명 완료 (page=1, 31.5s): 1622자
[RAG] 이미지 학습 완료: AI_Recommendation_12.png (3청크)
[RAG] 이미지 학습 시작: AI_Recommendation_13.png
[RAG] Gemma 이미지 설명 완료 (page=1, 52.7s): 2645자
[RAG] 이미지 학습 완료: AI_Recommendation_13.png (5청크)
[RAG] 이미지 학습 시작: AI_Recommendation_15.png
[RAG] Gemma 이미지 설명 완료 (page=1, 34.0s): 2094자
[RAG] 이미지 학습 완료: AI_Recommendation_15.png (4청크)
[RAG] 이미지 학습 시작: AI_Recommendation_16.png
[RAG] Gemma 이미지 설명 완료 (page=1, 34.2s): 2161자
[RAG] 이미지 학습 완료: AI_Recommendation_16.png (5청크)
[RAG] 이미지 학습 시작: AI_Recommendation_17.png
[RAG] Gemma 이미지 설명 완료 (page=1, 29.3s): 2066자
[RAG] 이미지 학습 완료: AI_Recommendation_17.png (3청크)
[RAG] 이미지 학습 시작: AI_Recommendation_18.png
[RAG] Gemma 이미지 설명 완료 (page=1, 57.9s): 3135자
[RAG] 이미지 학습 완료: AI_Recommendation_18.png (6청크)
[RAG] 이미지 학습 시작: AI_Recommendation_20.png
[RAG] Gemma 이미지 설명 완료 (page=1, 66.3s): 3396자
[RAG] 이미지 학습 완료: AI_Recommendation_20.png (6청크)
[RAG] 이미지 학습 시작: AI_Recommendation_21.png
[RAG] Gemma 이미지 설명 완료 (page=1, 44.6s): 2732자
[RAG] 이미지 학습 완료: AI_Recommendation_21.png (4청크)
[RAG] 이미지 학습 시작: AI_Recommendation_22.png
[RAG] Gemma 이미지 설명 완료 (page=1, 34.2s): 1999자
[RAG] 이미지 학습 완료: AI_Recommendation_22.png (3청크)
[RAG] 이미지 학습 시작: AI_Recommendation_23.png
[RAG] Gemma 이미지 설명 완료 (page=1, 39.8s): 2306자
[RAG] 이미지 학습 완료: AI_Recommendation_23.png (4청크)
[RAG] 이미지 학습 시작: AI_Recommendation_24.png
[RAG] Gemma 이미지 설명 완료 (page=1, 40.5s): 2583자
[RAG] 이미지 학습 완료: AI_Recommendation_24.png (4청크)
[RAG] 저장 완료 — 454청크 / 10개 게시글 / 0개 댓글
[RAG] 학습 진행률: 100% (저장)
[2026-06-01T05:25:05.899Z][RAG-REBUILD] 게시글 배치 학습 10/41: 10건
/home/freegear/EasyDocStation/server/rag_train.py:112: DeprecationWarning: `langchain-community` is being sunset and is no longer actively maintained. See https://github.com/langchain-ai/langchain-community/issues/674 for details and migration guidance toward standalone integration packages.
  from langchain_community.document_loaders import Docx2txtLoader
[RAG] 테이블 생성 경합 감지, 기존 테이블 사용: Table 'my_rag_table' already exists
[RAG] post=ab17f7e6-a387-4b8f-bd52-4ff97ac62c2a text → 1청크
[RAG] post=853ae316-c7d6-483a-b5ec-4f5e2a8b2834 text → 4청크
[RAG] post=58a0db09-25a0-45dd-bbca-d28c4a8abbc1 text → 1청크
[RAG] 학습 진행률: 10% (게시글 본문)
[RAG] 이미지 학습 시작: 스크린샷 2026-05-21 오후 1.54.36.png
[RAG] Gemma 이미지 설명 완료 (page=1, 36.5s): 1761자
[RAG] 이미지 학습 완료: 스크린샷 2026-05-21 오후 1.54.36.png (3청크)
[RAG] 이미지 학습 시작: 스크린샷 2026-05-21 오후 4.36.43.png
[RAG] Gemma 이미지 설명 완료 (page=1, 38.5s): 2502자
[RAG] 이미지 학습 완료: 스크린샷 2026-05-21 오후 4.36.43.png (4청크)
[RAG] 이미지 학습 시작: 스크린샷 2026-05-21 오후 4.36.47.png
[RAG] Gemma 이미지 설명 완료 (page=1, 40.5s): 2453자
[RAG] 이미지 학습 완료: 스크린샷 2026-05-21 오후 4.36.47.png (4청크)
[RAG] 학습 진행률: 20% (게시글 이미지)
[RAG] 이미지 학습 시작: 스크린샷 2026-05-21 오후 5.29.57.png
[RAG] Gemma 이미지 설명 완료 (page=1, 44.0s): 2584자
[RAG] 이미지 학습 완료: 스크린샷 2026-05-21 오후 5.29.57.png (5청크)
[RAG] 이미지 학습 시작: 스크린샷 2026-05-21 오후 6.44.13.png
[RAG] Gemma 이미지 설명 완료 (page=1, 47.6s): 2205자
[RAG] 이미지 학습 완료: 스크린샷 2026-05-21 오후 6.44.13.png (3청크)
[RAG] 이미지 학습 시작: 스크린샷 2026-05-21 오후 6.44.18.png
[RAG] Gemma 이미지 설명 완료 (page=1, 44.8s): 2822자
[RAG] 이미지 학습 완료: 스크린샷 2026-05-21 오후 6.44.18.png (5청크)
[RAG] 학습 진행률: 30% (게시글 이미지)
[RAG] 이미지 학습 시작: 스크린샷 2026-05-21 오후 6.55.41.png
[RAG] Gemma 이미지 설명 완료 (page=1, 38.8s): 2148자
[RAG] 이미지 학습 완료: 스크린샷 2026-05-21 오후 6.55.41.png (4청크)
[RAG] 이미지 학습 시작: 스크린샷 2026-05-21 오후 8.30.50.png
[RAG] Gemma 이미지 설명 완료 (page=1, 42.8s): 2783자
[RAG] 이미지 학습 완료: 스크린샷 2026-05-21 오후 8.30.50.png (5청크)
[RAG] 이미지 학습 시작: 스크린샷 2026-05-21 오후 8.48.22.png
[RAG] Gemma 이미지 설명 완료 (page=1, 47.5s): 2797자
[RAG] 이미지 학습 완료: 스크린샷 2026-05-21 오후 8.48.22.png (5청크)
[RAG] 학습 진행률: 40% (게시글 이미지)
[RAG] post=c17cd64a-f40a-4b01-bb69-0a41a9f3d2f1 text → 1청크
[RAG] 이미지 학습 시작: 스크린샷 2026-05-20 오전 6.06.10.png
[RAG] Gemma 이미지 설명 완료 (page=1, 27.7s): 1804자
[RAG] 이미지 학습 완료: 스크린샷 2026-05-20 오전 6.06.10.png (3청크)
[RAG] 이미지 학습 시작: 스크린샷 2026-05-20 오전 6.32.38.png
[RAG] Gemma 이미지 설명 완료 (page=1, 36.0s): 2338자
[RAG] 이미지 학습 완료: 스크린샷 2026-05-20 오전 6.32.38.png (4청크)
[RAG] 학습 진행률: 50% (게시글 이미지)
[RAG] 이미지 학습 시작: 스크린샷 2026-05-20 오전 10.14.25.png
[RAG] Gemma 이미지 설명 완료 (page=1, 45.1s): 3080자
[RAG] 이미지 학습 완료: 스크린샷 2026-05-20 오전 10.14.25.png (5청크)
[RAG] 이미지 학습 시작: 스크린샷 2026-05-20 오전 10.58.07.png
[RAG] Gemma 이미지 설명 완료 (page=1, 50.2s): 2528자
[RAG] 이미지 학습 완료: 스크린샷 2026-05-20 오전 10.58.07.png (5청크)
[RAG] 이미지 학습 시작: 스크린샷 2026-05-20 오전 11.01.53.png
[RAG] Gemma 이미지 설명 완료 (page=1, 42.2s): 2703자
[RAG] 이미지 학습 완료: 스크린샷 2026-05-20 오전 11.01.53.png (4청크)
[RAG] 학습 진행률: 60% (게시글 이미지)
[RAG] 이미지 학습 시작: 스크린샷 2026-05-20 오전 11.12.13.png
[RAG] Gemma 이미지 설명 완료 (page=1, 52.3s): 2686자
[RAG] 이미지 학습 완료: 스크린샷 2026-05-20 오전 11.12.13.png (5청크)
[RAG] 이미지 학습 시작: 스크린샷 2026-05-20 오후 3.00.48.png
[RAG] Gemma 이미지 설명 완료 (page=1, 44.5s): 2036자
[RAG] 이미지 학습 완료: 스크린샷 2026-05-20 오후 3.00.48.png (4청크)
[RAG] 이미지 학습 시작: 스크린샷 2026-05-20 오후 3.09.41.png
[RAG] Gemma 이미지 설명 완료 (page=1, 33.4s): 1845자
[RAG] 이미지 학습 완료: 스크린샷 2026-05-20 오후 3.09.41.png (3청크)
[RAG] 학습 진행률: 70% (게시글 이미지)
[RAG] 이미지 학습 시작: 스크린샷 2026-05-20 오후 9.26.28.png
[RAG] Gemma 이미지 설명 완료 (page=1, 34.1s): 2619자
[RAG] 이미지 학습 완료: 스크린샷 2026-05-20 오후 9.26.28.png (4청크)
[RAG] 이미지 학습 시작: 스크린샷 2026-05-20 오후 10.39.31.png
[RAG] Gemma 이미지 설명 완료 (page=1, 41.2s): 2399자
[RAG] 이미지 학습 완료: 스크린샷 2026-05-20 오후 10.39.31.png (4청크)
[RAG] post=a754eae6-731f-443d-b1eb-91cd902d17a0 text → 3청크
[RAG] 학습 진행률: 80% (게시글 본문)
[RAG] post=5bffbbae-2217-4523-80bd-e4acfaabcde8 text → 5청크
[RAG] post=00d9404d-4097-4dda-86a3-81aaceff6bca text → 2청크
[RAG] post=bbc5f247-a157-4aa3-9340-77b03d92ccff text → 2청크
[RAG] 학습 진행률: 90% (게시글 본문)
[RAG] post=187ca634-5bd7-42ed-9048-7da39e0d9c45 text → 2청크
[RAG] post=b55b0f11-647b-4706-9bb9-7e80db236e3d text → 1청크
[RAG] 저장 완료 — 101청크 / 10개 게시글 / 0개 댓글
[RAG] 학습 진행률: 100% (저장)
[2026-06-01T05:38:24.616Z][RAG-REBUILD] 게시글 배치 학습 11/41: 10건
/home/freegear/EasyDocStation/server/rag_train.py:112: DeprecationWarning: `langchain-community` is being sunset and is no longer actively maintained. See https://github.com/langchain-ai/langchain-community/issues/674 for details and migration guidance toward standalone integration packages.
  from langchain_community.document_loaders import Docx2txtLoader
[RAG] 테이블 생성 경합 감지, 기존 테이블 사용: Table 'my_rag_table' already exists
[RAG] post=a29ba817-c5d9-400d-8074-2215ca2c97ca text → 5청크
[RAG] post=54e6d352-c921-4c9e-b0b0-fc202733a932 text → 2청크
[RAG] post=8d78d10f-0190-426d-9293-b9f5049d541c text → 3청크
[RAG] post=1c252438-e5e8-4b3f-9d1d-1bd6466d6473 text → 5청크
[RAG] 학습 진행률: 10% (게시글 본문)
[RAG] post=691ff92e-db8f-41f1-8b71-c64daf814e59 text → 1청크
[RAG] post=e84b3563-6230-49a4-a023-c6db91f082b0 text → 1청크
[RAG] 이미지 학습 시작: OWL.001.png
[RAG] Gemma 이미지 설명 완료 (page=1, 41.9s): 2452자
[RAG] 이미지 학습 완료: OWL.001.png (5청크)
[RAG] 학습 진행률: 20% (게시글 이미지)
[RAG] 이미지 학습 시작: OWL.002.png
[RAG] Gemma 이미지 설명 완료 (page=1, 42.9s): 2869자
[RAG] 이미지 학습 완료: OWL.002.png (5청크)
[RAG] 이미지 학습 시작: OWL.003.png
[RAG] Gemma 이미지 설명 완료 (page=1, 42.6s): 3174자
[RAG] 이미지 학습 완료: OWL.003.png (5청크)
[RAG] 이미지 학습 시작: OWL.004.png
[RAG] Gemma 이미지 설명 완료 (page=1, 31.2s): 2083자
[RAG] 이미지 학습 완료: OWL.004.png (3청크)
[RAG] 학습 진행률: 30% (게시글 이미지)
[RAG] 이미지 학습 시작: OWL.005.png
[RAG] Gemma 이미지 설명 완료 (page=1, 34.7s): 2314자
[RAG] 이미지 학습 완료: OWL.005.png (4청크)
[RAG] 이미지 학습 시작: OWL.006.png
[RAG] Gemma 이미지 설명 완료 (page=1, 42.6s): 2574자
[RAG] 이미지 학습 완료: OWL.006.png (5청크)
[RAG] post=0b14b41a-be8c-4cce-a365-2d6813b699da text → 1청크
[RAG] 학습 진행률: 40% (게시글 본문)
[RAG] 이미지 학습 시작: 스크린샷 2026-05-17 오전 1.27.27.png
[RAG] Gemma 이미지 설명 완료 (page=1, 29.2s): 2041자
[RAG] 이미지 학습 완료: 스크린샷 2026-05-17 오전 1.27.27.png (4청크)
[RAG] 이미지 학습 시작: 스크린샷 2026-05-17 오전 12.41.18.png
[RAG] Gemma 이미지 설명 완료 (page=1, 28.0s): 1685자
[RAG] 이미지 학습 완료: 스크린샷 2026-05-17 오전 12.41.18.png (3청크)
[RAG] 이미지 학습 시작: 스크린샷 2026-05-17 오후 1.15.10.png
[RAG] Gemma 이미지 설명 완료 (page=1, 36.9s): 2454자
[RAG] 이미지 학습 완료: 스크린샷 2026-05-17 오후 1.15.10.png (5청크)
[RAG] 학습 진행률: 50% (게시글 이미지)
[RAG] 이미지 학습 시작: 스크린샷 2026-05-17 오후 2.34.07.png
[RAG] Gemma 이미지 설명 완료 (page=1, 37.1s): 2340자
[RAG] 이미지 학습 완료: 스크린샷 2026-05-17 오후 2.34.07.png (4청크)
[RAG] 이미지 학습 시작: 스크린샷 2026-05-17 오후 2.34.18.png
[RAG] Gemma 이미지 설명 완료 (page=1, 55.1s): 2807자
[RAG] 이미지 학습 완료: 스크린샷 2026-05-17 오후 2.34.18.png (5청크)
[RAG] 이미지 학습 시작: 스크린샷 2026-05-17 오후 2.36.33.png
[RAG] Gemma 이미지 설명 완료 (page=1, 35.6s): 2438자
[RAG] 이미지 학습 완료: 스크린샷 2026-05-17 오후 2.36.33.png (5청크)
[RAG] 학습 진행률: 60% (게시글 이미지)
[RAG] 이미지 학습 시작: 스크린샷 2026-05-17 오후 2.51.35.png
[RAG] Gemma 이미지 설명 완료 (page=1, 43.4s): 2985자
[RAG] 이미지 학습 완료: 스크린샷 2026-05-17 오후 2.51.35.png (5청크)
[RAG] 이미지 학습 시작: 스크린샷 2026-05-17 오후 12.01.16.png
[RAG] Gemma 이미지 설명 완료 (page=1, 37.9s): 2443자
[RAG] 이미지 학습 완료: 스크린샷 2026-05-17 오후 12.01.16.png (5청크)
[RAG] post=dddbbb81-ed0b-4b83-aae2-a7f3e7064072 text → 1청크
[RAG] 학습 진행률: 70% (게시글 본문)
[RAG] 이미지 학습 시작: 001-AI 추천 종목 설정.png
[RAG] Gemma 이미지 설명 완료 (page=1, 35.6s): 2326자
[RAG] 이미지 학습 완료: 001-AI 추천 종목 설정.png (4청크)
[RAG] 이미지 학습 시작: 002-AI 추천 종목 탐색 진행.png
[RAG] Gemma 이미지 설명 완료 (page=1, 27.3s): 1778자
[RAG] 이미지 학습 완료: 002-AI 추천 종목 탐색 진행.png (3청크)
[RAG] 이미지 학습 시작: 003-AI 추천 종목 보기.png
[RAG] Gemma 이미지 설명 완료 (page=1, 50.1s): 3124자
[RAG] 이미지 학습 완료: 003-AI 추천 종목 보기.png (5청크)
[RAG] 학습 진행률: 80% (게시글 이미지)
[RAG] 이미지 학습 시작: 004-AI 추천주 수익률 테스트.png
[RAG] Gemma 이미지 설명 완료 (page=1, 35.7s): 2190자
[RAG] 이미지 학습 완료: 004-AI 추천주 수익률 테스트.png (4청크)
[RAG] post=cb430a95-8e00-4c92-8201-9ef13c784411 text → 1청크
[RAG] 이미지 학습 시작: 2026.05.08.png
[RAG] Gemma 이미지 설명 완료 (page=1, 40.6s): 2724자
[RAG] 이미지 학습 완료: 2026.05.08.png (5청크)
[RAG] 학습 진행률: 90% (게시글 이미지)
[RAG] post=1d41e8e4-c76b-453a-a731-d9002eaed70d text → 1청크
[RAG] 이미지 학습 시작: 2026.04.30.png
[RAG] Gemma 이미지 설명 완료 (page=1, 38.4s): 2625자
[RAG] 이미지 학습 완료: 2026.04.30.png (5청크)
[RAG] 저장 완료 — 110청크 / 10개 게시글 / 0개 댓글
[RAG] 학습 진행률: 100% (저장)
[2026-06-01T05:51:20.499Z][RAG-REBUILD] 게시글 배치 학습 12/41: 10건
/home/freegear/EasyDocStation/server/rag_train.py:112: DeprecationWarning: `langchain-community` is being sunset and is no longer actively maintained. See https://github.com/langchain-ai/langchain-community/issues/674 for details and migration guidance toward standalone integration packages.
  from langchain_community.document_loaders import Docx2txtLoader
[RAG] 테이블 생성 경합 감지, 기존 테이블 사용: Table 'my_rag_table' already exists
[RAG] post=1acb1418-c9f6-4f8a-9e4a-0450dba19068 text → 1청크
[RAG] 이미지 학습 시작: 2026.04.29-2.png
[RAG] Gemma 이미지 설명 완료 (page=1, 38.1s): 2657자
[RAG] 이미지 학습 완료: 2026.04.29-2.png (5청크)
[RAG] 이미지 학습 시작: 2026.04.29-3.png
[RAG] Gemma 이미지 설명 완료 (page=1, 44.2s): 2608자
[RAG] 이미지 학습 완료: 2026.04.29-3.png (5청크)
[RAG] 학습 진행률: 10% (게시글 이미지)
[RAG] 이미지 학습 시작: 2026.04.29-4.png
[RAG] Gemma 이미지 설명 완료 (page=1, 39.2s): 2462자
[RAG] 이미지 학습 완료: 2026.04.29-4.png (5청크)
[RAG] 이미지 학습 시작: 2026.04.29.png
[RAG] Gemma 이미지 설명 완료 (page=1, 39.7s): 2748자
[RAG] 이미지 학습 완료: 2026.04.29.png (5청크)
[RAG] post=45ab6fc2-cf7f-4dbd-82fd-4d06361baeab text → 1청크
[RAG] 학습 진행률: 20% (게시글 본문)
[RAG] 이미지 학습 시작: 2026.04.20.png
[RAG] Gemma 이미지 설명 완료 (page=1, 41.2s): 2665자
[RAG] 이미지 학습 완료: 2026.04.20.png (5청크)
[RAG] post=01b66706-01dd-476e-84f9-84771058b8c2 text → 1청크
[RAG] 학습 진행률: 30% (게시글 본문)
[RAG] 이미지 학습 시작: 2026.04.09-2.png
[RAG] Gemma 이미지 설명 완료 (page=1, 38.9s): 2726자
[RAG] 이미지 학습 완료: 2026.04.09-2.png (5청크)
[RAG] 이미지 학습 시작: 2026.04.09-3.png
[RAG] Gemma 이미지 설명 완료 (page=1, 43.8s): 2648자
[RAG] 이미지 학습 완료: 2026.04.09-3.png (4청크)
[RAG] 이미지 학습 시작: 2026.04.09-4.png
[RAG] Gemma 이미지 설명 완료 (page=1, 35.2s): 2275자
[RAG] 이미지 학습 완료: 2026.04.09-4.png (3청크)
[RAG] 학습 진행률: 40% (게시글 이미지)
[RAG] 이미지 학습 시작: 2026.04.09.png
[RAG] Gemma 이미지 설명 완료 (page=1, 51.4s): 3250자
[RAG] 이미지 학습 완료: 2026.04.09.png (6청크)
[RAG] post=3bd93d98-35ef-48f0-9354-a1e124953163 text → 1청크
[RAG] 학습 진행률: 50% (게시글 본문)
[RAG] 이미지 학습 시작: 2026.04.06.png
[RAG] Gemma 이미지 설명 완료 (page=1, 37.1s): 2179자
[RAG] 이미지 학습 완료: 2026.04.06.png (3청크)
[RAG] post=3e8b7ce1-d562-488d-a9cd-79bd42b4a721 text → 2청크
[RAG] post=d5669303-0951-4dbb-8f31-6559d0c072c5 text → 1청크
[RAG] 학습 진행률: 60% (게시글 본문)
[RAG] TXT 학습 시작: recommend_profit_test_20260401.csv
[RAG] TXT 학습 완료: recommend_profit_test_20260401.csv (6청크)
[RAG] TXT 학습 시작: recommend_profit_test_20260401 (1).csv
[RAG] TXT 학습 완료: recommend_profit_test_20260401 (1).csv (6청크)
[RAG] TXT 학습 시작: recommend_profit_test_20260401 (2).csv
[RAG] TXT 학습 완료: recommend_profit_test_20260401 (2).csv (6청크)
[RAG] 학습 진행률: 70% (게시글 TXT)
[RAG] post=1f2193ea-2e64-45ae-a989-2727fede946c text → 4청크
[RAG] post=03187a3e-0347-42c7-aa4e-ccaef92b45b4 text → 1청크
[RAG] 학습 진행률: 80% (게시글 본문)
[RAG] post=a79fc2dd-b37a-45b1-8dfc-8710bd4d73eb text → 1청크
[RAG] 이미지 학습 시작: 스크린샷 2026-05-17 오전 2.57.06.png
[RAG] Gemma 이미지 설명 완료 (page=1, 46.3s): 3296자
[RAG] 이미지 학습 완료: 스크린샷 2026-05-17 오전 2.57.06.png (5청크)
[RAG] post=dbe6c88c-72ba-4475-a7c1-a74acfafd4b8 text → 1청크
[RAG] 학습 진행률: 90% (게시글 본문)
[RAG] 이미지 학습 시작: 스크린샷 2026-05-17 오전 2.49.28.png
[RAG] Gemma 이미지 설명 완료 (page=1, 38.7s): 2491자
[RAG] 이미지 학습 완료: 스크린샷 2026-05-17 오전 2.49.28.png (4청크)
[RAG] 저장 완료 — 87청크 / 10개 게시글 / 0개 댓글
[RAG] 학습 진행률: 100% (저장)
[2026-06-01T05:59:42.145Z][RAG-REBUILD] 게시글 배치 학습 13/41: 10건
/home/freegear/EasyDocStation/server/rag_train.py:112: DeprecationWarning: `langchain-community` is being sunset and is no longer actively maintained. See https://github.com/langchain-ai/langchain-community/issues/674 for details and migration guidance toward standalone integration packages.
  from langchain_community.document_loaders import Docx2txtLoader
[RAG] 테이블 생성 경합 감지, 기존 테이블 사용: Table 'my_rag_table' already exists
[RAG] post=bd023327-399e-4ede-b16d-18edc78c92d3 text → 1청크
[RAG] post=ea8edebe-4097-4b8e-8291-0814b52c7bbc text → 4청크
[RAG] post=cc5e46d0-2e5e-4c91-a89d-39f770a0fab4 text → 1청크
[RAG] 학습 진행률: 10% (게시글 본문)
[RAG] 이미지 학습 시작: 스크린샷 2026-05-16 오전 4.40.26.png
[RAG] Gemma 이미지 설명 완료 (page=1, 28.8s): 2076자
[RAG] 이미지 학습 완료: 스크린샷 2026-05-16 오전 4.40.26.png (4청크)
[RAG] 이미지 학습 시작: 스크린샷 2026-05-16 오전 4.40.29.png
[RAG] Gemma 이미지 설명 완료 (page=1, 28.2s): 1788자
[RAG] 이미지 학습 완료: 스크린샷 2026-05-16 오전 4.40.29.png (3청크)
[RAG] 학습 진행률: 20% (게시글 이미지)
[RAG] 이미지 학습 시작: 스크린샷 2026-05-16 오전 6.12.01.png
[RAG] Gemma 이미지 설명 완료 (page=1, 27.5s): 1543자
[RAG] 이미지 학습 완료: 스크린샷 2026-05-16 오전 6.12.01.png (3청크)
[RAG] 이미지 학습 시작: 스크린샷 2026-05-16 오전 6.30.07.png
[RAG] Gemma 이미지 설명 완료 (page=1, 37.0s): 2524자
[RAG] 이미지 학습 완료: 스크린샷 2026-05-16 오전 6.30.07.png (4청크)
[RAG] 이미지 학습 시작: 스크린샷 2026-05-16 오후 4.48.30.png
[RAG] Gemma 이미지 설명 완료 (page=1, 24.5s): 1270자
[RAG] 이미지 학습 완료: 스크린샷 2026-05-16 오후 4.48.30.png (2청크)
[RAG] 학습 진행률: 30% (게시글 이미지)
[RAG] 이미지 학습 시작: 스크린샷 2026-05-16 오후 4.51.59.png
[RAG] Gemma 이미지 설명 완료 (page=1, 42.9s): 2898자
[RAG] 이미지 학습 완료: 스크린샷 2026-05-16 오후 4.51.59.png (5청크)
[RAG] post=8ccdd152-6ed8-4beb-9aa4-c94aae2a932d text → 2청크
[RAG] 학습 진행률: 40% (게시글 본문)
[RAG] post=746d65be-febe-4701-af75-0fe2a7b74c3f text → 2청크
[RAG] post=3584f7ca-e294-466c-be45-e8178f1ecad0 text → 1청크
[RAG] 학습 진행률: 50% (게시글 본문)
[RAG] post=affab6b9-3f76-4079-8a1d-318648844ac1 text → 4청크
[RAG] post=5ce316ef-0ac9-4f68-92b6-82922282e1d4 text → 1청크
[RAG] 이미지 학습 시작: OWL_logo.png
[RAG] Gemma 이미지 설명 완료 (page=1, 29.0s): 1939자
[RAG] 이미지 학습 완료: OWL_logo.png (3청크)
[RAG] 학습 진행률: 60% (게시글 이미지)
[RAG] 이미지 학습 시작: ChatGPT Image 2026년 5월 14일 오전 12_05_36.png
[RAG] Gemma 이미지 설명 완료 (page=1, 28.1s): 2072자
[RAG] 이미지 학습 완료: ChatGPT Image 2026년 5월 14일 오전 12_05_36.png (3청크)
[RAG] 이미지 학습 시작: ChatGPT Image 2026년 5월 14일 오전 12_06_59.png
[RAG] Gemma 이미지 설명 완료 (page=1, 30.6s): 2253자
[RAG] 이미지 학습 완료: ChatGPT Image 2026년 5월 14일 오전 12_06_59.png (4청크)
[RAG] 학습 진행률: 70% (게시글 이미지)
[RAG] 이미지 학습 시작: ChatGPT Image 2026년 5월 14일 오전 12_08_05.png
[RAG] Gemma 이미지 설명 완료 (page=1, 26.2s): 1862자
[RAG] 이미지 학습 완료: ChatGPT Image 2026년 5월 14일 오전 12_08_05.png (3청크)
[RAG] 이미지 학습 시작: 37485c32-a366-45d1-af4a-05c845ab4545.png
[RAG] Gemma 이미지 설명 완료 (page=1, 34.0s): 2585자
[RAG] 이미지 학습 완료: 37485c32-a366-45d1-af4a-05c845ab4545.png (4청크)
[RAG] 이미지 학습 시작: ChatGPT Image 2026년 5월 14일 오전 12_11_27.png
[RAG] Gemma 이미지 설명 완료 (page=1, 28.0s): 1901자
[RAG] 이미지 학습 완료: ChatGPT Image 2026년 5월 14일 오전 12_11_27.png (3청크)
[RAG] 학습 진행률: 80% (게시글 이미지)
[RAG] post=90726559-ac25-43bf-bae7-883d1af56a30 text → 2청크
[RAG] post=072a9492-e700-4faa-bdf8-e0929b6fd997 text → 1청크
[RAG] 학습 진행률: 90% (게시글 본문)
[RAG] 이미지 학습 시작: OWL_logo.png
[RAG] Gemma 이미지 설명 완료 (page=1, 28.9s): 1939자
[RAG] 이미지 학습 완료: OWL_logo.png (3청크)
[RAG] 저장 완료 — 63청크 / 10개 게시글 / 0개 댓글
[RAG] 학습 진행률: 100% (저장)
[2026-06-01T06:06:22.900Z][RAG-REBUILD] 게시글 배치 학습 14/41: 10건
/home/freegear/EasyDocStation/server/rag_train.py:112: DeprecationWarning: `langchain-community` is being sunset and is no longer actively maintained. See https://github.com/langchain-ai/langchain-community/issues/674 for details and migration guidance toward standalone integration packages.
  from langchain_community.document_loaders import Docx2txtLoader
[RAG] 테이블 생성 경합 감지, 기존 테이블 사용: Table 'my_rag_table' already exists
[RAG] post=417d413a-27b2-4364-a3bf-5bee01eb585f text → 1청크
[RAG] 이미지 학습 시작: 스크린샷 2026-05-10 오전 5.16.21.png
[RAG] Gemma 이미지 설명 완료 (page=1, 35.9s): 1724자
[RAG] 이미지 학습 완료: 스크린샷 2026-05-10 오전 5.16.21.png (3청크)
[RAG] post=3dea2850-13a2-4e00-9a0c-9b0798f4c308 text → 1청크
[RAG] 학습 진행률: 10% (게시글 본문)
[RAG] 이미지 학습 시작: 스크린샷 2026-05-10 오전 9.44.12.png
[RAG] Gemma 이미지 설명 완료 (page=1, 32.0s): 2052자
[RAG] 이미지 학습 완료: 스크린샷 2026-05-10 오전 9.44.12.png (4청크)
[RAG] post=fea04af3-fb4a-4337-a431-2d1351ca99a1 text → 1청크
[RAG] 학습 진행률: 20% (게시글 본문)
[RAG] 이미지 학습 시작: 스크린샷 2026-05-10 오후 2.43.55.png
[RAG] Gemma 이미지 설명 완료 (page=1, 28.4s): 1826자
[RAG] 이미지 학습 완료: 스크린샷 2026-05-10 오후 2.43.55.png (3청크)
[RAG] post=1b2e40c8-f890-4e60-8df5-ea2f9a8985ae text → 1청크
[RAG] 학습 진행률: 30% (게시글 본문)
[RAG] 이미지 학습 시작: 스크린샷 2026-05-10 오후 2.44.35.png
[RAG] Gemma 이미지 설명 완료 (page=1, 30.9s): 1955자
[RAG] 이미지 학습 완료: 스크린샷 2026-05-10 오후 2.44.35.png (3청크)
[RAG] post=6b0f5f9b-2caf-49f0-adea-e504cdf243d8 text → 1청크
[RAG] 학습 진행률: 40% (게시글 본문)
[RAG] 이미지 학습 시작: 스크린샷 2026-05-10 오후 2.45.48.png
[RAG] Gemma 이미지 설명 완료 (page=1, 29.1s): 1782자
[RAG] 이미지 학습 완료: 스크린샷 2026-05-10 오후 2.45.48.png (3청크)
[RAG] post=c65001cc-46c1-433d-8247-2c050300ae98 text → 1청크
[RAG] 학습 진행률: 50% (게시글 본문)
[RAG] 이미지 학습 시작: 스크린샷 2026-05-10 오후 5.08.57.png
[RAG] Gemma 이미지 설명 완료 (page=1, 28.6s): 1955자
[RAG] 이미지 학습 완료: 스크린샷 2026-05-10 오후 5.08.57.png (3청크)
[RAG] post=6b88774e-f9ac-43e6-9d28-5f655f40a28d text → 1청크
[RAG] 학습 진행률: 60% (게시글 본문)
[RAG] 이미지 학습 시작: 스크린샷 2026-05-11 오전 1.04.54.png
[RAG] Gemma 이미지 설명 완료 (page=1, 41.9s): 2643자
[RAG] 이미지 학습 완료: 스크린샷 2026-05-11 오전 1.04.54.png (4청크)
[RAG] post=cb7241c1-5f4d-4904-832c-c4eff7e62782 text → 1청크
[RAG] 학습 진행률: 70% (게시글 본문)
[RAG] 이미지 학습 시작: 스크린샷 2026-05-11 오전 1.05.04.png
[RAG] Gemma 이미지 설명 완료 (page=1, 39.6s): 2566자
[RAG] 이미지 학습 완료: 스크린샷 2026-05-11 오전 1.05.04.png (4청크)
[RAG] post=f2d08fd6-64b5-4720-af5f-e173bd622dee text → 1청크
[RAG] 학습 진행률: 80% (게시글 본문)
[RAG] 이미지 학습 시작: 스크린샷 2026-05-11 오전 1.05.29.png
[RAG] Gemma 이미지 설명 완료 (page=1, 34.9s): 2471자
[RAG] 이미지 학습 완료: 스크린샷 2026-05-11 오전 1.05.29.png (4청크)
[RAG] post=9c3189db-59ea-4b40-9046-f0ab4c81fd24 text → 1청크
[RAG] 학습 진행률: 90% (게시글 본문)
[RAG] 이미지 학습 시작: 스크린샷 2026-05-11 오전 1.05.35.png
[RAG] Gemma 이미지 설명 완료 (page=1, 33.9s): 2463자
[RAG] 이미지 학습 완료: 스크린샷 2026-05-11 오전 1.05.35.png (4청크)
[RAG] 저장 완료 — 45청크 / 10개 게시글 / 0개 댓글
[RAG] 학습 진행률: 100% (저장)
[2026-06-01T06:12:04.346Z][RAG-REBUILD] 게시글 배치 학습 15/41: 10건
/home/freegear/EasyDocStation/server/rag_train.py:112: DeprecationWarning: `langchain-community` is being sunset and is no longer actively maintained. See https://github.com/langchain-ai/langchain-community/issues/674 for details and migration guidance toward standalone integration packages.
  from langchain_community.document_loaders import Docx2txtLoader
[RAG] 테이블 생성 경합 감지, 기존 테이블 사용: Table 'my_rag_table' already exists
[RAG] post=b02e0245-25d4-4f56-862f-6ca9b7479081 text → 1청크
[RAG] 이미지 학습 시작: 스크린샷 2026-05-11 오전 1.05.41.png
[RAG] Gemma 이미지 설명 완료 (page=1, 40.6s): 2555자
[RAG] 이미지 학습 완료: 스크린샷 2026-05-11 오전 1.05.41.png (4청크)
[RAG] post=f89e1763-20cd-4c95-bab1-33a5d77e1014 text → 1청크
[RAG] 학습 진행률: 10% (게시글 본문)
[RAG] 이미지 학습 시작: 스크린샷 2026-05-11 오전 1.06.08.png
[RAG] Gemma 이미지 설명 완료 (page=1, 24.4s): 1604자
[RAG] 이미지 학습 완료: 스크린샷 2026-05-11 오전 1.06.08.png (3청크)
[RAG] post=589a3344-4e8e-4c5d-9e6f-535a3d9a5834 text → 1청크
[RAG] 학습 진행률: 20% (게시글 본문)
[RAG] 이미지 학습 시작: 스크린샷 2026-05-11 오전 1.06.20.png
[RAG] Gemma 이미지 설명 완료 (page=1, 27.8s): 1741자
[RAG] 이미지 학습 완료: 스크린샷 2026-05-11 오전 1.06.20.png (3청크)
[RAG] post=d9f607b1-4e9a-4cfa-a4cb-01da62d486e0 text → 1청크
[RAG] 학습 진행률: 30% (게시글 본문)
[RAG] 이미지 학습 시작: 스크린샷 2026-05-11 오전 6.45.45.png
[RAG] Gemma 이미지 설명 완료 (page=1, 35.4s): 2045자
[RAG] 이미지 학습 완료: 스크린샷 2026-05-11 오전 6.45.45.png (3청크)
[RAG] post=bebdad5b-541a-4334-8618-79678156997e text → 1청크
[RAG] 학습 진행률: 40% (게시글 본문)
[RAG] 이미지 학습 시작: 스크린샷 2026-05-11 오전 6.46.40.png
[RAG] Gemma 이미지 설명 완료 (page=1, 34.5s): 2055자
[RAG] 이미지 학습 완료: 스크린샷 2026-05-11 오전 6.46.40.png (4청크)
[RAG] post=bad19ade-8da6-4f06-aaa7-3f6587c824e9 text → 1청크
[RAG] 학습 진행률: 50% (게시글 본문)
[RAG] 이미지 학습 시작: 스크린샷 2026-05-11 오전 6.55.03.png
[RAG] Gemma 이미지 설명 완료 (page=1, 30.1s): 1955자
[RAG] 이미지 학습 완료: 스크린샷 2026-05-11 오전 6.55.03.png (3청크)
[RAG] post=215c7ff2-33b1-450e-b7b4-4097bc9d460e text → 1청크
[RAG] 학습 진행률: 60% (게시글 본문)
[RAG] 이미지 학습 시작: 스크린샷 2026-05-11 오전 12.17.35.png
[RAG] Gemma 이미지 설명 완료 (page=1, 22.3s): 1435자
[RAG] 이미지 학습 완료: 스크린샷 2026-05-11 오전 12.17.35.png (3청크)
[RAG] post=fe6dc64a-7ecd-405e-86dc-13a2e8259376 text → 1청크
[RAG] 학습 진행률: 70% (게시글 본문)
[RAG] 이미지 학습 시작: 스크린샷 2026-05-11 오전 12.30.59.png
[RAG] Gemma 이미지 설명 완료 (page=1, 28.7s): 1920자
[RAG] 이미지 학습 완료: 스크린샷 2026-05-11 오전 12.30.59.png (3청크)
[RAG] post=e2a6683b-dcac-4ad8-bad0-4d0337f34742 text → 1청크
[RAG] 학습 진행률: 80% (게시글 본문)
[RAG] 이미지 학습 시작: 스크린샷 2026-05-11 오전 12.31.06.png
[RAG] Gemma 이미지 설명 완료 (page=1, 28.7s): 1815자
[RAG] 이미지 학습 완료: 스크린샷 2026-05-11 오전 12.31.06.png (3청크)
[RAG] post=aca51b8b-a5a8-481a-b358-d026ff215f91 text → 1청크
[RAG] 학습 진행률: 90% (게시글 본문)
[RAG] 이미지 학습 시작: 스크린샷 2026-05-11 오전 12.32.05.png
[RAG] Gemma 이미지 설명 완료 (page=1, 30.0s): 2058자
[RAG] 이미지 학습 완료: 스크린샷 2026-05-11 오전 12.32.05.png (3청크)
[RAG] 저장 완료 — 42청크 / 10개 게시글 / 0개 댓글
[RAG] 학습 진행률: 100% (저장)
[2026-06-01T06:17:13.211Z][RAG-REBUILD] 게시글 배치 학습 16/41: 10건
/home/freegear/EasyDocStation/server/rag_train.py:112: DeprecationWarning: `langchain-community` is being sunset and is no longer actively maintained. See https://github.com/langchain-ai/langchain-community/issues/674 for details and migration guidance toward standalone integration packages.
  from langchain_community.document_loaders import Docx2txtLoader
[RAG] 테이블 생성 경합 감지, 기존 테이블 사용: Table 'my_rag_table' already exists
[RAG] post=229550b3-05db-41a0-8ff5-1f6f2b0dcaf0 text → 1청크
[RAG] 이미지 학습 시작: 스크린샷 2026-05-11 오전 12.48.48.png
[RAG] Gemma 이미지 설명 완료 (page=1, 36.7s): 2423자
[RAG] 이미지 학습 완료: 스크린샷 2026-05-11 오전 12.48.48.png (4청크)
[RAG] post=3cc944d9-d3a2-46c0-a396-80d4b2d1e800 text → 1청크
[RAG] 학습 진행률: 10% (게시글 본문)
[RAG] 이미지 학습 시작: 스크린샷 2026-05-11 오전 12.49.00.png
[RAG] Gemma 이미지 설명 완료 (page=1, 43.2s): 2399자
[RAG] 이미지 학습 완료: 스크린샷 2026-05-11 오전 12.49.00.png (4청크)
[RAG] post=705d7ba7-331d-4ce3-a34b-5a05050604c4 text → 1청크
[RAG] 학습 진행률: 20% (게시글 본문)
[RAG] 이미지 학습 시작: 스크린샷 2026-05-11 오전 12.49.08.png
[RAG] Gemma 이미지 설명 완료 (page=1, 34.0s): 1764자
[RAG] 이미지 학습 완료: 스크린샷 2026-05-11 오전 12.49.08.png (3청크)
[RAG] post=0f0b81a3-5090-4fc0-a7b7-611ca28aff32 text → 1청크
[RAG] 학습 진행률: 30% (게시글 본문)
[RAG] 이미지 학습 시작: 스크린샷 2026-05-11 오전 12.51.51.png
[RAG] Gemma 이미지 설명 완료 (page=1, 40.8s): 2488자
[RAG] 이미지 학습 완료: 스크린샷 2026-05-11 오전 12.51.51.png (4청크)
[RAG] post=8d537dcb-7aa3-42a8-b5e5-c36d8daccd5e text → 1청크
[RAG] 학습 진행률: 40% (게시글 본문)
[RAG] 이미지 학습 시작: 스크린샷 2026-05-11 오전 12.53.07.png
[RAG] Gemma 이미지 설명 완료 (page=1, 58.6s): 2797자
[RAG] 이미지 학습 완료: 스크린샷 2026-05-11 오전 12.53.07.png (4청크)
[RAG] post=2835e6e9-02a7-47fd-a977-e8d2a15a3daf text → 1청크
[RAG] 학습 진행률: 50% (게시글 본문)
[RAG] 이미지 학습 시작: 스크린샷 2026-05-11 오전 12.53.39.png
[RAG] Gemma 이미지 설명 완료 (page=1, 32.3s): 2062자
[RAG] 이미지 학습 완료: 스크린샷 2026-05-11 오전 12.53.39.png (4청크)
[RAG] post=eca60639-c308-40d0-afd1-e2d655d770a5 text → 1청크
[RAG] 학습 진행률: 60% (게시글 본문)
[RAG] 이미지 학습 시작: 스크린샷 2026-05-11 오전 12.55.23.png
[RAG] Gemma 이미지 설명 완료 (page=1, 32.1s): 2065자
[RAG] 이미지 학습 완료: 스크린샷 2026-05-11 오전 12.55.23.png (4청크)
[RAG] post=264f6224-08c4-4167-886f-802997b58f76 text → 1청크
[RAG] 학습 진행률: 70% (게시글 본문)
[RAG] 이미지 학습 시작: 스크린샷 2026-05-11 오전 12.55.30.png
[RAG] Gemma 이미지 설명 완료 (page=1, 30.7s): 2238자
[RAG] 이미지 학습 완료: 스크린샷 2026-05-11 오전 12.55.30.png (3청크)
[RAG] post=a9c36feb-8e6f-4822-80fc-c5f81ea52e82 text → 1청크
[RAG] 학습 진행률: 80% (게시글 본문)
[RAG] 이미지 학습 시작: 스크린샷 2026-05-11 오전 12.57.07.png
[RAG] Gemma 이미지 설명 완료 (page=1, 34.6s): 1899자
[RAG] 이미지 학습 완료: 스크린샷 2026-05-11 오전 12.57.07.png (3청크)
[RAG] post=7b1c0d43-a27c-4fbd-a451-022cec8ce861 text → 1청크
[RAG] 학습 진행률: 90% (게시글 본문)
[RAG] 이미지 학습 시작: 스크린샷 2026-05-11 오전 12.58.14.png
[RAG] Gemma 이미지 설명 완료 (page=1, 35.4s): 1967자
[RAG] 이미지 학습 완료: 스크린샷 2026-05-11 오전 12.58.14.png (3청크)
[RAG] 저장 완료 — 46청크 / 10개 게시글 / 0개 댓글
[RAG] 학습 진행률: 100% (저장)
[2026-06-01T06:23:38.252Z][RAG-REBUILD] 게시글 배치 학습 17/41: 10건
/home/freegear/EasyDocStation/server/rag_train.py:112: DeprecationWarning: `langchain-community` is being sunset and is no longer actively maintained. See https://github.com/langchain-ai/langchain-community/issues/674 for details and migration guidance toward standalone integration packages.
  from langchain_community.document_loaders import Docx2txtLoader
[RAG] 테이블 생성 경합 감지, 기존 테이블 사용: Table 'my_rag_table' already exists
[RAG] post=b7b70ca9-b043-42b2-84ea-0cef32961364 text → 1청크
[RAG] 이미지 학습 시작: 스크린샷 2026-05-11 오후 3.09.23.png
[RAG] Gemma 이미지 설명 완료 (page=1, 42.6s): 2204자
[RAG] 이미지 학습 완료: 스크린샷 2026-05-11 오후 3.09.23.png (4청크)
[RAG] post=7f272a29-d2dc-4b03-a2c7-3b5e48217724 text → 1청크
[RAG] 학습 진행률: 10% (게시글 본문)
[RAG] 이미지 학습 시작: 스크린샷 2026-05-11 오후 3.09.30.png
[RAG] Gemma 이미지 설명 완료 (page=1, 41.6s): 2411자
[RAG] 이미지 학습 완료: 스크린샷 2026-05-11 오후 3.09.30.png (4청크)
[RAG] post=577a7453-5105-4902-8caf-18dec2978267 text → 1청크
[RAG] 학습 진행률: 20% (게시글 본문)
[RAG] 이미지 학습 시작: 스크린샷 2026-05-11 오후 3.09.30.png
[RAG] Gemma 이미지 설명 완료 (page=1, 37.5s): 1800자
[RAG] 이미지 학습 완료: 스크린샷 2026-05-11 오후 3.09.30.png (3청크)
[RAG] post=eb425046-1ee1-4e53-baca-b86251bbeb10 text → 1청크
[RAG] 학습 진행률: 30% (게시글 본문)
[RAG] 이미지 학습 시작: 스크린샷 2026-05-11 오후 3.09.30.png
[RAG] Gemma 이미지 설명 완료 (page=1, 37.4s): 1800자
[RAG] 이미지 학습 완료: 스크린샷 2026-05-11 오후 3.09.30.png (3청크)
[RAG] post=0de3eb3d-fe99-4613-aa7e-1f1a2b5ca4e9 text → 1청크
[RAG] 학습 진행률: 40% (게시글 본문)
[RAG] 이미지 학습 시작: 스크린샷 2026-05-11 오후 7.13.41.png
[RAG] Gemma 이미지 설명 완료 (page=1, 28.0s): 1778자
[RAG] 이미지 학습 완료: 스크린샷 2026-05-11 오후 7.13.41.png (4청크)
[RAG] post=174d751b-eedb-43cf-86eb-2bf411c3f102 text → 1청크
[RAG] 학습 진행률: 50% (게시글 본문)
[RAG] 이미지 학습 시작: 스크린샷 2026-05-11 오후 8.42.38.png
[RAG] Gemma 이미지 설명 완료 (page=1, 32.5s): 2226자
[RAG] 이미지 학습 완료: 스크린샷 2026-05-11 오후 8.42.38.png (4청크)
[RAG] post=38d0a05b-1c99-414c-8fab-36df24c68599 text → 1청크
[RAG] 학습 진행률: 60% (게시글 본문)
[RAG] 이미지 학습 시작: 스크린샷 2026-05-11 오후 8.45.36.png
[RAG] Gemma 이미지 설명 완료 (page=1, 15.2s): 737자
[RAG] 이미지 학습 완료: 스크린샷 2026-05-11 오후 8.45.36.png (1청크)
[RAG] post=f07b77ff-0ef0-43ab-ac70-43ecba363bdb text → 1청크
[RAG] 학습 진행률: 70% (게시글 본문)
[RAG] 이미지 학습 시작: 스크린샷 2026-05-11 오후 8.46.00.png
[RAG] Gemma 이미지 설명 완료 (page=1, 29.2s): 1864자
[RAG] 이미지 학습 완료: 스크린샷 2026-05-11 오후 8.46.00.png (3청크)
[RAG] post=2c4b23a5-8af4-4d91-93ab-431fad0a2a4f text → 1청크
[RAG] 학습 진행률: 80% (게시글 본문)
[RAG] 이미지 학습 시작: 스크린샷 2026-05-11 오후 8.56.43.png
[RAG] Gemma 이미지 설명 완료 (page=1, 33.0s): 2308자
[RAG] 이미지 학습 완료: 스크린샷 2026-05-11 오후 8.56.43.png (4청크)
[RAG] post=ff3e7841-8f48-4759-99a8-b7c3f634ba3b text → 1청크
[RAG] 학습 진행률: 90% (게시글 본문)
[RAG] 이미지 학습 시작: 스크린샷 2026-05-11 오후 9.01.45.png
[RAG] Gemma 이미지 설명 완료 (page=1, 31.4s): 1820자
[RAG] 이미지 학습 완료: 스크린샷 2026-05-11 오후 9.01.45.png (3청크)
[RAG] 저장 완료 — 43청크 / 10개 게시글 / 0개 댓글
[RAG] 학습 진행률: 100% (저장)
[2026-06-01T06:29:13.197Z][RAG-REBUILD] 게시글 배치 학습 18/41: 10건
/home/freegear/EasyDocStation/server/rag_train.py:112: DeprecationWarning: `langchain-community` is being sunset and is no longer actively maintained. See https://github.com/langchain-ai/langchain-community/issues/674 for details and migration guidance toward standalone integration packages.
  from langchain_community.document_loaders import Docx2txtLoader
[RAG] 테이블 생성 경합 감지, 기존 테이블 사용: Table 'my_rag_table' already exists
[RAG] post=47b46690-22e8-4fba-bf05-2484fdc364c0 text → 1청크
[RAG] 이미지 학습 시작: 스크린샷 2026-05-11 오후 9.04.01.png
[RAG] Gemma 이미지 설명 완료 (page=1, 26.2s): 1807자
[RAG] 이미지 학습 완료: 스크린샷 2026-05-11 오후 9.04.01.png (4청크)
[RAG] post=30548963-f87a-4ba0-a07b-47b21309fed1 text → 1청크
[RAG] 이미지 학습 시작: 스크린샷 2026-05-11 오후 9.12.54.png
[RAG] Gemma 이미지 설명 완료 (page=1, 32.3s): 2062자
[RAG] 이미지 학습 완료: 스크린샷 2026-05-11 오후 9.12.54.png (3청크)
[RAG] 학습 진행률: 10% (게시글 이미지)
[RAG] post=aa15cfcb-c6bd-456b-bedd-05278ab64ec8 text → 1청크
[RAG] 이미지 학습 시작: 스크린샷 2026-05-11 오후 9.15.50.png
[RAG] Gemma 이미지 설명 완료 (page=1, 31.4s): 1932자
[RAG] 이미지 학습 완료: 스크린샷 2026-05-11 오후 9.15.50.png (3청크)
[RAG] post=da7e4552-1b8f-4f7b-8dbc-a57e24fdfd99 text → 1청크
[RAG] 학습 진행률: 20% (게시글 본문)
[RAG] 이미지 학습 시작: 스크린샷 2026-05-11 오후 9.18.33.png
[RAG] Gemma 이미지 설명 완료 (page=1, 30.5s): 2161자
[RAG] 이미지 학습 완료: 스크린샷 2026-05-11 오후 9.18.33.png (4청크)
[RAG] post=b580b521-297c-4404-9fee-03a28676a9f8 text → 1청크
[RAG] 이미지 학습 시작: 스크린샷 2026-05-11 오후 9.19.36.png
[RAG] Gemma 이미지 설명 완료 (page=1, 29.3s): 1685자
[RAG] 이미지 학습 완료: 스크린샷 2026-05-11 오후 9.19.36.png (3청크)
[RAG] 학습 진행률: 30% (게시글 이미지)
[RAG] post=de11aa8f-21ae-488e-8848-9523b629299f text → 1청크
[RAG] 이미지 학습 시작: 스크린샷 2026-05-11 오후 9.20.21.png
[RAG] Gemma 이미지 설명 완료 (page=1, 30.8s): 1868자
[RAG] 이미지 학습 완료: 스크린샷 2026-05-11 오후 9.20.21.png (3청크)
[RAG] post=d3e8ba0a-6c1f-4d69-9dfe-9d3b87a09eaa text → 1청크
[RAG] 학습 진행률: 40% (게시글 본문)
[RAG] 이미지 학습 시작: 스크린샷 2026-05-11 오후 9.22.06.png
[RAG] Gemma 이미지 설명 완료 (page=1, 29.6s): 1887자
[RAG] 이미지 학습 완료: 스크린샷 2026-05-11 오후 9.22.06.png (3청크)
[RAG] post=1d5afec2-fd91-47e5-bc0e-e5562df37aa6 text → 1청크
[RAG] 이미지 학습 시작: 스크린샷 2026-05-11 오후 9.41.24.png
[RAG] Gemma 이미지 설명 완료 (page=1, 36.5s): 2361자
[RAG] 이미지 학습 완료: 스크린샷 2026-05-11 오후 9.41.24.png (4청크)
[RAG] 학습 진행률: 50% (게시글 이미지)
[RAG] post=0b22bb5a-1e83-4252-ad97-862ec2ef1513 text → 1청크
[RAG] 이미지 학습 시작: 스크린샷 2026-05-11 오후 7.13.41.png
[RAG] Gemma 이미지 설명 완료 (page=1, 27.9s): 1778자
[RAG] 이미지 학습 완료: 스크린샷 2026-05-11 오후 7.13.41.png (4청크)
[RAG] post=2a60c351-f949-4c0a-82d5-7973d415c0e9 text → 1청크
[RAG] 학습 진행률: 60% (게시글 본문)
[RAG] 이미지 학습 시작: 스크린샷 2026-05-11 오전 12.17.35.png
[RAG] Gemma 이미지 설명 완료 (page=1, 22.3s): 1435자
[RAG] 이미지 학습 완료: 스크린샷 2026-05-11 오전 12.17.35.png (3청크)
[RAG] 이미지 학습 시작: 스크린샷 2026-05-11 오전 12.32.05.png
[RAG] Gemma 이미지 설명 완료 (page=1, 29.8s): 2058자
[RAG] 이미지 학습 완료: 스크린샷 2026-05-11 오전 12.32.05.png (3청크)
[RAG] 이미지 학습 시작: 스크린샷 2026-05-11 오전 12.51.51.png
[RAG] Gemma 이미지 설명 완료 (page=1, 40.8s): 2488자
[RAG] 이미지 학습 완료: 스크린샷 2026-05-11 오전 12.51.51.png (4청크)
[RAG] 학습 진행률: 70% (게시글 이미지)
[RAG] 이미지 학습 시작: 스크린샷 2026-05-11 오전 12.55.23.png
[RAG] Gemma 이미지 설명 완료 (page=1, 32.2s): 2065자
[RAG] 이미지 학습 완료: 스크린샷 2026-05-11 오전 12.55.23.png (4청크)
[RAG] 이미지 학습 시작: 스크린샷 2026-05-11 오전 12.55.30.png
[RAG] Gemma 이미지 설명 완료 (page=1, 30.8s): 2238자
[RAG] 이미지 학습 완료: 스크린샷 2026-05-11 오전 12.55.30.png (3청크)
[RAG] 이미지 학습 시작: 스크린샷 2026-05-11 오전 12.53.39.png
[RAG] Gemma 이미지 설명 완료 (page=1, 32.2s): 2062자
[RAG] 이미지 학습 완료: 스크린샷 2026-05-11 오전 12.53.39.png (4청크)
[RAG] 학습 진행률: 80% (게시글 이미지)
[RAG] 이미지 학습 시작: 스크린샷 2026-05-11 오전 12.58.14.png
[RAG] Gemma 이미지 설명 완료 (page=1, 35.3s): 1967자
[RAG] 이미지 학습 완료: 스크린샷 2026-05-11 오전 12.58.14.png (3청크)
[RAG] 이미지 학습 시작: 스크린샷 2026-05-11 오전 1.04.54.png
[RAG] Gemma 이미지 설명 완료 (page=1, 41.7s): 2643자
[RAG] 이미지 학습 완료: 스크린샷 2026-05-11 오전 1.04.54.png (4청크)
[RAG] 이미지 학습 시작: 스크린샷 2026-05-11 오전 1.05.04.png
[RAG] Gemma 이미지 설명 완료 (page=1, 39.4s): 2566자
[RAG] 이미지 학습 완료: 스크린샷 2026-05-11 오전 1.05.04.png (4청크)
[RAG] 학습 진행률: 90% (게시글 이미지)
[RAG] 이미지 학습 시작: 스크린샷 2026-05-11 오전 1.05.29.png
[RAG] Gemma 이미지 설명 완료 (page=1, 34.7s): 2471자
[RAG] 이미지 학습 완료: 스크린샷 2026-05-11 오전 1.05.29.png (4청크)
[RAG] 이미지 학습 시작: 스크린샷 2026-05-11 오전 1.05.35.png
[RAG] Gemma 이미지 설명 완료 (page=1, 33.7s): 2463자
[RAG] 이미지 학습 완료: 스크린샷 2026-05-11 오전 1.05.35.png (4청크)
[RAG] 저장 완료 — 81청크 / 10개 게시글 / 0개 댓글
[RAG] 학습 진행률: 100% (저장)
[2026-06-01T06:40:08.230Z][RAG-REBUILD] 게시글 배치 학습 19/41: 10건
/home/freegear/EasyDocStation/server/rag_train.py:112: DeprecationWarning: `langchain-community` is being sunset and is no longer actively maintained. See https://github.com/langchain-ai/langchain-community/issues/674 for details and migration guidance toward standalone integration packages.
  from langchain_community.document_loaders import Docx2txtLoader
[RAG] 테이블 생성 경합 감지, 기존 테이블 사용: Table 'my_rag_table' already exists
[RAG] post=287f0e84-15fa-4198-ae14-43d5b12052a7 text → 1청크
[RAG] post=2b8d6717-7a9f-4098-8891-e04e27ad4fa2 text → 1청크
[RAG] 학습 진행률: 10% (게시글 본문)
[RAG] post=d5240a8b-f442-48bc-b8aa-aaf8de8421fd text → 4청크
[RAG] 학습 진행률: 20% (게시글 본문)
[RAG] post=a5d51abc-bc52-4c67-ba87-4ab3b5e2a53f text → 1청크
[RAG] 이미지 학습 시작: 스크린샷 2026-05-10 오후 5.08.57.png
[RAG] Gemma 이미지 설명 완료 (page=1, 28.5s): 1955자
[RAG] 이미지 학습 완료: 스크린샷 2026-05-10 오후 5.08.57.png (3청크)
[RAG] 학습 진행률: 30% (게시글 이미지)
[RAG] post=cbd0aa87-9a07-40c5-bfde-b5f6bdbe0ad3 text → 2청크
[RAG] 학습 진행률: 40% (게시글 본문)
[RAG] post=ebcc6394-b91f-4e75-b03a-fb8c12541502 text → 6청크
[RAG] 학습 진행률: 50% (게시글 본문)
[RAG] post=4cb0c951-63e2-46b6-9f97-c8e7aaa685b9 text → 2청크
[RAG] post=dfccb4ad-6c6a-48bb-a769-e47ec575eff8 text → 5청크
[RAG] 학습 진행률: 60% (게시글 본문)
[RAG] post=c783b5d7-7c86-4b02-a304-d80e60859e6d text → 3청크
[RAG] 학습 진행률: 70% (게시글 본문)
[RAG] post=16f9f647-64a3-4f03-9b6f-8786df7a5658 text → 1청크
[RAG] 이미지 학습 시작: 스크린샷 2026-05-10 오전 5.16.21.png
[RAG] Gemma 이미지 설명 완료 (page=1, 35.7s): 1724자
[RAG] 이미지 학습 완료: 스크린샷 2026-05-10 오전 5.16.21.png (3청크)
[RAG] 학습 진행률: 80% (게시글 이미지)
[RAG] 이미지 학습 시작: 스크린샷 2026-05-10 오전 5.19.23.png
[RAG] Gemma 이미지 설명 완료 (page=1, 29.7s): 1986자
[RAG] 이미지 학습 완료: 스크린샷 2026-05-10 오전 5.19.23.png (4청크)
[RAG] 학습 진행률: 90% (게시글 이미지)
[RAG] 저장 완료 — 36청크 / 10개 게시글 / 0개 댓글
[RAG] 학습 진행률: 100% (저장)
[2026-06-01T06:41:48.425Z][RAG-REBUILD] 게시글 배치 학습 20/41: 10건
/home/freegear/EasyDocStation/server/rag_train.py:112: DeprecationWarning: `langchain-community` is being sunset and is no longer actively maintained. See https://github.com/langchain-ai/langchain-community/issues/674 for details and migration guidance toward standalone integration packages.
  from langchain_community.document_loaders import Docx2txtLoader
[RAG] 테이블 생성 경합 감지, 기존 테이블 사용: Table 'my_rag_table' already exists
[RAG] post=19f359a3-e823-4d04-8cfa-2c6d72c731af text → 1청크
[RAG] post=9f8815b0-8503-4b79-9c8c-b48198897882 text → 2청크
[RAG] post=2dc9e838-4b34-43d4-8d85-96bda953a4a8 text → 1청크
[RAG] 학습 진행률: 10% (게시글 본문)
[RAG] 이미지 학습 시작: 스크린샷 2026-05-09 오후 4.02.58.png
[RAG] Gemma 이미지 설명 완료 (page=1, 32.9s): 1661자
[RAG] 이미지 학습 완료: 스크린샷 2026-05-09 오후 4.02.58.png (3청크)
[RAG] post=75986981-122f-4179-95a5-db7481214106 text → 1청크
[RAG] 학습 진행률: 20% (게시글 본문)
[RAG] 이미지 학습 시작: KakaoTalk_Photo_2026-05-09-09-30-14.png
[RAG] Gemma 이미지 설명 완료 (page=1, 43.8s): 3015자
[RAG] 이미지 학습 완료: KakaoTalk_Photo_2026-05-09-09-30-14.png (6청크)
[RAG] post=51771fd0-f952-4315-8456-732c66d198d0 text → 1청크
[RAG] 이미지 학습 시작: Gemini_Generated_Image_lma9drlma9drlma9.png
[RAG] Gemma 이미지 설명 완료 (page=1, 28.2s): 2035자
[RAG] 이미지 학습 완료: Gemini_Generated_Image_lma9drlma9drlma9.png (3청크)
[RAG] 학습 진행률: 30% (게시글 이미지)
[RAG] 이미지 학습 시작: Gemini_Generated_Image_99yyji99yyji99yy.png
[RAG] Gemma 이미지 설명 완료 (page=1, 30.9s): 2222자
[RAG] 이미지 학습 완료: Gemini_Generated_Image_99yyji99yyji99yy.png (4청크)
[RAG] 이미지 학습 시작: Gemini_Generated_Image_isjrj5isjrj5isjr.png
[RAG] Gemma 이미지 설명 완료 (page=1, 26.2s): 1802자
[RAG] 이미지 학습 완료: Gemini_Generated_Image_isjrj5isjrj5isjr.png (3청크)
[RAG] 학습 진행률: 40% (게시글 이미지)
[RAG] 이미지 학습 시작: Gemini_Generated_Image_z4qarz4qarz4qarz.png
[RAG] Gemma 이미지 설명 완료 (page=1, 28.6s): 1859자
[RAG] 이미지 학습 완료: Gemini_Generated_Image_z4qarz4qarz4qarz.png (3청크)
[RAG] 이미지 학습 시작: ChatGPT Image 2026년 5월 10일 오전 04_58_05.png
[RAG] Gemma 이미지 설명 완료 (page=1, 30.9s): 2268자
[RAG] 이미지 학습 완료: ChatGPT Image 2026년 5월 10일 오전 04_58_05.png (4청크)
[RAG] 학습 진행률: 50% (게시글 이미지)
[RAG] 이미지 학습 시작: ChatGPT Image 2026년 5월 10일 오전 05_23_25.png
[RAG] Gemma 이미지 설명 완료 (page=1, 28.3s): 1943자
[RAG] 이미지 학습 완료: ChatGPT Image 2026년 5월 10일 오전 05_23_25.png (3청크)
[RAG] 이미지 학습 시작: OWL_logo.png
[RAG] Gemma 이미지 설명 완료 (page=1, 28.9s): 1939자
[RAG] 이미지 학습 완료: OWL_logo.png (3청크)
[RAG] 이미지 학습 시작: owl_ss.png
[RAG] Gemma 이미지 설명 완료 (page=1, 25.9s): 1781자
[RAG] 이미지 학습 완료: owl_ss.png (3청크)
[RAG] 학습 진행률: 60% (게시글 이미지)
[RAG] post=0276b47b-9f8f-4860-9028-1df998d7d44f text → 3청크
[RAG] post=2cbb4986-09dd-4a2b-9825-3ec8b42c3d02 text → 2청크
[RAG] 학습 진행률: 70% (게시글 본문)
[RAG] post=80cffa4a-7b27-4e03-8e81-466dd04700d8 text → 2청크
[RAG] post=50ed66a7-f057-4280-8edb-3f6866a6bbfe text → 1청크
[RAG] 이미지 학습 시작: 스크린샷 2026-05-09 오전 3.03.34.png
[RAG] Gemma 이미지 설명 완료 (page=1, 56.5s): 2606자
[RAG] 이미지 학습 완료: 스크린샷 2026-05-09 오전 3.03.34.png (4청크)
[RAG] 학습 진행률: 80% (게시글 이미지)
[RAG] post=a72b1534-af9f-4495-b351-562fff436ec2 text → 1청크
[RAG] 이미지 학습 시작: 스크린샷 2026-05-09 오전 12.23.20.png
[RAG] Gemma 이미지 설명 완료 (page=1, 22.5s): 1297자
[RAG] 이미지 학습 완료: 스크린샷 2026-05-09 오전 12.23.20.png (3청크)
[RAG] 학습 진행률: 90% (게시글 이미지)
[RAG] 이미지 학습 시작: 스크린샷 2026-05-09 오전 12.23.33.png
[RAG] Gemma 이미지 설명 완료 (page=1, 31.3s): 1827자
[RAG] 이미지 학습 완료: 스크린샷 2026-05-09 오전 12.23.33.png (3청크)
[RAG] 저장 완료 — 60청크 / 10개 게시글 / 0개 댓글
[RAG] 학습 진행률: 100% (저장)
[2026-06-01T06:48:50.019Z][RAG-REBUILD] 게시글 배치 학습 21/41: 10건
/home/freegear/EasyDocStation/server/rag_train.py:112: DeprecationWarning: `langchain-community` is being sunset and is no longer actively maintained. See https://github.com/langchain-ai/langchain-community/issues/674 for details and migration guidance toward standalone integration packages.
  from langchain_community.document_loaders import Docx2txtLoader
[RAG] 테이블 생성 경합 감지, 기존 테이블 사용: Table 'my_rag_table' already exists
[RAG] post=657cc400-709e-41e1-bccd-f8d63b17e86e text → 2청크
[RAG] post=a5415661-aff4-4dca-81d5-134dcda81e8d text → 2청크
[RAG] 학습 진행률: 10% (게시글 본문)
[RAG] post=11c954a7-3627-4f80-8fe9-2d90bbbc69bf text → 2청크
[RAG] 학습 진행률: 20% (게시글 본문)
[RAG] post=6222f195-e777-46e9-8a37-c3ea53e55a95 text → 1청크
[RAG] 학습 진행률: 30% (게시글 본문)
[RAG] post=7dadeb91-6321-41f0-af9d-175a072e19cc text → 1청크
[RAG] 학습 진행률: 40% (게시글 본문)
[RAG] post=312eab66-d808-4bd5-9c2f-9976088492c8 text → 2청크
[RAG] 학습 진행률: 50% (게시글 본문)
[RAG] post=37079fcf-9548-48fc-8246-784411102d0b text → 1청크
[RAG] post=f63b2339-3036-47b7-9ed6-bdf88d1c005f text → 3청크
[RAG] 학습 진행률: 60% (게시글 본문)
[RAG] post=1c90616a-ba1a-4563-91d3-5404cc0f435c text → 1청크
[RAG] 학습 진행률: 70% (게시글 본문)
[RAG] TXT 학습 시작: trade_history_20260507_145721.csv
[RAG] TXT 학습 완료: trade_history_20260507_145721.csv (12청크)
[RAG] 학습 진행률: 80% (게시글 TXT)
[RAG] post=4325b909-8501-4162-9e98-fe8e0014b116 text → 1청크
[RAG] 학습 진행률: 90% (게시글 본문)
[RAG] 저장 완료 — 28청크 / 10개 게시글 / 0개 댓글
[RAG] 학습 진행률: 100% (저장)
[2026-06-01T06:48:55.912Z][RAG-REBUILD] 게시글 배치 학습 22/41: 10건
/home/freegear/EasyDocStation/server/rag_train.py:112: DeprecationWarning: `langchain-community` is being sunset and is no longer actively maintained. See https://github.com/langchain-ai/langchain-community/issues/674 for details and migration guidance toward standalone integration packages.
  from langchain_community.document_loaders import Docx2txtLoader
[RAG] 테이블 생성 경합 감지, 기존 테이블 사용: Table 'my_rag_table' already exists
[RAG] post=489af2f1-e405-4afe-80f2-5376152438ef text → 1청크
[RAG] post=f57b75aa-cb85-4040-a2ee-722c2e06ceee text → 1청크
[RAG] 학습 진행률: 10% (게시글 본문)
[RAG] post=71112ff0-4275-47c1-aac8-ef4ac69ba852 text → 1청크
[RAG] 학습 진행률: 20% (게시글 본문)
[RAG] post=6fdab6e1-55c2-476e-b6b2-50a306768082 text → 1청크
[RAG] 학습 진행률: 30% (게시글 본문)
[RAG] post=69f942ec-e027-4d7b-9d2e-7c859585a751 text → 1청크
[RAG] 이미지 학습 시작: 스크린샷 2026-05-07 오전 6.00.36.png
[RAG] Gemma 이미지 설명 완료 (page=1, 28.5s): 1759자
[RAG] 이미지 학습 완료: 스크린샷 2026-05-07 오전 6.00.36.png (3청크)
[RAG] 학습 진행률: 40% (게시글 이미지)
[RAG] 이미지 학습 시작: 스크린샷 2026-05-07 오전 6.00.52.png
[RAG] Gemma 이미지 설명 완료 (page=1, 25.7s): 1701자
[RAG] 이미지 학습 완료: 스크린샷 2026-05-07 오전 6.00.52.png (3청크)
[RAG] 학습 진행률: 50% (게시글 이미지)
[RAG] post=5792b71e-8f43-4b15-8249-a4f195d04410 text → 1청크
[RAG] 학습 진행률: 60% (게시글 본문)
[RAG] post=0bd8eebd-cf51-4ead-8992-2abe12f975ea text → 3청크
[RAG] post=03bf9d4f-c3f1-4c02-928e-22792173fa89 text → 1청크
[RAG] 학습 진행률: 70% (게시글 본문)
[RAG] post=75f28787-8bd9-409f-b87f-d5ee1596d855 text → 1청크
[RAG] 학습 진행률: 80% (게시글 본문)
[RAG] post=12bb6403-aa79-44c9-b470-af5efe377f8a text → 1청크
[RAG] 학습 진행률: 90% (게시글 본문)
[RAG] 저장 완료 — 18청크 / 10개 게시글 / 0개 댓글
[RAG] 학습 진행률: 100% (저장)
[2026-06-01T06:49:55.456Z][RAG-REBUILD] 게시글 배치 학습 23/41: 10건
/home/freegear/EasyDocStation/server/rag_train.py:112: DeprecationWarning: `langchain-community` is being sunset and is no longer actively maintained. See https://github.com/langchain-ai/langchain-community/issues/674 for details and migration guidance toward standalone integration packages.
  from langchain_community.document_loaders import Docx2txtLoader
[RAG] 테이블 생성 경합 감지, 기존 테이블 사용: Table 'my_rag_table' already exists
[RAG] post=3a13cbac-e56c-4fd3-a919-c76496cbf38b text → 1청크
[RAG] post=1a7a51e4-8e25-4013-8857-8722ea496687 text → 1청크
[RAG] post=3a91e5f6-7afb-4291-ae72-ea6d8dac671b text → 1청크
[RAG] 학습 진행률: 10% (게시글 본문)
[RAG] post=a76060df-e20c-4db4-abf4-d85f9da638fb text → 1청크
[RAG] PDF 학습 시작: AI 투자 알고리즘 개발 및 수익 분배 계약서_1.4.pdf
[RAG] PDF 파싱 시작 (Unstructured fast): AI 투자 알고리즘 개발 및 수익 분배 계약서_1.4.pdf
[RAG] PDF 파싱 완료 (Unstructured fast): AI 투자 알고리즘 개발 및 수익 분배 계약서_1.4.pdf / elements=49 / 0.6s
[RAG] PDF 학습 완료: AI 투자 알고리즘 개발 및 수익 분배 계약서_1.4.pdf (5청크)
[RAG] 분리 저장 완료: /home/freegear/EasyDocStation/Database/ObjectFile/FileTrainingData/a76060df-e20c-4db4-abf4-d85f9da638fb/no_comment/87d83bca-4c79-4206-9a53-7147627d6336/AI_투자_알고리즘_개발_및_수익_분배_계약서_1.4.pdf
[RAG] PDF 학습 시작: 1777982141797.pdf
[RAG] PDF 파싱 시작 (Unstructured fast): 1777982141797.pdf
[RAG] Tesseract OCR fallback 시작: lang=kor+eng, pages=1
[RAG] Tesseract OCR 진행: 1/1
[RAG] Tesseract OCR fallback 완료: 추출 페이지 1/1
[RAG] PDF 학습 완료: 1777982141797.pdf (2청크)
[RAG] 분리 저장 완료: /home/freegear/EasyDocStation/Database/ObjectFile/FileTrainingData/a76060df-e20c-4db4-abf4-d85f9da638fb/no_comment/36f11694-7c10-4341-b75f-08e1eb81911c/1777982141797.pdf
[RAG] 학습 진행률: 20% (게시글 PDF)
[RAG] PDF 학습 시작: 0443_001.pdf
[RAG] PDF 파싱 시작 (Unstructured fast): 0443_001.pdf
[RAG] Tesseract OCR fallback 시작: lang=kor+eng, pages=4
[RAG] Tesseract OCR 진행: 1/4
[RAG] Tesseract OCR 진행: 4/4
[RAG] Tesseract OCR fallback 완료: 추출 페이지 4/4
[RAG] PDF 학습 완료: 0443_001.pdf (4청크)
[RAG] 분리 저장 완료: /home/freegear/EasyDocStation/Database/ObjectFile/FileTrainingData/a76060df-e20c-4db4-abf4-d85f9da638fb/no_comment/b2d13d1a-47da-4681-8214-43c776db89c0/0443_001.pdf
[RAG] PDF 학습 시작: AI 투자 알고리즘 개발 및 수익 분배 계약서_1.6.pdf
[RAG] PDF 파싱 시작 (Unstructured fast): AI 투자 알고리즘 개발 및 수익 분배 계약서_1.6.pdf
[RAG] Tesseract OCR fallback 시작: lang=kor+eng, pages=2
[RAG] Tesseract OCR 진행: 1/2
[RAG] Tesseract OCR 진행: 2/2
[RAG] Tesseract OCR fallback 완료: 추출 페이지 2/2
[RAG] PDF 학습 완료: AI 투자 알고리즘 개발 및 수익 분배 계약서_1.6.pdf (4청크)
[RAG] 분리 저장 완료: /home/freegear/EasyDocStation/Database/ObjectFile/FileTrainingData/a76060df-e20c-4db4-abf4-d85f9da638fb/no_comment/ba424dfd-fed8-4f20-9234-65d57f0f26b9/AI_투자_알고리즘_개발_및_수익_분배_계약서_1.6.pdf
[RAG] 학습 진행률: 30% (게시글 PDF)
[RAG] PDF 학습 시작: AI 투자 알고리즘 및 수익분배 계약서_1.6.pdf
[RAG] PDF 파싱 시작 (Unstructured fast): AI 투자 알고리즘 및 수익분배 계약서_1.6.pdf
[RAG] Tesseract OCR fallback 시작: lang=kor+eng, pages=2
[RAG] Tesseract OCR 진행: 1/2
[RAG] Tesseract OCR 진행: 2/2
[RAG] Tesseract OCR fallback 완료: 추출 페이지 2/2
[RAG] PDF 학습 완료: AI 투자 알고리즘 및 수익분배 계약서_1.6.pdf (4청크)
[RAG] 분리 저장 완료: /home/freegear/EasyDocStation/Database/ObjectFile/FileTrainingData/a76060df-e20c-4db4-abf4-d85f9da638fb/no_comment/74822685-2790-47f7-9ff0-42f06cf2a26a/AI_투자_알고리즘_및_수익분배_계약서_1.6.pdf
[RAG] Word 학습 시작: AI 투자 알고리즘 개발 및 수익 분배 계약서_1.6.docx
[RAG] Word 학습 완료: AI 투자 알고리즘 개발 및 수익 분배 계약서_1.6.docx (3청크)
[RAG] 이미지 학습 시작: 스크린샷 2026-05-06 오전 1.23.37.png
[RAG] Gemma 이미지 설명 완료 (page=1, 36.7s): 1798자
[RAG] 이미지 학습 완료: 스크린샷 2026-05-06 오전 1.23.37.png (4청크)
[RAG] 학습 진행률: 40% (게시글 이미지)
[RAG] 이미지 학습 시작: 스크린샷 2026-05-06 오전 1.28.29.png
[RAG] Gemma 이미지 설명 완료 (page=1, 29.5s): 1894자
[RAG] 이미지 학습 완료: 스크린샷 2026-05-06 오전 1.28.29.png (4청크)
[RAG] 이미지 학습 시작: KakaoTalk_Photo_2026-05-07-20-19-17.png
[RAG] Gemma 이미지 설명 완료 (page=1, 37.8s): 2524자
[RAG] 이미지 학습 완료: KakaoTalk_Photo_2026-05-07-20-19-17.png (4청크)
[RAG] 학습 진행률: 50% (게시글 이미지)
[RAG] 이미지 학습 시작: KakaoTalk_Photo_2026-05-07-20-19-10.png
[RAG] Gemma 이미지 설명 완료 (page=1, 29.9s): 1883자
[RAG] 이미지 학습 완료: KakaoTalk_Photo_2026-05-07-20-19-10.png (3청크)
[RAG] post=01e1cab1-bbe1-4a0a-acff-d5def83b8f7b text → 2청크
[RAG] post=ee290648-3e0f-42d8-8ca4-d072c2733318 text → 3청크
[RAG] 학습 진행률: 60% (게시글 본문)
[RAG] post=52181673-3c25-4baf-9fd2-152fc4eac426 text → 1청크
[RAG] post=d9120955-b339-4855-8f6d-4bca415c7549 text → 2청크
[RAG] post=ec2c4a0d-604e-41cc-8dd8-c175b2ec3b56 text → 6청크
[RAG] 학습 진행률: 70% (게시글 본문)
[RAG] Word 학습 시작: AI 투자 알고리즘 개발 및 수익 분배 계약서_1.1.docx
[RAG] Word 학습 완료: AI 투자 알고리즘 개발 및 수익 분배 계약서_1.1.docx (3청크)
[RAG] Word 학습 시작: AI 투자 알고리즘 개발 및 수익 분배 계약서_1.2.docx
[RAG] Word 학습 완료: AI 투자 알고리즘 개발 및 수익 분배 계약서_1.2.docx (3청크)
[RAG] 학습 진행률: 80% (게시글 Word)
[RAG] Word 학습 시작: AI 투자 알고리즘 개발 및 수익 분배 계약서_1.3.docx
[RAG] Word 학습 완료: AI 투자 알고리즘 개발 및 수익 분배 계약서_1.3.docx (3청크)
[RAG] Word 학습 시작: AI 투자 알고리즘 개발 및 수익 분배 계약서_1.4.docx
[RAG] Word 학습 완료: AI 투자 알고리즘 개발 및 수익 분배 계약서_1.4.docx (3청크)
[RAG] 이미지 학습 시작: KakaoTalk_Photo_2026-05-05-09-48-31.jpeg
[RAG] Gemma 이미지 설명 완료 (page=1, 32.8s): 1912자
[RAG] 이미지 학습 완료: KakaoTalk_Photo_2026-05-05-09-48-31.jpeg (3청크)
[RAG] 학습 진행률: 90% (게시글 이미지)
[RAG] post=e6384708-094f-4b87-bc9e-748ceb51042e text → 1청크
[RAG] 저장 완료 — 71청크 / 10개 게시글 / 0개 댓글
[RAG] 학습 진행률: 100% (저장)
[2026-06-01T06:53:06.936Z][RAG-REBUILD] 게시글 배치 학습 24/41: 10건
/home/freegear/EasyDocStation/server/rag_train.py:112: DeprecationWarning: `langchain-community` is being sunset and is no longer actively maintained. See https://github.com/langchain-ai/langchain-community/issues/674 for details and migration guidance toward standalone integration packages.
  from langchain_community.document_loaders import Docx2txtLoader
[RAG] 테이블 생성 경합 감지, 기존 테이블 사용: Table 'my_rag_table' already exists
[RAG] post=b2cd1725-e1a9-4326-83bb-d3fed295b8bc text → 4청크
[RAG] post=9402b316-4889-4b21-9252-b5124e7fe8cd text → 1청크
[RAG] 학습 진행률: 10% (게시글 본문)
[RAG] post=1c889f0d-2244-4926-b0a3-3ca05d22715f text → 6청크
[RAG] 학습 진행률: 20% (게시글 본문)
[RAG] post=254cddf1-dfb4-439e-9e1f-bd206d8ba327 text → 1청크
[RAG] 학습 진행률: 30% (게시글 본문)
[RAG] 이미지 학습 시작: 스크린샷 2026-05-04 오후 6.07.33.png
[RAG] Gemma 이미지 설명 완료 (page=1, 34.0s): 2626자
[RAG] 이미지 학습 완료: 스크린샷 2026-05-04 오후 6.07.33.png (5청크)
[RAG] post=1767346f-bb9d-4e26-bc79-ea4577eb0da0 text → 4청크
[RAG] 학습 진행률: 40% (게시글 본문)
[RAG] post=d2e4bc0f-ef5f-4061-a35a-62615fd35827 text → 1청크
[RAG] 학습 진행률: 50% (게시글 본문)
[RAG] 이미지 학습 시작: 스크린샷 2026-05-03 오전 10.45.50.png
[RAG] Gemma 이미지 설명 완료 (page=1, 29.1s): 2468자
[RAG] 이미지 학습 완료: 스크린샷 2026-05-03 오전 10.45.50.png (5청크)
[RAG] 학습 진행률: 60% (게시글 이미지)
[RAG] post=16ac02e6-6a0d-4ed8-b77e-0ff1c7deed04 text → 5청크
[RAG] post=cedcb32a-b824-4323-927d-c8904c3a53aa text → 1청크
[RAG] 학습 진행률: 70% (게시글 본문)
[RAG] post=e43a59b5-ac32-4df5-bcc0-ee74979d3eb6 text → 1청크
[RAG] 학습 진행률: 80% (게시글 본문)
[RAG] post=b301cec6-0512-4728-b7d4-2a3275c76d4d text → 3청크
[RAG] 학습 진행률: 90% (게시글 본문)
[RAG] 저장 완료 — 37청크 / 10개 게시글 / 0개 댓글
[RAG] 학습 진행률: 100% (저장)
[2026-06-01T06:54:24.775Z][RAG-REBUILD] 게시글 배치 학습 25/41: 10건
/home/freegear/EasyDocStation/server/rag_train.py:112: DeprecationWarning: `langchain-community` is being sunset and is no longer actively maintained. See https://github.com/langchain-ai/langchain-community/issues/674 for details and migration guidance toward standalone integration packages.
  from langchain_community.document_loaders import Docx2txtLoader
[RAG] 테이블 생성 경합 감지, 기존 테이블 사용: Table 'my_rag_table' already exists
[RAG] post=db4bece4-add5-4047-bd85-51ba26ebb36d text → 1청크
[RAG] post=56c4e877-a165-42cf-88db-e4cfd90be1be text → 1청크
[RAG] 학습 진행률: 10% (게시글 본문)
[RAG] post=ad9c36fa-9154-4d00-aa53-bf4c487d0526 text → 45청크
[RAG] 학습 진행률: 20% (게시글 본문)
[RAG] post=2bbc3884-572c-44bc-a771-d49645d5dd4f text → 20청크
[RAG] 학습 진행률: 30% (게시글 본문)
[RAG] post=2b4fc90f-b721-415c-94bd-2d21cf6dff20 text → 27청크
[RAG] 학습 진행률: 40% (게시글 본문)
[RAG] post=b188cf3b-3cc3-495a-9ab4-7148ee4467f1 text → 1청크
[RAG] 학습 진행률: 50% (게시글 본문)
[RAG] post=208008cf-da3b-4c92-bc7a-51305f1b89c3 text → 20청크
[RAG] post=507cfbd4-f605-455e-979b-d9b111a40d40 text → 27청크
[RAG] 학습 진행률: 60% (게시글 본문)
[RAG] post=665163a3-da75-4682-8430-c87d203c4862 text → 1청크
[RAG] 학습 진행률: 70% (게시글 본문)
[RAG] 이미지 학습 시작: Gemini_Generated_Image_nqztn7nqztn7nqzt.png
[RAG] Gemma 이미지 설명 완료 (page=1, 41.2s): 3391자
[RAG] 이미지 학습 완료: Gemini_Generated_Image_nqztn7nqztn7nqzt.png (6청크)
[RAG] 학습 진행률: 80% (게시글 이미지)
[RAG] post=284a0c50-5c96-450a-bb7f-3e41b3e4dde7 text → 1청크
[RAG] 학습 진행률: 90% (게시글 본문)
[RAG] 저장 완료 — 150청크 / 10개 게시글 / 0개 댓글
[RAG] 학습 진행률: 100% (저장)
[2026-06-01T06:55:14.404Z][RAG-REBUILD] 게시글 배치 학습 26/41: 10건
/home/freegear/EasyDocStation/server/rag_train.py:112: DeprecationWarning: `langchain-community` is being sunset and is no longer actively maintained. See https://github.com/langchain-ai/langchain-community/issues/674 for details and migration guidance toward standalone integration packages.
  from langchain_community.document_loaders import Docx2txtLoader
[RAG] 테이블 생성 경합 감지, 기존 테이블 사용: Table 'my_rag_table' already exists
[RAG] post=5affa900-cb58-4524-a086-64ddc296645d text → 1청크
[RAG] post=bebe2754-8208-40f6-a270-e97d0e90d31a text → 45청크
[RAG] 학습 진행률: 10% (게시글 본문)
[RAG] post=b081219c-ad5a-4cdf-bd97-44298ac56072 text → 20청크
[RAG] 학습 진행률: 20% (게시글 본문)
[RAG] post=6a98addf-8f89-434f-9ea6-2e3eaabe3e6d text → 27청크
[RAG] 학습 진행률: 30% (게시글 본문)
[RAG] post=9d4d1f41-9b99-42c8-852c-b1d966d72813 text → 1청크
[RAG] 학습 진행률: 40% (게시글 본문)
[RAG] post=307275c3-eef2-49b2-92fe-d148201c417e text → 1청크
[RAG] 학습 진행률: 50% (게시글 본문)
[RAG] post=aa152d6c-cb37-4d99-b600-e9528ed6913c text → 1청크
[RAG] Word 학습 시작: 위임장_동우화인켐_1.2.docx
[RAG] Word 학습 완료: 위임장_동우화인켐_1.2.docx (2청크)
[RAG] 학습 진행률: 60% (게시글 Word)
[RAG] post=ba97fb4f-80f8-4874-9cdd-c46389973d8d text → 1청크
[RAG] 학습 진행률: 70% (게시글 본문)
[RAG] post=ef68a4fb-8853-41d6-a20a-eb8d75dc58c7 text → 1청크
[RAG] 학습 진행률: 80% (게시글 본문)
[RAG] post=fad0da59-a8e1-406b-aad0-6982ea2c74d9 text → 1청크
[RAG] 학습 진행률: 90% (게시글 본문)
[RAG] 저장 완료 — 101청크 / 10개 게시글 / 0개 댓글
[RAG] 학습 진행률: 100% (저장)
[2026-06-01T06:55:21.373Z][RAG-REBUILD] 게시글 배치 학습 27/41: 10건
/home/freegear/EasyDocStation/server/rag_train.py:112: DeprecationWarning: `langchain-community` is being sunset and is no longer actively maintained. See https://github.com/langchain-ai/langchain-community/issues/674 for details and migration guidance toward standalone integration packages.
  from langchain_community.document_loaders import Docx2txtLoader
[RAG] 테이블 생성 경합 감지, 기존 테이블 사용: Table 'my_rag_table' already exists
[RAG] post=95590704-fc8d-48cb-adb7-9f63d430a068 text → 1청크
[RAG] post=fbdd950f-b80d-4ed3-942e-8ee14255e9de text → 1청크
[RAG] 학습 진행률: 10% (게시글 본문)
[RAG] post=25c58b71-0e0b-4d2c-b83e-48fb75adeffa text → 1청크
[RAG] 학습 진행률: 20% (게시글 본문)
[RAG] post=518c3816-8694-4904-af8a-02b1f5728ef6 text → 1청크
[RAG] 학습 진행률: 30% (게시글 본문)
[RAG] post=774d5d99-1d84-4876-8cd4-ad34d20f8a21 text → 1청크
[RAG] 학습 진행률: 40% (게시글 본문)
[RAG] post=693dc735-a588-4410-902c-bd10bca5be75 text → 1청크
[RAG] 학습 진행률: 50% (게시글 본문)
[RAG] post=c8ba0e44-b4b2-4acb-8fcd-667add4580f1 text → 1청크
[RAG] 학습 진행률: 60% (게시글 본문)
[RAG] post=a01fea34-f077-48e8-bc54-659089040de8 text → 1청크
[RAG] 학습 진행률: 70% (게시글 본문)
[RAG] post=e7c52474-f742-4031-8e1e-4abf8a907cf0 text → 3청크
[RAG] 학습 진행률: 80% (게시글 본문)
[RAG] post=10d56ac0-ba53-4d04-8f80-13b4c25b850f text → 10청크
[RAG] 학습 진행률: 90% (게시글 본문)
[RAG] 저장 완료 — 21청크 / 10개 게시글 / 0개 댓글
[RAG] 학습 진행률: 100% (저장)
[2026-06-01T06:55:33.587Z][RAG-REBUILD] 게시글 배치 학습 28/41: 10건
/home/freegear/EasyDocStation/server/rag_train.py:112: DeprecationWarning: `langchain-community` is being sunset and is no longer actively maintained. See https://github.com/langchain-ai/langchain-community/issues/674 for details and migration guidance toward standalone integration packages.
  from langchain_community.document_loaders import Docx2txtLoader
[RAG] 테이블 생성 경합 감지, 기존 테이블 사용: Table 'my_rag_table' already exists
[RAG] post=80168145-445c-4a00-902b-0a2ebd059f15 text → 4청크
[RAG] post=b2498a67-efc2-46e2-91f9-d3fe13959740 text → 6청크
[RAG] 학습 진행률: 10% (게시글 본문)
[RAG] post=b1329bb8-5d22-4831-8585-a793e7c5e5d8 text → 2청크
[RAG] 학습 진행률: 20% (게시글 본문)
[RAG] post=3e55107a-3f03-4388-bc85-f88c9b20e3bf text → 1청크
[RAG] post=e80581d3-d90d-4047-a328-17e950b1cceb text → 1청크
[RAG] 학습 진행률: 30% (게시글 본문)
[RAG] post=adf93b00-5fde-4c78-b31d-08ffa89f2ac3 text → 1청크
[RAG] 학습 진행률: 40% (게시글 본문)
[RAG] Word 학습 시작: 【案】 AI画像解析カメラソリューション_要件定義書_v1.0.docx
[RAG] Word 학습 완료: 【案】 AI画像解析カメラソリューション_要件定義書_v1.0.docx (14청크)
[RAG] 학습 진행률: 50% (게시글 Word)
[RAG] post=c37dd9d4-ea78-46b4-8946-16a8356def10 text → 1청크
[RAG] PDF 학습 시작: 20260424_eBloXご説明資料（シリコンキューブ様）.pdf
[RAG] PDF 파싱 시작 (Unstructured fast): 20260424_eBloXご説明資料（シリコンキューブ様）.pdf
[RAG] PDF 파싱 완료 (Unstructured fast): 20260424_eBloXご説明資料（シリコンキューブ様）.pdf / elements=605 / 1.4s
[RAG] PDF 학습 완료: 20260424_eBloXご説明資料（シリコンキューブ様）.pdf (31청크)
[RAG] 분리 저장 완료: /home/freegear/EasyDocStation/Database/ObjectFile/FileTrainingData/c37dd9d4-ea78-46b4-8946-16a8356def10/no_comment/5f0dd07e-4b4c-4a24-8d14-3cdd31453f74/20260424_eBloXこ_説明資料_シリコンキューフ_様_.pdf
[RAG] 학습 진행률: 60% (게시글 PDF)
[RAG] PDF 학습 시작: AI画像解析ソリューションの検討_THIRD_260120.pdf
[RAG] PDF 파싱 시작 (Unstructured fast): AI画像解析ソリューションの検討_THIRD_260120.pdf
[RAG] PDF 파싱 완료 (Unstructured fast): AI画像解析ソリューションの検討_THIRD_260120.pdf / elements=58 / 0.1s
[RAG] PDF 학습 완료: AI画像解析ソリューションの検討_THIRD_260120.pdf (5청크)
[RAG] 분리 저장 완료: /home/freegear/EasyDocStation/Database/ObjectFile/FileTrainingData/c37dd9d4-ea78-46b4-8946-16a8356def10/no_comment/d2f94ad4-6d3f-4592-98ea-4b9c47e48205/AI画像解析ソリューションの検討_THIRD_260120.pdf
[RAG] 학습 진행률: 70% (게시글 PDF)
[RAG] post=bb38973c-6200-4167-86f8-b1f2a223e138 text → 1청크
[RAG] post=1a1b11eb-6f76-411a-b3ec-a5881006cddc text → 18청크
[RAG] 학습 진행률: 80% (게시글 본문)
[RAG] post=d6848cdc-09ac-41ae-b081-665e7faa66b3 text → 45청크
[RAG] 학습 진행률: 90% (게시글 본문)
[RAG] 저장 완료 — 130청크 / 10개 게시글 / 0개 댓글
[RAG] 학습 진행률: 100% (저장)
[2026-06-01T06:55:47.172Z][RAG-REBUILD] 게시글 배치 학습 29/41: 10건
/home/freegear/EasyDocStation/server/rag_train.py:112: DeprecationWarning: `langchain-community` is being sunset and is no longer actively maintained. See https://github.com/langchain-ai/langchain-community/issues/674 for details and migration guidance toward standalone integration packages.
  from langchain_community.document_loaders import Docx2txtLoader
[RAG] 테이블 생성 경합 감지, 기존 테이블 사용: Table 'my_rag_table' already exists
[RAG] post=6a664ae3-7013-468a-bb7d-7196e10bc442 text → 27청크
[RAG] post=18866dc9-6c8b-4552-b5eb-4bdc55a98507 text → 1청크
[RAG] post=026defaa-69bb-45a8-a1fb-d9cc2154c6a5 text → 45청크
[RAG] 학습 진행률: 10% (게시글 본문)
[RAG] post=2860cc68-46d7-44b2-8a34-446b24c188e0 text → 20청크
[RAG] post=db4aa2c7-09f1-48e3-9485-31de5d4e3429 text → 27청크
[RAG] 학습 진행률: 20% (게시글 본문)
[RAG] post=05bd0f97-6629-43c6-ab6e-68d73c8118e2 text → 27청크
[RAG] post=7fbaa6de-a43d-4fc6-88f0-bed430540dc2 text → 1청크
[RAG] post=3ada4ada-2a43-43df-b24a-7974371e622d text → 1청크
[RAG] 학습 진행률: 30% (게시글 본문)
[RAG] PDF 학습 시작: 10-2026-0076577_실리콘큐브_출원 관납료 영수증.pdf
[RAG] PDF 파싱 시작 (Unstructured fast): 10-2026-0076577_실리콘큐브_출원 관납료 영수증.pdf
Could not get FontBBox from font descriptor because None cannot be parsed as 4 floats
Could not get FontBBox from font descriptor because None cannot be parsed as 4 floats
Could not get FontBBox from font descriptor because None cannot be parsed as 4 floats
Could not get FontBBox from font descriptor because None cannot be parsed as 4 floats
Could not get FontBBox from font descriptor because None cannot be parsed as 4 floats
Could not get FontBBox from font descriptor because None cannot be parsed as 4 floats
Could not get FontBBox from font descriptor because None cannot be parsed as 4 floats
Could not get FontBBox from font descriptor because None cannot be parsed as 4 floats
Could not get FontBBox from font descriptor because None cannot be parsed as 4 floats
Could not get FontBBox from font descriptor because None cannot be parsed as 4 floats
Could not get FontBBox from font descriptor because None cannot be parsed as 4 floats
Could not get FontBBox from font descriptor because None cannot be parsed as 4 floats
Could not get FontBBox from font descriptor because None cannot be parsed as 4 floats
Could not get FontBBox from font descriptor because None cannot be parsed as 4 floats
Could not get FontBBox from font descriptor because None cannot be parsed as 4 floats
Could not get FontBBox from font descriptor because None cannot be parsed as 4 floats
[RAG] PDF 파싱 완료 (Unstructured fast): 10-2026-0076577_실리콘큐브_출원 관납료 영수증.pdf / elements=41 / 0.5s
[RAG] PDF 학습 완료: 10-2026-0076577_실리콘큐브_출원 관납료 영수증.pdf (2청크)
[RAG] 분리 저장 완료: /home/freegear/EasyDocStation/Database/ObjectFile/FileTrainingData/3ada4ada-2a43-43df-b24a-7974371e622d/no_comment/915529eb-cc75-45d3-89cb-013f5f52f962/10-2026-0076577_실리콘큐브_출원_관납료_영수증.pdf
[RAG] PDF 학습 시작: 10-2026-0076614_실리콘큐브_출원 관납료 영수증.pdf
[RAG] PDF 파싱 시작 (Unstructured fast): 10-2026-0076614_실리콘큐브_출원 관납료 영수증.pdf
Could not get FontBBox from font descriptor because None cannot be parsed as 4 floats
Could not get FontBBox from font descriptor because None cannot be parsed as 4 floats
Could not get FontBBox from font descriptor because None cannot be parsed as 4 floats
Could not get FontBBox from font descriptor because None cannot be parsed as 4 floats
Could not get FontBBox from font descriptor because None cannot be parsed as 4 floats
Could not get FontBBox from font descriptor because None cannot be parsed as 4 floats
Could not get FontBBox from font descriptor because None cannot be parsed as 4 floats
Could not get FontBBox from font descriptor because None cannot be parsed as 4 floats
Could not get FontBBox from font descriptor because None cannot be parsed as 4 floats
Could not get FontBBox from font descriptor because None cannot be parsed as 4 floats
Could not get FontBBox from font descriptor because None cannot be parsed as 4 floats
Could not get FontBBox from font descriptor because None cannot be parsed as 4 floats
Could not get FontBBox from font descriptor because None cannot be parsed as 4 floats
Could not get FontBBox from font descriptor because None cannot be parsed as 4 floats
Could not get FontBBox from font descriptor because None cannot be parsed as 4 floats
Could not get FontBBox from font descriptor because None cannot be parsed as 4 floats
[RAG] PDF 파싱 완료 (Unstructured fast): 10-2026-0076614_실리콘큐브_출원 관납료 영수증.pdf / elements=41 / 0.1s
[RAG] PDF 학습 완료: 10-2026-0076614_실리콘큐브_출원 관납료 영수증.pdf (2청크)
[RAG] 분리 저장 완료: /home/freegear/EasyDocStation/Database/ObjectFile/FileTrainingData/3ada4ada-2a43-43df-b24a-7974371e622d/no_comment/e9ba00fe-1ae8-49e9-be85-cce3c2ad7dea/10-2026-0076614_실리콘큐브_출원_관납료_영수증.pdf
[RAG] 학습 진행률: 40% (게시글 PDF)
[RAG] PDF 학습 시작: 10-2026-0076615_실리콘큐브_출원 관납료 영수증.pdf
[RAG] PDF 파싱 시작 (Unstructured fast): 10-2026-0076615_실리콘큐브_출원 관납료 영수증.pdf
Could not get FontBBox from font descriptor because None cannot be parsed as 4 floats
Could not get FontBBox from font descriptor because None cannot be parsed as 4 floats
Could not get FontBBox from font descriptor because None cannot be parsed as 4 floats
Could not get FontBBox from font descriptor because None cannot be parsed as 4 floats
Could not get FontBBox from font descriptor because None cannot be parsed as 4 floats
Could not get FontBBox from font descriptor because None cannot be parsed as 4 floats
Could not get FontBBox from font descriptor because None cannot be parsed as 4 floats
Could not get FontBBox from font descriptor because None cannot be parsed as 4 floats
Could not get FontBBox from font descriptor because None cannot be parsed as 4 floats
Could not get FontBBox from font descriptor because None cannot be parsed as 4 floats
Could not get FontBBox from font descriptor because None cannot be parsed as 4 floats
Could not get FontBBox from font descriptor because None cannot be parsed as 4 floats
Could not get FontBBox from font descriptor because None cannot be parsed as 4 floats
Could not get FontBBox from font descriptor because None cannot be parsed as 4 floats
Could not get FontBBox from font descriptor because None cannot be parsed as 4 floats
Could not get FontBBox from font descriptor because None cannot be parsed as 4 floats
[RAG] PDF 파싱 완료 (Unstructured fast): 10-2026-0076615_실리콘큐브_출원 관납료 영수증.pdf / elements=41 / 0.1s
[RAG] PDF 학습 완료: 10-2026-0076615_실리콘큐브_출원 관납료 영수증.pdf (2청크)
[RAG] 분리 저장 완료: /home/freegear/EasyDocStation/Database/ObjectFile/FileTrainingData/3ada4ada-2a43-43df-b24a-7974371e622d/no_comment/e5ecee29-ba48-4059-a909-eb8bcb245859/10-2026-0076615_실리콘큐브_출원_관납료_영수증.pdf
[RAG] PDF 학습 시작: P20260021KR_출원비용청구서.pdf
[RAG] PDF 파싱 시작 (Unstructured fast): P20260021KR_출원비용청구서.pdf
[RAG] PDF 파싱 완료 (Unstructured fast): P20260021KR_출원비용청구서.pdf / elements=42 / 0.1s
[RAG] PDF 학습 완료: P20260021KR_출원비용청구서.pdf (3청크)
[RAG] 분리 저장 완료: /home/freegear/EasyDocStation/Database/ObjectFile/FileTrainingData/3ada4ada-2a43-43df-b24a-7974371e622d/no_comment/5945f6d0-7946-4e26-984f-5ef571f7fd6b/P20260021KR_출원비용청구서.pdf
[RAG] 학습 진행률: 50% (게시글 PDF)
[RAG] PDF 학습 시작: P20260182KR_출원비용청구서.pdf
[RAG] PDF 파싱 시작 (Unstructured fast): P20260182KR_출원비용청구서.pdf
[RAG] PDF 파싱 완료 (Unstructured fast): P20260182KR_출원비용청구서.pdf / elements=42 / 0.1s
[RAG] PDF 학습 완료: P20260182KR_출원비용청구서.pdf (3청크)
[RAG] 분리 저장 완료: /home/freegear/EasyDocStation/Database/ObjectFile/FileTrainingData/3ada4ada-2a43-43df-b24a-7974371e622d/no_comment/5cbc2804-150a-4574-9b99-8ec6868c13f5/P20260182KR_출원비용청구서.pdf
[RAG] PDF 학습 시작: P20260299KR_출원비용청구서.pdf
[RAG] PDF 파싱 시작 (Unstructured fast): P20260299KR_출원비용청구서.pdf
[RAG] PDF 파싱 완료 (Unstructured fast): P20260299KR_출원비용청구서.pdf / elements=42 / 0.1s
[RAG] PDF 학습 완료: P20260299KR_출원비용청구서.pdf (3청크)
[RAG] 분리 저장 완료: /home/freegear/EasyDocStation/Database/ObjectFile/FileTrainingData/3ada4ada-2a43-43df-b24a-7974371e622d/no_comment/5c55b793-6632-47e3-a40f-d442722354c0/P20260299KR_출원비용청구서.pdf
[RAG] post=606dbba9-fda3-4c2f-b0ed-edf02c1a8904 text → 1청크
[RAG] 학습 진행률: 60% (게시글 본문)
[RAG] 이미지 학습 시작: 스크린샷 2026-05-06 오전 7.45.57.png
[RAG] Gemma 이미지 설명 완료 (page=1, 47.3s): 2348자
[RAG] 이미지 학습 완료: 스크린샷 2026-05-06 오전 7.45.57.png (4청크)
[RAG] post=4e1329bb-f94e-417c-97ae-b551cf7d2702 text → 1청크
[RAG] 학습 진행률: 70% (게시글 본문)
[RAG] PDF 학습 시작: 10-2026-0076577_실리콘큐브_출원 관납료 영수증.pdf
[RAG] PDF 파싱 시작 (Unstructured fast): 10-2026-0076577_실리콘큐브_출원 관납료 영수증.pdf
Could not get FontBBox from font descriptor because None cannot be parsed as 4 floats
Could not get FontBBox from font descriptor because None cannot be parsed as 4 floats
Could not get FontBBox from font descriptor because None cannot be parsed as 4 floats
Could not get FontBBox from font descriptor because None cannot be parsed as 4 floats
Could not get FontBBox from font descriptor because None cannot be parsed as 4 floats
Could not get FontBBox from font descriptor because None cannot be parsed as 4 floats
Could not get FontBBox from font descriptor because None cannot be parsed as 4 floats
Could not get FontBBox from font descriptor because None cannot be parsed as 4 floats
Could not get FontBBox from font descriptor because None cannot be parsed as 4 floats
Could not get FontBBox from font descriptor because None cannot be parsed as 4 floats
Could not get FontBBox from font descriptor because None cannot be parsed as 4 floats
Could not get FontBBox from font descriptor because None cannot be parsed as 4 floats
Could not get FontBBox from font descriptor because None cannot be parsed as 4 floats
Could not get FontBBox from font descriptor because None cannot be parsed as 4 floats
Could not get FontBBox from font descriptor because None cannot be parsed as 4 floats
Could not get FontBBox from font descriptor because None cannot be parsed as 4 floats
[RAG] PDF 파싱 완료 (Unstructured fast): 10-2026-0076577_실리콘큐브_출원 관납료 영수증.pdf / elements=41 / 0.1s
[RAG] PDF 학습 완료: 10-2026-0076577_실리콘큐브_출원 관납료 영수증.pdf (2청크)
[RAG] 분리 저장 완료: /home/freegear/EasyDocStation/Database/ObjectFile/FileTrainingData/4e1329bb-f94e-417c-97ae-b551cf7d2702/no_comment/ecce51fb-7bfb-4088-b439-4a4e7d5c0c71/10-2026-0076577_실리콘큐브_출원_관납료_영수증.pdf
[RAG] PDF 학습 시작: P20260299KR_출원비용청구서.pdf
[RAG] PDF 파싱 시작 (Unstructured fast): P20260299KR_출원비용청구서.pdf
[RAG] PDF 파싱 완료 (Unstructured fast): P20260299KR_출원비용청구서.pdf / elements=42 / 0.0s
[RAG] PDF 학습 완료: P20260299KR_출원비용청구서.pdf (3청크)
[RAG] 분리 저장 완료: /home/freegear/EasyDocStation/Database/ObjectFile/FileTrainingData/4e1329bb-f94e-417c-97ae-b551cf7d2702/no_comment/26eaa63e-a128-4144-9e98-f23e119c5849/P20260299KR_출원비용청구서.pdf
[RAG] PDF 학습 시작: P20260021KR_출원비용청구서.pdf
[RAG] PDF 파싱 시작 (Unstructured fast): P20260021KR_출원비용청구서.pdf
[RAG] PDF 파싱 완료 (Unstructured fast): P20260021KR_출원비용청구서.pdf / elements=42 / 0.1s
[RAG] PDF 학습 완료: P20260021KR_출원비용청구서.pdf (3청크)
[RAG] 분리 저장 완료: /home/freegear/EasyDocStation/Database/ObjectFile/FileTrainingData/4e1329bb-f94e-417c-97ae-b551cf7d2702/no_comment/d5f60882-8422-4865-a8d2-03624d35a552/P20260021KR_출원비용청구서.pdf
[RAG] 학습 진행률: 80% (게시글 PDF)
[RAG] PDF 학습 시작: 10-2026-0076614_실리콘큐브_출원 관납료 영수증.pdf
[RAG] PDF 파싱 시작 (Unstructured fast): 10-2026-0076614_실리콘큐브_출원 관납료 영수증.pdf
Could not get FontBBox from font descriptor because None cannot be parsed as 4 floats
Could not get FontBBox from font descriptor because None cannot be parsed as 4 floats
Could not get FontBBox from font descriptor because None cannot be parsed as 4 floats
Could not get FontBBox from font descriptor because None cannot be parsed as 4 floats
Could not get FontBBox from font descriptor because None cannot be parsed as 4 floats
Could not get FontBBox from font descriptor because None cannot be parsed as 4 floats
Could not get FontBBox from font descriptor because None cannot be parsed as 4 floats
Could not get FontBBox from font descriptor because None cannot be parsed as 4 floats
Could not get FontBBox from font descriptor because None cannot be parsed as 4 floats
Could not get FontBBox from font descriptor because None cannot be parsed as 4 floats
Could not get FontBBox from font descriptor because None cannot be parsed as 4 floats
Could not get FontBBox from font descriptor because None cannot be parsed as 4 floats
Could not get FontBBox from font descriptor because None cannot be parsed as 4 floats
Could not get FontBBox from font descriptor because None cannot be parsed as 4 floats
Could not get FontBBox from font descriptor because None cannot be parsed as 4 floats
Could not get FontBBox from font descriptor because None cannot be parsed as 4 floats
[RAG] PDF 파싱 완료 (Unstructured fast): 10-2026-0076614_실리콘큐브_출원 관납료 영수증.pdf / elements=41 / 0.1s
[RAG] PDF 학습 완료: 10-2026-0076614_실리콘큐브_출원 관납료 영수증.pdf (2청크)
[RAG] 분리 저장 완료: /home/freegear/EasyDocStation/Database/ObjectFile/FileTrainingData/4e1329bb-f94e-417c-97ae-b551cf7d2702/no_comment/ed755108-a602-4a13-9d7e-c003b147f2ea/10-2026-0076614_실리콘큐브_출원_관납료_영수증.pdf
[RAG] PDF 학습 시작: P20260182KR_출원비용청구서.pdf
[RAG] PDF 파싱 시작 (Unstructured fast): P20260182KR_출원비용청구서.pdf
[RAG] PDF 파싱 완료 (Unstructured fast): P20260182KR_출원비용청구서.pdf / elements=42 / 0.0s
[RAG] PDF 학습 완료: P20260182KR_출원비용청구서.pdf (3청크)
[RAG] 분리 저장 완료: /home/freegear/EasyDocStation/Database/ObjectFile/FileTrainingData/4e1329bb-f94e-417c-97ae-b551cf7d2702/no_comment/6c06d91a-64db-4740-b59c-f6c9a5f0362c/P20260182KR_출원비용청구서.pdf
[RAG] 학습 진행률: 90% (게시글 PDF)
[RAG] PDF 학습 시작: P20250913KR_출원비용견적서.pdf
[RAG] PDF 파싱 시작 (Unstructured fast): P20250913KR_출원비용견적서.pdf
[RAG] PDF 파싱 완료 (Unstructured fast): P20250913KR_출원비용견적서.pdf / elements=48 / 0.1s
[RAG] PDF 학습 완료: P20250913KR_출원비용견적서.pdf (2청크)
[RAG] 분리 저장 완료: /home/freegear/EasyDocStation/Database/ObjectFile/FileTrainingData/4e1329bb-f94e-417c-97ae-b551cf7d2702/no_comment/8aacb298-13a1-4ab0-8c01-ee86d57749de/P20250913KR_출원비용견적서.pdf
[RAG] 저장 완료 — 185청크 / 10개 게시글 / 0개 댓글
[RAG] 학습 진행률: 100% (저장)
[2026-06-01T06:56:45.069Z][RAG-REBUILD] 게시글 배치 학습 30/41: 10건
/home/freegear/EasyDocStation/server/rag_train.py:112: DeprecationWarning: `langchain-community` is being sunset and is no longer actively maintained. See https://github.com/langchain-ai/langchain-community/issues/674 for details and migration guidance toward standalone integration packages.
  from langchain_community.document_loaders import Docx2txtLoader
[RAG] 테이블 생성 경합 감지, 기존 테이블 사용: Table 'my_rag_table' already exists
[RAG] post=c69d989f-4508-495c-8dd3-4902f66f03b7 text → 1청크
[RAG] PDF 학습 시작: P20250913KR_출원비용견적서.pdf
[RAG] PDF 파싱 시작 (Unstructured fast): P20250913KR_출원비용견적서.pdf
[RAG] PDF 파싱 완료 (Unstructured fast): P20250913KR_출원비용견적서.pdf / elements=48 / 0.5s
[RAG] PDF 학습 완료: P20250913KR_출원비용견적서.pdf (2청크)
[RAG] 분리 저장 완료: /home/freegear/EasyDocStation/Database/ObjectFile/FileTrainingData/c69d989f-4508-495c-8dd3-4902f66f03b7/no_comment/d95583c8-3139-4a60-a100-7b9f73148d5a/P20250913KR_출원비용견적서.pdf
[RAG] post=d1f6a39a-8608-4159-98cd-cb204ac0c68b text → 1청크
[RAG] 학습 진행률: 10% (게시글 본문)
[RAG] Word 학습 시작: 제안서 Master1.docx
[RAG] Word 학습 완료: 제안서 Master1.docx (3청크)
[RAG] post=69608c7e-1980-418a-8d39-891a722bade8 text → 1청크
[RAG] post=be38908c-ca82-4f47-9807-cbbf01523520 text → 1청크
[RAG] 학습 진행률: 20% (게시글 본문)
[RAG] post=5f8d6bdd-f662-4a03-a5d6-c6848a30e7c1 text → 1청크
[RAG] 이미지 학습 시작: 2c4675db-a62e-46c2-9906-d67f8cae9724.png
[RAG] Gemma 이미지 설명 완료 (page=1, 39.9s): 2784자
[RAG] 이미지 학습 완료: 2c4675db-a62e-46c2-9906-d67f8cae9724.png (4청크)
[RAG] post=ae71b618-0203-4fe1-8a2e-650c199a07e7 text → 1청크
[RAG] 학습 진행률: 30% (게시글 본문)
[RAG] 이미지 학습 시작: da499f67-2f4e-42c8-909d-fd81fed32438.png
[RAG] Gemma 이미지 설명 완료 (page=1, 32.2s): 2388자
[RAG] 이미지 학습 완료: da499f67-2f4e-42c8-909d-fd81fed32438.png (4청크)
[RAG] post=d7858f9c-4247-41ee-9624-3c435197e2ed text → 1청크
[RAG] PDF 학습 시작: 1. 연구개발계획서_트리포스_v1.4.pdf
[RAG] PDF 파싱 시작 (Unstructured fast): 1. 연구개발계획서_트리포스_v1.4.pdf
Ignoring wrong pointing object 6 0 (offset 0)
Ignoring wrong pointing object 10 0 (offset 0)
Ignoring wrong pointing object 12 0 (offset 0)
Ignoring wrong pointing object 14 0 (offset 0)
Ignoring wrong pointing object 48 0 (offset 0)
Ignoring wrong pointing object 148 0 (offset 0)
Ignoring wrong pointing object 155 0 (offset 0)
Ignoring wrong pointing object 190 0 (offset 0)
[RAG] PDF 학습 완료: 1. 연구개발계획서_트리포스_v1.4.pdf (98청크)
[RAG] 분리 저장 완료: /home/freegear/EasyDocStation/Database/ObjectFile/FileTrainingData/d7858f9c-4247-41ee-9624-3c435197e2ed/no_comment/4d788302-1c10-4d2e-8017-82f2a29e8b16/1._연구개발계획서_트리포스_v1.4.pdf
[RAG] 학습 진행률: 40% (게시글 PDF)
[RAG] PDF 학습 시작: 컨소시엄 확약서.pdf
[RAG] PDF 파싱 시작 (Unstructured fast): 컨소시엄 확약서.pdf
[RAG] Tesseract OCR fallback 시작: lang=kor+eng, pages=1
[RAG] Tesseract OCR 진행: 1/1
[RAG] Tesseract OCR fallback 완료: 추출 페이지 1/1
[RAG] PDF 학습 완료: 컨소시엄 확약서.pdf (1청크)
[RAG] 분리 저장 완료: /home/freegear/EasyDocStation/Database/ObjectFile/FileTrainingData/d7858f9c-4247-41ee-9624-3c435197e2ed/no_comment/e9364556-4063-4574-9c43-1b2bd99f45dd/컨소시엄_확약서.pdf
[RAG] PDF 학습 시작: 0452_001.pdf
[RAG] PDF 파싱 시작 (Unstructured fast): 0452_001.pdf
[RAG] Tesseract OCR fallback 시작: lang=kor+eng, pages=1
[RAG] Tesseract OCR 진행: 1/1
[RAG] Tesseract OCR fallback 완료: 추출 페이지 1/1
[RAG] PDF 학습 완료: 0452_001.pdf (3청크)
[RAG] 분리 저장 완료: /home/freegear/EasyDocStation/Database/ObjectFile/FileTrainingData/d7858f9c-4247-41ee-9624-3c435197e2ed/no_comment/3246e8d5-9d55-4036-8232-40caaf1638dc/0452_001.pdf
[RAG] PDF 학습 시작: 0459_001.pdf
[RAG] PDF 파싱 시작 (Unstructured fast): 0459_001.pdf
[RAG] Tesseract OCR fallback 시작: lang=kor+eng, pages=1
[RAG] Tesseract OCR 진행: 1/1
[RAG] Tesseract OCR fallback 완료: 추출 페이지 1/1
[RAG] PDF 학습 완료: 0459_001.pdf (2청크)
[RAG] 분리 저장 완료: /home/freegear/EasyDocStation/Database/ObjectFile/FileTrainingData/d7858f9c-4247-41ee-9624-3c435197e2ed/no_comment/3aca48fa-b650-48a7-b5ac-7d90502f8e4c/0459_001.pdf
[RAG] 학습 진행률: 50% (게시글 PDF)
[RAG] PDF 학습 시작: 0458_001.pdf
[RAG] PDF 파싱 시작 (Unstructured fast): 0458_001.pdf
[RAG] Tesseract OCR fallback 시작: lang=kor+eng, pages=1
[RAG] Tesseract OCR 진행: 1/1
[RAG] Tesseract OCR fallback 완료: 추출 페이지 1/1
[RAG] PDF 학습 완료: 0458_001.pdf (2청크)
[RAG] 분리 저장 완료: /home/freegear/EasyDocStation/Database/ObjectFile/FileTrainingData/d7858f9c-4247-41ee-9624-3c435197e2ed/no_comment/f1c0da6e-67ae-4245-a528-6b10472fc448/0458_001.pdf
[RAG] PDF 학습 시작: 0460_001.pdf
[RAG] PDF 파싱 시작 (Unstructured fast): 0460_001.pdf
[RAG] Tesseract OCR fallback 시작: lang=kor+eng, pages=1
[RAG] Tesseract OCR 진행: 1/1
[RAG] Tesseract OCR fallback 완료: 추출 페이지 1/1
[RAG] PDF 학습 완료: 0460_001.pdf (2청크)
[RAG] 분리 저장 완료: /home/freegear/EasyDocStation/Database/ObjectFile/FileTrainingData/d7858f9c-4247-41ee-9624-3c435197e2ed/no_comment/21a51078-4e8b-46e4-8060-d63ac6f3260f/0460_001.pdf
[RAG] PDF 학습 시작: 0460_001.pdf
[RAG] PDF 파싱 시작 (Unstructured fast): 0460_001.pdf
[RAG] Tesseract OCR fallback 시작: lang=kor+eng, pages=1
[RAG] Tesseract OCR 진행: 1/1
[RAG] Tesseract OCR fallback 완료: 추출 페이지 1/1
[RAG] PDF 학습 완료: 0460_001.pdf (2청크)
[RAG] 분리 저장 완료: /home/freegear/EasyDocStation/Database/ObjectFile/FileTrainingData/d7858f9c-4247-41ee-9624-3c435197e2ed/no_comment/bc027a4f-a3ad-42b6-9baa-a52fb8440aa5/0460_001.pdf
[RAG] 학습 진행률: 60% (게시글 PDF)
[RAG] PDF 학습 시작: 컨소시엄_확약서.pdf
[RAG] PDF 파싱 시작 (Unstructured fast): 컨소시엄_확약서.pdf
[RAG] Tesseract OCR fallback 시작: lang=kor+eng, pages=1
[RAG] Tesseract OCR 진행: 1/1
[RAG] Tesseract OCR fallback 완료: 추출 페이지 1/1
[RAG] PDF 학습 완료: 컨소시엄_확약서.pdf (2청크)
[RAG] 분리 저장 완료: /home/freegear/EasyDocStation/Database/ObjectFile/FileTrainingData/d7858f9c-4247-41ee-9624-3c435197e2ed/no_comment/0bcbb012-7185-447a-8ba5-173b43791231/컨소시엄_확약서.pdf
[RAG] PDF 학습 시작: 개인정보 수집 이용 동의자 목록.pdf
[RAG] PDF 파싱 시작 (Unstructured fast): 개인정보 수집 이용 동의자 목록.pdf
[RAG] Tesseract OCR fallback 시작: lang=kor+eng, pages=1
[RAG] Tesseract OCR 진행: 1/1
[RAG] Tesseract OCR fallback 완료: 추출 페이지 1/1
[RAG] PDF 학습 완료: 개인정보 수집 이용 동의자 목록.pdf (1청크)
[RAG] 분리 저장 완료: /home/freegear/EasyDocStation/Database/ObjectFile/FileTrainingData/d7858f9c-4247-41ee-9624-3c435197e2ed/no_comment/76d51ff2-85c8-4c5e-9d3f-e71ee427cb26/개인정보_수집_이용_동의자_목록.pdf
[RAG] PDF 학습 시작: 보안등급 확인서.pdf
[RAG] PDF 파싱 시작 (Unstructured fast): 보안등급 확인서.pdf
[RAG] Tesseract OCR fallback 시작: lang=kor+eng, pages=1
[RAG] Tesseract OCR 진행: 1/1
[RAG] Tesseract OCR fallback 완료: 추출 페이지 1/1
[RAG] PDF 학습 완료: 보안등급 확인서.pdf (3청크)
[RAG] 분리 저장 완료: /home/freegear/EasyDocStation/Database/ObjectFile/FileTrainingData/d7858f9c-4247-41ee-9624-3c435197e2ed/no_comment/d8a0ac21-7f08-415f-bd81-1bd5df395b31/보안등급_확인서.pdf
[RAG] 학습 진행률: 70% (게시글 PDF)
[RAG] PDF 학습 시작: 보안등급 분류 자체 점검표.pdf
[RAG] PDF 파싱 시작 (Unstructured fast): 보안등급 분류 자체 점검표.pdf
[RAG] Tesseract OCR fallback 시작: lang=kor+eng, pages=1
[RAG] Tesseract OCR 진행: 1/1
[RAG] Tesseract OCR fallback 완료: 추출 페이지 1/1
[RAG] PDF 학습 완료: 보안등급 분류 자체 점검표.pdf (3청크)
[RAG] 분리 저장 완료: /home/freegear/EasyDocStation/Database/ObjectFile/FileTrainingData/d7858f9c-4247-41ee-9624-3c435197e2ed/no_comment/7ef720f0-c674-47f4-8dd3-9cf2d65281af/보안등급_분류_자체_점검표.pdf
[RAG] PDF 학습 시작: 보안등급 확약서.pdf
[RAG] PDF 파싱 시작 (Unstructured fast): 보안등급 확약서.pdf
[RAG] Tesseract OCR fallback 시작: lang=kor+eng, pages=1
[RAG] Tesseract OCR 진행: 1/1
[RAG] Tesseract OCR fallback 완료: 추출 페이지 1/1
[RAG] PDF 학습 완료: 보안등급 확약서.pdf (2청크)
[RAG] 분리 저장 완료: /home/freegear/EasyDocStation/Database/ObjectFile/FileTrainingData/d7858f9c-4247-41ee-9624-3c435197e2ed/no_comment/575304dc-f177-4947-91ae-9609eaab7a5d/보안등급_확약서.pdf
[RAG] post=159b31e0-7b5b-4653-abb7-71cd7cf063c6 text → 1청크
[RAG] 학습 진행률: 80% (게시글 본문)
[RAG] post=5e353eca-ff91-495c-916a-a00c308566db text → 1청크
[RAG] PDF 학습 시작: spc 지비전K연새비상 주식회사 연세대 교직원식당 한경관 어울샘 관련 ai _1777854322831.pdf
[RAG] PDF 파싱 시작 (Unstructured fast): spc 지비전K연새비상 주식회사 연세대 교직원식당 한경관 어울샘 관련 ai _1777854322831.pdf
Ignoring wrong pointing object 6 0 (offset 0)
[RAG] PDF 파싱 완료 (Unstructured fast): spc 지비전K연새비상 주식회사 연세대 교직원식당 한경관 어울샘 관련 ai _1777854322831.pdf / elements=364 / 1.4s
[RAG] PDF 학습 완료: spc 지비전K연새비상 주식회사 연세대 교직원식당 한경관 어울샘 관련 ai _1777854322831.pdf (29청크)
[RAG] 분리 저장 완료: /home/freegear/EasyDocStation/Database/ObjectFile/FileTrainingData/5e353eca-ff91-495c-916a-a00c308566db/no_comment/82078d02-f527-46a9-8e26-989caa2be9f0/spc_지비전K연새비상_주식회사_연세대_교직원식당_한경관_어울샘_관련_ai__1777854322831.pdf
[RAG] post=33b6d259-6e9b-47c3-b6c1-2331ee6f8285 text → 1청크
[RAG] 학습 진행률: 90% (게시글 본문)
[RAG] PDF 학습 시작: 최요한 연세대학교 상남경영관 관련내용 (1)_1777854341309.pdf
[RAG] PDF 파싱 시작 (Unstructured fast): 최요한 연세대학교 상남경영관 관련내용 (1)_1777854341309.pdf
[RAG] PDF 파싱 완료 (Unstructured fast): 최요한 연세대학교 상남경영관 관련내용 (1)_1777854341309.pdf / elements=363 / 1.1s
[RAG] PDF 학습 완료: 최요한 연세대학교 상남경영관 관련내용 (1)_1777854341309.pdf (28청크)
[RAG] 분리 저장 완료: /home/freegear/EasyDocStation/Database/ObjectFile/FileTrainingData/33b6d259-6e9b-47c3-b6c1-2331ee6f8285/no_comment/7a91da22-9f4f-4268-bc54-adee5a049516/최요한_연세대학교_상남경영관_관련내용_1__1777854341309.pdf
[RAG] 저장 완료 — 201청크 / 10개 게시글 / 0개 댓글
[RAG] 학습 진행률: 100% (저장)
[2026-06-01T06:58:37.391Z][RAG-REBUILD] 게시글 배치 학습 31/41: 10건
/home/freegear/EasyDocStation/server/rag_train.py:112: DeprecationWarning: `langchain-community` is being sunset and is no longer actively maintained. See https://github.com/langchain-ai/langchain-community/issues/674 for details and migration guidance toward standalone integration packages.
  from langchain_community.document_loaders import Docx2txtLoader
[RAG] 테이블 생성 경합 감지, 기존 테이블 사용: Table 'my_rag_table' already exists
[RAG] post=0d30fe8c-d99f-4d5b-9994-8885dae08bf0 text → 1청크
[RAG] post=ad169973-ffb7-49f1-8cfd-e08c8145cf78 text → 1청크
[RAG] 학습 진행률: 10% (게시글 본문)
[RAG] post=4e81a4b6-ed1f-4a43-90ad-6321eb0aef8c text → 4청크
[RAG] 학습 진행률: 20% (게시글 본문)
[RAG] post=a0b85d2f-2585-4fd7-abd0-581a3223ec1e text → 1청크
[RAG] 학습 진행률: 30% (게시글 본문)
[RAG] post=0075e0b4-3a2c-4e9e-b970-b5183b9c2723 text → 1청크
[RAG] 학습 진행률: 40% (게시글 본문)
[RAG] post=920989f6-f2bc-432a-ad18-094efafa41cc text → 1청크
[RAG] 학습 진행률: 50% (게시글 본문)
[RAG] post=6c6b6ca8-6b63-4c4c-917a-5f8da568cf0f text → 1청크
[RAG] 학습 진행률: 60% (게시글 본문)
[RAG] post=1d2ee91c-dc01-44ab-bfa8-20760279c6ce text → 1청크
[RAG] 학습 진행률: 70% (게시글 본문)
[RAG] post=fe5db5a3-ea99-46d3-b49e-72cfcc733010 text → 1청크
[RAG] 학습 진행률: 80% (게시글 본문)
[RAG] post=3bff1c1c-84ca-4380-98d7-56611fbee6b6 text → 4청크
[RAG] 학습 진행률: 90% (게시글 본문)
[RAG] 저장 완료 — 16청크 / 10개 게시글 / 0개 댓글
[RAG] 학습 진행률: 100% (저장)
[2026-06-01T06:58:42.973Z][RAG-REBUILD] 게시글 배치 학습 32/41: 10건
/home/freegear/EasyDocStation/server/rag_train.py:112: DeprecationWarning: `langchain-community` is being sunset and is no longer actively maintained. See https://github.com/langchain-ai/langchain-community/issues/674 for details and migration guidance toward standalone integration packages.
  from langchain_community.document_loaders import Docx2txtLoader
[RAG] 테이블 생성 경합 감지, 기존 테이블 사용: Table 'my_rag_table' already exists
[RAG] post=1335fb07-e243-4c9d-866e-90c437322903 text → 1청크
[RAG] PDF 학습 시작: SC_중소기업확인서(~20270331).pdf
[RAG] PDF 파싱 시작 (Unstructured fast): SC_중소기업확인서(~20270331).pdf
[RAG] Tesseract OCR fallback 시작: lang=kor+eng, pages=1
[RAG] Tesseract OCR 진행: 1/1
[RAG] Tesseract OCR fallback 완료: 추출 페이지 1/1
[RAG] PDF 학습 완료: SC_중소기업확인서(~20270331).pdf (2청크)
[RAG] 분리 저장 완료: /home/freegear/EasyDocStation/Database/ObjectFile/FileTrainingData/1335fb07-e243-4c9d-866e-90c437322903/no_comment/d784731a-0b30-4b84-843c-009838be4324/SC_중소기업확인서_20270331_.pdf
[RAG] 학습 진행률: 10% (게시글 PDF)
[RAG] post=8dfa12e0-cd55-4dd5-a2e4-d11e09be5cd4 text → 1청크
[RAG] PDF 학습 시작: 2026_05_22_메모.pdf
[RAG] PDF 파싱 시작 (Unstructured fast): 2026_05_22_메모.pdf
[RAG] PDF 파싱 완료 (Unstructured fast): 2026_05_22_메모.pdf / elements=244 / 0.7s
[RAG] PDF 학습 완료: 2026_05_22_메모.pdf (11청크)
[RAG] 분리 저장 완료: /home/freegear/EasyDocStation/Database/ObjectFile/FileTrainingData/8dfa12e0-cd55-4dd5-a2e4-d11e09be5cd4/no_comment/08952feb-ae98-43d3-9abe-50494228f2c2/2026_05_22_메모.pdf
[RAG] 학습 진행률: 20% (게시글 PDF)
[RAG] post=e85f2b8c-bd57-432f-9771-6167b2e619bf text → 1청크
[RAG] Word 학습 시작: 레이저 프로파일링과 AI 뎁스 추정 기술.docx
[RAG] Word 학습 완료: 레이저 프로파일링과 AI 뎁스 추정 기술.docx (8청크)
[RAG] 학습 진행률: 30% (게시글 Word)
[RAG] post=93966f60-3ceb-4cbd-8018-fc8dc0a91c47 text → 1청크
[RAG] PDF 학습 시작: 실리콘큐브_사업걔획서_1_42.pdf
[RAG] PDF 파싱 시작 (Unstructured fast): 실리콘큐브_사업걔획서_1_42.pdf
Ignoring wrong pointing object 6 0 (offset 0)
Ignoring wrong pointing object 11 0 (offset 0)
Ignoring wrong pointing object 13 0 (offset 0)
Ignoring wrong pointing object 15 0 (offset 0)
Ignoring wrong pointing object 17 0 (offset 0)
Ignoring wrong pointing object 28 0 (offset 0)
Ignoring wrong pointing object 30 0 (offset 0)
Ignoring wrong pointing object 33 0 (offset 0)
Ignoring wrong pointing object 40 0 (offset 0)
Ignoring wrong pointing object 55 0 (offset 0)
Ignoring wrong pointing object 57 0 (offset 0)
Ignoring wrong pointing object 68 0 (offset 0)
Ignoring wrong pointing object 82 0 (offset 0)
Ignoring wrong pointing object 105 0 (offset 0)
Ignoring wrong pointing object 107 0 (offset 0)
Ignoring wrong pointing object 109 0 (offset 0)
Ignoring wrong pointing object 114 0 (offset 0)
Ignoring wrong pointing object 116 0 (offset 0)
Ignoring wrong pointing object 118 0 (offset 0)
Ignoring wrong pointing object 120 0 (offset 0)
Ignoring wrong pointing object 122 0 (offset 0)
Ignoring wrong pointing object 126 0 (offset 0)
Ignoring wrong pointing object 128 0 (offset 0)
Ignoring wrong pointing object 130 0 (offset 0)
Ignoring wrong pointing object 136 0 (offset 0)
Ignoring wrong pointing object 138 0 (offset 0)
Ignoring wrong pointing object 153 0 (offset 0)
Ignoring wrong pointing object 159 0 (offset 0)
Ignoring wrong pointing object 162 0 (offset 0)
Ignoring wrong pointing object 164 0 (offset 0)
[RAG] PDF 파싱 완료 (Unstructured fast): 실리콘큐브_사업걔획서_1_42.pdf / elements=278 / 0.7s
[RAG] PDF 학습 완료: 실리콘큐브_사업걔획서_1_42.pdf (21청크)
[RAG] 분리 저장 완료: /home/freegear/EasyDocStation/Database/ObjectFile/FileTrainingData/93966f60-3ceb-4cbd-8018-fc8dc0a91c47/no_comment/800a602a-b7bd-4426-85ad-85d92b01d7c6/실리콘큐브_사업걔획서_1_42.pdf
[RAG] 학습 진행률: 40% (게시글 PDF)
[RAG] post=d2c6c8d2-3c21-4593-a1b1-056a389959c8 text → 1청크
[RAG] PDF 학습 시작: 웹사이트_콘텐츠_점검_솔루션_소개서_2025_웹소울랩.pdf
[RAG] PDF 파싱 시작 (Unstructured fast): 웹사이트_콘텐츠_점검_솔루션_소개서_2025_웹소울랩.pdf
[RAG] Tesseract OCR fallback 시작: lang=kor+eng, pages=16
[RAG] Tesseract OCR 진행: 1/16
[RAG] Tesseract OCR 진행: 5/16
[RAG] Tesseract OCR 진행: 10/16
[RAG] Tesseract OCR 진행: 15/16
[RAG] Tesseract OCR 진행: 16/16
[RAG] Tesseract OCR fallback 완료: 추출 페이지 15/16
[RAG] PDF 학습 완료: 웹사이트_콘텐츠_점검_솔루션_소개서_2025_웹소울랩.pdf (17청크)
[RAG] 분리 저장 완료: /home/freegear/EasyDocStation/Database/ObjectFile/FileTrainingData/d2c6c8d2-3c21-4593-a1b1-056a389959c8/no_comment/430f98a7-9067-48f9-bc8c-746460d8f66b/웹사이트_콘텐츠_점검_솔루션_소개서_2025_웹소울랩.pdf
[RAG] 학습 진행률: 50% (게시글 PDF)
[RAG] PDF 학습 시작: 혁신 인공지능(AI) 창업기업(스타트업), 대기업 거대언어모델(LLM) 기반(인프라)을 활ᄋ.pdf
[RAG] PDF 파싱 시작 (Unstructured fast): 혁신 인공지능(AI) 창업기업(스타트업), 대기업 거대언어모델(LLM) 기반(인프라)을 활ᄋ.pdf
[RAG] PDF 파싱 완료 (Unstructured fast): 혁신 인공지능(AI) 창업기업(스타트업), 대기업 거대언어모델(LLM) 기반(인프라)을 활ᄋ.pdf / elements=96 / 0.3s
[RAG] PDF 학습 완료: 혁신 인공지능(AI) 창업기업(스타트업), 대기업 거대언어모델(LLM) 기반(인프라)을 활ᄋ.pdf (7청크)
[RAG] 분리 저장 완료: /home/freegear/EasyDocStation/Database/ObjectFile/FileTrainingData/d2c6c8d2-3c21-4593-a1b1-056a389959c8/no_comment/7f2e68a0-6538-413d-a2ca-405957c7f0ea/혁신_인공지능_AI_창업기업_스타트업_대기업_거대언어모델_LLM_기반_인프라_을_활ᄋ.pdf
[RAG] post=34fa8f8f-0f41-4bec-bdce-0b1257198175 text → 1청크
[RAG] 학습 진행률: 60% (게시글 본문)
[RAG] PDF 학습 시작: 2026.05-현대건설 과제 계약 사항s.pdf
[RAG] PDF 파싱 시작 (Unstructured fast): 2026.05-현대건설 과제 계약 사항s.pdf
[RAG] PDF 파싱 완료 (Unstructured fast): 2026.05-현대건설 과제 계약 사항s.pdf / elements=37 / 0.1s
[RAG] PDF 학습 완료: 2026.05-현대건설 과제 계약 사항s.pdf (11청크)
[RAG] 분리 저장 완료: /home/freegear/EasyDocStation/Database/ObjectFile/FileTrainingData/34fa8f8f-0f41-4bec-bdce-0b1257198175/no_comment/2a9d7fc4-50ce-4222-b230-e30016b32432/2026.05-현대건설_과제_계약_사항s.pdf
[RAG] post=90c68e2c-48ed-462d-ab53-c3ba4edb177d text → 1청크
[RAG] 학습 진행률: 70% (게시글 본문)
[RAG] PDF 학습 시작: 2026.05-현대건설 과제 계약 사항.pdf
[RAG] PDF 파싱 시작 (Unstructured fast): 2026.05-현대건설 과제 계약 사항.pdf
Ignoring wrong pointing object 9 0 (offset 0)
Ignoring wrong pointing object 81 0 (offset 0)
Ignoring wrong pointing object 82 0 (offset 0)
[RAG] PDF 파싱 완료 (Unstructured fast): 2026.05-현대건설 과제 계약 사항.pdf / elements=37 / 0.1s
[RAG] PDF 학습 완료: 2026.05-현대건설 과제 계약 사항.pdf (11청크)
[RAG] 분리 저장 완료: /home/freegear/EasyDocStation/Database/ObjectFile/FileTrainingData/90c68e2c-48ed-462d-ab53-c3ba4edb177d/no_comment/d983ad26-0fe5-4c58-b32e-823ff0d89694/2026.05-현대건설_과제_계약_사항.pdf
[RAG] post=b15881e6-eb06-4626-a9ce-d4385e914c2b text → 1청크
[RAG] 학습 진행률: 80% (게시글 본문)
[RAG] post=aa0d8ba2-baa6-4b61-9109-3240a49f44ab text → 4청크
[RAG] post=5be267dc-c580-4b5c-86a7-adbe2e3aad7d text → 1청크
[RAG] 학습 진행률: 90% (게시글 본문)
[RAG] 저장 완료 — 101청크 / 10개 게시글 / 0개 댓글
[RAG] 학습 진행률: 100% (저장)
[2026-06-01T06:59:12.691Z][RAG-REBUILD] 게시글 배치 학습 33/41: 10건
/home/freegear/EasyDocStation/server/rag_train.py:112: DeprecationWarning: `langchain-community` is being sunset and is no longer actively maintained. See https://github.com/langchain-ai/langchain-community/issues/674 for details and migration guidance toward standalone integration packages.
  from langchain_community.document_loaders import Docx2txtLoader
[RAG] 테이블 생성 경합 감지, 기존 테이블 사용: Table 'my_rag_table' already exists
[RAG] post=fe477a3d-1ce9-480c-9d77-bb88677185fa text → 1청크
[RAG] 이미지 학습 시작: 스크린샷 2026-05-08 오전 1.26.18.png
[RAG] Gemma 이미지 설명 완료 (page=1, 35.9s): 2217자
[RAG] 이미지 학습 완료: 스크린샷 2026-05-08 오전 1.26.18.png (4청크)
[RAG] 학습 진행률: 10% (게시글 이미지)
[RAG] 이미지 학습 시작: 스크린샷 2026-05-08 오전 1.26.26.png
[RAG] Gemma 이미지 설명 완료 (page=1, 29.5s): 1775자
[RAG] 이미지 학습 완료: 스크린샷 2026-05-08 오전 1.26.26.png (3청크)
[RAG] 학습 진행률: 20% (게시글 이미지)
[RAG] post=73ee0b79-1d65-476f-8acd-4bd427cbe5f1 text → 14청크
[RAG] post=f59483ce-d8b0-4461-ba10-d74eda0bc270 text → 14청크
[RAG] 학습 진행률: 30% (게시글 본문)
[RAG] post=cd97ca61-60ab-413b-9ff9-c78e92e50e62 text → 10청크
[RAG] 학습 진행률: 40% (게시글 본문)
[RAG] post=7010b189-8fc8-4dde-84fa-2e3df0764f23 text → 1청크
[RAG] 이미지 학습 시작: 스크린샷 2026-05-07 오전 6.44.59.png
[RAG] Gemma 이미지 설명 완료 (page=1, 28.6s): 2023자
[RAG] 이미지 학습 완료: 스크린샷 2026-05-07 오전 6.44.59.png (3청크)
[RAG] 학습 진행률: 50% (게시글 이미지)
[RAG] post=f96f19df-6321-4128-911f-72c0486e4bc4 text → 1청크
[RAG] 학습 진행률: 60% (게시글 본문)
[RAG] post=f80f9695-0d9f-4b69-a8d7-5f28377593d7 text → 4청크
[RAG] post=2c83a773-fa09-42fb-b5a9-8c348662a977 text → 29청크
[RAG] 학습 진행률: 70% (게시글 본문)
[RAG] post=e44206ec-eca5-4d22-826b-0760cfe2caf1 text → 29청크
[RAG] 학습 진행률: 80% (게시글 본문)
[RAG] post=bc47231d-0ee6-4417-a522-bac1f71f30e5 text → 1청크
[RAG] PDF 학습 시작: 0443_001.pdf
[RAG] PDF 파싱 시작 (Unstructured fast): 0443_001.pdf
[RAG] Tesseract OCR fallback 시작: lang=kor+eng, pages=4
[RAG] Tesseract OCR 진행: 1/4
[RAG] Tesseract OCR 진행: 4/4
[RAG] Tesseract OCR fallback 완료: 추출 페이지 4/4
[RAG] PDF 학습 완료: 0443_001.pdf (4청크)
[RAG] 분리 저장 완료: /home/freegear/EasyDocStation/Database/ObjectFile/FileTrainingData/bc47231d-0ee6-4417-a522-bac1f71f30e5/no_comment/c60eacc4-3a3b-4b70-83ad-a818d4f0b1e8/0443_001.pdf
[RAG] 학습 진행률: 90% (게시글 PDF)
[RAG] 저장 완료 — 118청크 / 10개 게시글 / 0개 댓글
[RAG] 학습 진행률: 100% (저장)
[2026-06-01T07:00:59.010Z][RAG-REBUILD] 게시글 배치 학습 34/41: 10건
/home/freegear/EasyDocStation/server/rag_train.py:112: DeprecationWarning: `langchain-community` is being sunset and is no longer actively maintained. See https://github.com/langchain-ai/langchain-community/issues/674 for details and migration guidance toward standalone integration packages.
  from langchain_community.document_loaders import Docx2txtLoader
[RAG] 테이블 생성 경합 감지, 기존 테이블 사용: Table 'my_rag_table' already exists
[RAG] post=dd87f9fa-679f-4d11-ae32-c0f6947d67f4 text → 1청크
[RAG] post=83df2930-1dfd-45ef-b4ec-8eb31c8cf8d3 text → 1청크
[RAG] 학습 진행률: 10% (게시글 본문)
[RAG] post=90baf4e0-b877-4a75-be40-9d68d60bf215 text → 1청크
[RAG] 학습 진행률: 20% (게시글 본문)
[RAG] post=333fc2bb-b880-4a90-a103-f81639d2eaed text → 9청크
[RAG] 학습 진행률: 30% (게시글 본문)
[RAG] post=fdc3de19-d07c-4ca1-a254-9de54a951595 text → 1청크
[RAG] 학습 진행률: 40% (게시글 본문)
[RAG] post=005285e9-d067-44b2-97cd-b52e90fe6c34 text → 1청크
[RAG] 학습 진행률: 50% (게시글 본문)
[RAG] post=1f393746-9d81-4b37-ad3e-a26b57dd7de1 text → 1청크
[RAG] 학습 진행률: 60% (게시글 본문)
[RAG] post=48413e9a-3c9c-4e73-bde8-e61bf2495f7e text → 1청크
[RAG] 학습 진행률: 70% (게시글 본문)
[RAG] post=d9af604a-56ed-407f-8b64-71751760e11a text → 1청크
[RAG] 학습 진행률: 80% (게시글 본문)
[RAG] post=5ccefeaf-140e-42fa-8b63-e52bba0240b1 text → 1청크
[RAG] 학습 진행률: 90% (게시글 본문)
[RAG] 저장 완료 — 18청크 / 10개 게시글 / 0개 댓글
[RAG] 학습 진행률: 100% (저장)
[2026-06-01T07:01:05.017Z][RAG-REBUILD] 게시글 배치 학습 35/41: 10건
/home/freegear/EasyDocStation/server/rag_train.py:112: DeprecationWarning: `langchain-community` is being sunset and is no longer actively maintained. See https://github.com/langchain-ai/langchain-community/issues/674 for details and migration guidance toward standalone integration packages.
  from langchain_community.document_loaders import Docx2txtLoader
[RAG] 테이블 생성 경합 감지, 기존 테이블 사용: Table 'my_rag_table' already exists
[RAG] post=91eacd02-54e7-4576-bac5-c2581401b6fc text → 6청크
[RAG] post=5e3898e2-c025-4573-97b6-f5a209b1a0f2 text → 7청크
[RAG] 학습 진행률: 10% (게시글 본문)
[RAG] post=68832460-0446-4410-ab9c-05b9934823ff text → 6청크
[RAG] 학습 진행률: 20% (게시글 본문)
[RAG] post=ca7d9dfb-c9c7-48aa-b9f4-3c7a9df805bf text → 1청크
[RAG] 학습 진행률: 30% (게시글 본문)
[RAG] post=a3be764d-ce46-4660-8d15-466d87018c69 text → 1청크
[RAG] 학습 진행률: 40% (게시글 본문)
[RAG] post=c92faba4-09c6-4a5b-a586-cf1690d1b296 text → 1청크
[RAG] 학습 진행률: 50% (게시글 본문)
[RAG] post=9a97db96-dd52-4738-978b-f45c84f20a98 text → 1청크
[RAG] 학습 진행률: 60% (게시글 본문)
[RAG] post=67a6ab8f-18bd-43a2-b65d-c6485d1a27e6 text → 2청크
[RAG] 학습 진행률: 70% (게시글 본문)
[RAG] post=c1509ea6-3674-4f51-b777-73c944859709 text → 1청크
[RAG] 학습 진행률: 80% (게시글 본문)
[RAG] post=b6fb12ce-149f-49e6-ae0e-4463cac0984c text → 1청크
[RAG] 학습 진행률: 90% (게시글 본문)
[RAG] 저장 완료 — 27청크 / 10개 게시글 / 0개 댓글
[RAG] 학습 진행률: 100% (저장)
[2026-06-01T07:01:11.281Z][RAG-REBUILD] 게시글 배치 학습 36/41: 10건
/home/freegear/EasyDocStation/server/rag_train.py:112: DeprecationWarning: `langchain-community` is being sunset and is no longer actively maintained. See https://github.com/langchain-ai/langchain-community/issues/674 for details and migration guidance toward standalone integration packages.
  from langchain_community.document_loaders import Docx2txtLoader
[RAG] 테이블 생성 경합 감지, 기존 테이블 사용: Table 'my_rag_table' already exists
[RAG] post=f4b63454-6d04-4d28-be0a-4ec10ec2e3f2 text → 13청크
[RAG] post=dbe2e70b-732d-47ae-9c6a-f486f48ad23a text → 23청크
[RAG] 학습 진행률: 10% (게시글 본문)
[RAG] post=97cd70dd-2bac-482a-8065-c5a80e8b675c text → 23청크
[RAG] 학습 진행률: 20% (게시글 본문)
[RAG] post=c1749670-ec8d-41f2-9cf8-788479a92b6f text → 1청크
[RAG] 학습 진행률: 30% (게시글 본문)
[RAG] post=3a49c263-e9df-4465-b3d5-456d1e6b1eb6 text → 19청크
[RAG] 학습 진행률: 40% (게시글 본문)
[RAG] post=8950a51b-490b-4fa3-abb4-a99621aa79d0 text → 10청크
[RAG] 학습 진행률: 50% (게시글 본문)
[RAG] post=b12c048a-d47a-4a74-a1a9-82e4895ea723 text → 44청크
[RAG] 학습 진행률: 60% (게시글 본문)
[RAG] post=ae8e02bb-57a6-4c5a-b373-bfbb6dfa9277 text → 1청크
[RAG] 학습 진행률: 70% (게시글 본문)
[RAG] post=1614d9d3-2164-497c-8d30-770475ecb18b text → 5청크
[RAG] 학습 진행률: 80% (게시글 본문)
[RAG] post=cbeb277b-0ff6-4e4d-bfbb-236e94be5d33 text → 1청크
[RAG] 학습 진행률: 90% (게시글 본문)
[RAG] 저장 완료 — 140청크 / 10개 게시글 / 0개 댓글
[RAG] 학습 진행률: 100% (저장)
[2026-06-01T07:01:36.916Z][RAG-REBUILD] 게시글 배치 학습 37/41: 10건
/home/freegear/EasyDocStation/server/rag_train.py:112: DeprecationWarning: `langchain-community` is being sunset and is no longer actively maintained. See https://github.com/langchain-ai/langchain-community/issues/674 for details and migration guidance toward standalone integration packages.
  from langchain_community.document_loaders import Docx2txtLoader
[RAG] 테이블 생성 경합 감지, 기존 테이블 사용: Table 'my_rag_table' already exists
[RAG] post=ad745a23-1004-40b1-81df-50821ed06b80 text → 1청크
[RAG] post=7cde7701-ddd7-40cc-a688-bf438af44413 text → 1청크
[RAG] 학습 진행률: 10% (게시글 본문)
[RAG] post=0d1bfa61-bb42-4a72-a223-e988879b5953 text → 1청크
[RAG] 학습 진행률: 20% (게시글 본문)
[RAG] post=3b63ad5f-7925-4b54-9a65-d52848741bc7 text → 1청크
[RAG] 학습 진행률: 30% (게시글 본문)
[RAG] post=0d263b81-d876-4987-b74c-a0042dd7c331 text → 1청크
[RAG] 학습 진행률: 40% (게시글 본문)
[RAG] 이미지 학습 시작: 스크린샷 2026-05-02 오후 2.32.43.png
[RAG] Gemma 이미지 설명 완료 (page=1, 23.4s): 1336자
[RAG] 이미지 학습 완료: 스크린샷 2026-05-02 오후 2.32.43.png (3청크)
[RAG] 학습 진행률: 50% (게시글 이미지)
[RAG] post=4eaad8e3-bf9b-4850-863b-6c28c3dc2798 text → 1청크
[RAG] post=6aa095e2-a52d-4970-8010-d7194df752e4 text → 1청크
[RAG] 학습 진행률: 60% (게시글 본문)
[RAG] post=34cf17f1-161f-43d5-8be2-623c22d00806 text → 3청크
[RAG] 학습 진행률: 70% (게시글 본문)
[RAG] post=d42b7857-7feb-4342-973e-4effd5e26ab6 text → 1청크
[RAG] 학습 진행률: 80% (게시글 본문)
[RAG] post=c6e39cd1-411f-4bcc-9dc7-5396fbaffec5 text → 1청크
[RAG] 학습 진행률: 90% (게시글 본문)
[RAG] 저장 완료 — 15청크 / 10개 게시글 / 0개 댓글
[RAG] 학습 진행률: 100% (저장)
[2026-06-01T07:02:05.910Z][RAG-REBUILD] 게시글 배치 학습 38/41: 10건
/home/freegear/EasyDocStation/server/rag_train.py:112: DeprecationWarning: `langchain-community` is being sunset and is no longer actively maintained. See https://github.com/langchain-ai/langchain-community/issues/674 for details and migration guidance toward standalone integration packages.
  from langchain_community.document_loaders import Docx2txtLoader
[RAG] 테이블 생성 경합 감지, 기존 테이블 사용: Table 'my_rag_table' already exists
[RAG] post=88a5ba01-1cab-4d9f-be1d-5f90888ca83a text → 1청크
[RAG] post=1a4c6de1-93c1-4da3-80ce-f3907be3e26b text → 2청크
[RAG] post=dd682bfb-5cac-4937-a7e9-23d11755a723 text → 2청크
[RAG] 학습 진행률: 10% (게시글 본문)
[RAG] post=a47057b6-8ea4-47ee-ad9d-f3f2c686eb5e text → 1청크
[RAG] 이미지 학습 시작: diagram (1).png
[RAG] Gemma 이미지 설명 완료 (page=1, 40.5s): 2337자
[RAG] 이미지 학습 완료: diagram (1).png (4청크)
[RAG] 학습 진행률: 20% (게시글 이미지)
[RAG] post=dc9ce65b-32ee-4931-8019-84f2e1cab000 text → 5청크
[RAG] post=18eb2101-aee3-4fe2-a5b4-c7dd494f9006 text → 1청크
[RAG] 학습 진행률: 30% (게시글 본문)
[RAG] PDF 학습 시작: DPR500OpManual.pdf
[RAG] PDF 파싱 시작 (Unstructured fast): DPR500OpManual.pdf
[RAG] PDF 파싱 완료 (Unstructured fast): DPR500OpManual.pdf / elements=433 / 1.6s
[RAG] PDF 학습 완료: DPR500OpManual.pdf (69청크)
[RAG] 분리 저장 완료: /home/freegear/EasyDocStation/Database/ObjectFile/FileTrainingData/18eb2101-aee3-4fe2-a5b4-c7dd494f9006/no_comment/23b31889-58c9-4d76-8ad8-8522d8acd5e2/DPR500OpManual.pdf
[RAG] post=ac33bcac-9f68-45f7-9db2-eb2270a8bfc9 text → 3청크
[RAG] 학습 진행률: 40% (게시글 본문)
[RAG] post=6ffcb9b0-dd46-43fa-b152-f05c951adf3e text → 1청크
[RAG] PDF 학습 시작: on_device_ai_voice_interface_proposal_1.1.pdf
[RAG] PDF 파싱 시작 (Unstructured fast): on_device_ai_voice_interface_proposal_1.1.pdf
[RAG] PDF 파싱 완료 (Unstructured fast): on_device_ai_voice_interface_proposal_1.1.pdf / elements=306 / 0.9s
[RAG] PDF 학습 완료: on_device_ai_voice_interface_proposal_1.1.pdf (11청크)
[RAG] 분리 저장 완료: /home/freegear/EasyDocStation/Database/ObjectFile/FileTrainingData/6ffcb9b0-dd46-43fa-b152-f05c951adf3e/no_comment/5b507e44-bcd3-4869-807e-34d65f180e7e/on_device_ai_voice_interface_proposal_1.1.pdf
[RAG] 학습 진행률: 50% (게시글 PDF)
[RAG] post=45425cf1-55a9-4de2-b3c1-14220838e8cd text → 4청크
[RAG] post=70e2bd62-ec09-4477-b209-db9bfb6f4830 text → 1청크
[RAG] 이미지 학습 시작: Gemini_Generated_Image_x6m0xtx6m0xtx6m0.png
[RAG] Gemma 이미지 설명 완료 (page=1, 48.1s): 3791자
[RAG] 이미지 학습 완료: Gemini_Generated_Image_x6m0xtx6m0xtx6m0.png (7청크)
[RAG] 학습 진행률: 60% (게시글 이미지)
[RAG] 이미지 학습 시작: Gemini_Generated_Image_eeig9seeig9seeig.png
[RAG] Gemma 이미지 설명 완료 (page=1, 48.5s): 3880자
[RAG] 이미지 학습 완료: Gemini_Generated_Image_eeig9seeig9seeig.png (6청크)
[RAG] 이미지 학습 시작: Gemini_Generated_Image_4yq20s4yq20s4yq2.png
[RAG] Gemma 이미지 설명 완료 (page=1, 51.4s): 3965자
[RAG] 이미지 학습 완료: Gemini_Generated_Image_4yq20s4yq20s4yq2.png (6청크)
[RAG] 학습 진행률: 70% (게시글 이미지)
[RAG] 이미지 학습 시작: KakaoTalk_Photo_2026-05-20-10-39-21.jpeg
[RAG] Gemma 이미지 설명 완료 (page=1, 42.2s): 3358자
[RAG] 이미지 학습 완료: KakaoTalk_Photo_2026-05-20-10-39-21.jpeg (5청크)
[RAG] 이미지 학습 시작: IMG_0426.JPG
[RAG] Gemma 이미지 설명 완료 (page=1, 41.6s): 3300자
[RAG] 이미지 학습 완료: IMG_0426.JPG (6청크)
[RAG] 학습 진행률: 80% (게시글 이미지)
[RAG] 이미지 학습 시작: Gemini_Generated_Image_ludcjiludcjiludc.png
[RAG] Gemma 이미지 설명 완료 (page=1, 48.1s): 3930자
[RAG] 이미지 학습 완료: Gemini_Generated_Image_ludcjiludcjiludc.png (7청크)
[RAG] 이미지 학습 시작: Gemini_Generated_Image_cewwk3cewwk3ceww.png
[RAG] Gemma 이미지 설명 완료 (page=1, 51.1s): 4094자
[RAG] 이미지 학습 완료: Gemini_Generated_Image_cewwk3cewwk3ceww.png (6청크)
[RAG] 학습 진행률: 90% (게시글 이미지)
[RAG] 이미지 학습 시작: Gemini_Generated_Image_9b4hq39b4hq39b4h.png
[RAG] Gemma 이미지 설명 완료 (page=1, 45.4s): 3515자
[RAG] 이미지 학습 완료: Gemini_Generated_Image_9b4hq39b4hq39b4h.png (6청크)
[RAG] 저장 완료 — 154청크 / 10개 게시글 / 0개 댓글
[RAG] 학습 진행률: 100% (저장)
[2026-06-01T07:09:14.993Z][RAG-REBUILD] 게시글 배치 학습 39/41: 10건
/home/freegear/EasyDocStation/server/rag_train.py:112: DeprecationWarning: `langchain-community` is being sunset and is no longer actively maintained. See https://github.com/langchain-ai/langchain-community/issues/674 for details and migration guidance toward standalone integration packages.
  from langchain_community.document_loaders import Docx2txtLoader
[RAG] 테이블 생성 경합 감지, 기존 테이블 사용: Table 'my_rag_table' already exists
[RAG] post=7d992dd4-8208-4001-a30a-aef1060b17a1 text → 20청크
[RAG] post=5f015746-59f3-4dbf-99c4-d553a7cc824d text → 5청크
[RAG] post=31044e16-53d5-4f00-a660-6bdb20aa5f9e text → 1청크
[RAG] 학습 진행률: 10% (게시글 본문)
[RAG] PDF 학습 시작: AS3501_02_Datasheet_EN_v2-1214615.pdf
[RAG] PDF 파싱 시작 (Unstructured fast): AS3501_02_Datasheet_EN_v2-1214615.pdf
[RAG] PDF 학습 완료: AS3501_02_Datasheet_EN_v2-1214615.pdf (227청크)
[RAG] 분리 저장 완료: /home/freegear/EasyDocStation/Database/ObjectFile/FileTrainingData/31044e16-53d5-4f00-a660-6bdb20aa5f9e/no_comment/181519e4-0533-4ee5-8ad3-2b5ad6f5dd98/AS3501_02_Datasheet_EN_v2-1214615.pdf
[RAG] post=c59a0083-a0c8-4c7c-b865-38a4d32e57fd text → 1청크
[RAG] 학습 진행률: 20% (게시글 본문)
[RAG] post=0a22e425-f72d-4d2d-8f3d-675da50b71c5 text → 1청크
[RAG] post=f1671aeb-7aae-4eda-be55-fd58a7689615 text → 1청크
[RAG] 학습 진행률: 30% (게시글 본문)
[RAG] post=1a3ac459-34cf-44f1-8861-23b5cc01b071 text → 1청크
[RAG] PDF 학습 시작: Elim AI-EasyStation 통합 플랫폼.pdf
[RAG] PDF 파싱 시작 (Unstructured fast): Elim AI-EasyStation 통합 플랫폼.pdf
[RAG] Tesseract OCR fallback 시작: lang=kor+eng, pages=13
[RAG] Tesseract OCR 진행: 1/13
[RAG] Tesseract OCR 진행: 5/13
[RAG] Tesseract OCR 진행: 10/13
[RAG] Tesseract OCR 진행: 13/13
[RAG] Tesseract OCR fallback 완료: 추출 페이지 13/13
[RAG] PDF 학습 완료: Elim AI-EasyStation 통합 플랫폼.pdf (14청크)
[RAG] 분리 저장 완료: /home/freegear/EasyDocStation/Database/ObjectFile/FileTrainingData/1a3ac459-34cf-44f1-8861-23b5cc01b071/no_comment/b4478b7b-9d50-47b5-bc78-4daa69491d13/Elim_AI-EasyStation_통합_플랫폼.pdf
[RAG] 학습 진행률: 40% (게시글 PDF)
[RAG] PDF 학습 시작: ELIM & EasyStation System Architecture.pdf
[RAG] PDF 파싱 시작 (Unstructured fast): ELIM & EasyStation System Architecture.pdf
[RAG] Tesseract OCR fallback 시작: lang=kor+eng, pages=9
[RAG] Tesseract OCR 진행: 1/9
[RAG] Tesseract OCR 진행: 5/9
[RAG] Tesseract OCR 진행: 9/9
[RAG] Tesseract OCR fallback 완료: 추출 페이지 9/9
[RAG] PDF 학습 완료: ELIM & EasyStation System Architecture.pdf (10청크)
[RAG] 분리 저장 완료: /home/freegear/EasyDocStation/Database/ObjectFile/FileTrainingData/1a3ac459-34cf-44f1-8861-23b5cc01b071/no_comment/c33b4c3d-1b82-4a23-a112-55d521d3b940/ELIM_EasyStation_System_Architecture.pdf
[RAG] PDF 학습 시작: ai_smart_callcenter_fsm_1.3.pdf
[RAG] PDF 파싱 시작 (Unstructured fast): ai_smart_callcenter_fsm_1.3.pdf
[RAG] PDF 파싱 완료 (Unstructured fast): ai_smart_callcenter_fsm_1.3.pdf / elements=372 / 1.6s
[RAG] PDF 학습 완료: ai_smart_callcenter_fsm_1.3.pdf (15청크)
[RAG] 분리 저장 완료: /home/freegear/EasyDocStation/Database/ObjectFile/FileTrainingData/1a3ac459-34cf-44f1-8861-23b5cc01b071/no_comment/640f7660-2bf9-4193-a20d-81dbe5bf96ae/ai_smart_callcenter_fsm_1.3.pdf
[RAG] 학습 진행률: 50% (게시글 PDF)
[RAG] post=d53aff14-62e3-4c23-8a38-e646a174e7a4 text → 1청크
[RAG] PDF 학습 시작: ai_smart_callcenter_fsm_1.2.pdf
[RAG] PDF 파싱 시작 (Unstructured fast): ai_smart_callcenter_fsm_1.2.pdf
[RAG] PDF 파싱 완료 (Unstructured fast): ai_smart_callcenter_fsm_1.2.pdf / elements=361 / 0.9s
[RAG] PDF 학습 완료: ai_smart_callcenter_fsm_1.2.pdf (11청크)
[RAG] 분리 저장 완료: /home/freegear/EasyDocStation/Database/ObjectFile/FileTrainingData/d53aff14-62e3-4c23-8a38-e646a174e7a4/no_comment/f6314b09-e46e-461d-ae13-54e0675679dd/ai_smart_callcenter_fsm_1.2.pdf
[RAG] 이미지 학습 시작: Gemini_Generated_Image_o1n13do1n13do1n1.png
[RAG] Gemma 이미지 설명 완료 (page=1, 49.0s): 3037자
[RAG] 이미지 학습 완료: Gemini_Generated_Image_o1n13do1n13do1n1.png (5청크)
[RAG] 학습 진행률: 60% (게시글 이미지)
[RAG] 이미지 학습 시작: 스크린샷 2026-05-23 오전 9.35.45.png
[RAG] Gemma 이미지 설명 완료 (page=1, 39.9s): 2205자
[RAG] 이미지 학습 완료: 스크린샷 2026-05-23 오전 9.35.45.png (3청크)
[RAG] 이미지 학습 시작: 스크린샷 2026-05-23 오전 9.44.33.png
[RAG] Gemma 이미지 설명 완료 (page=1, 34.0s): 1720자
[RAG] 이미지 학습 완료: 스크린샷 2026-05-23 오전 9.44.33.png (3청크)
[RAG] 학습 진행률: 70% (게시글 이미지)
[RAG] 이미지 학습 시작: 스크린샷 2026-05-23 오전 9.55.02.png
[RAG] Gemma 이미지 설명 완료 (page=1, 35.8s): 2177자
[RAG] 이미지 학습 완료: 스크린샷 2026-05-23 오전 9.55.02.png (3청크)
[RAG] 이미지 학습 시작: 스크린샷 2026-05-23 오전 9.55.02.png
[RAG] Gemma 이미지 설명 완료 (page=1, 42.8s): 3124자
[RAG] 이미지 학습 완료: 스크린샷 2026-05-23 오전 9.55.02.png (5청크)
[RAG] 학습 진행률: 80% (게시글 이미지)
[RAG] 이미지 학습 시작: 스크린샷 2026-05-23 오전 10.00.43.png
[RAG] Gemma 이미지 설명 완료 (page=1, 37.0s): 2437자
[RAG] 이미지 학습 완료: 스크린샷 2026-05-23 오전 10.00.43.png (4청크)
[RAG] post=ea5e63ce-2031-4085-88d8-a81941141e01 text → 1청크
[RAG] 학습 진행률: 90% (게시글 본문)
[RAG] post=0dd56315-2847-4889-baee-19509735cdd9 text → 1청크
[RAG] 저장 완료 — 333청크 / 10개 게시글 / 0개 댓글
[RAG] 학습 진행률: 100% (저장)
[2026-06-01T07:14:51.366Z][RAG-REBUILD] 게시글 배치 학습 40/41: 10건
/home/freegear/EasyDocStation/server/rag_train.py:112: DeprecationWarning: `langchain-community` is being sunset and is no longer actively maintained. See https://github.com/langchain-ai/langchain-community/issues/674 for details and migration guidance toward standalone integration packages.
  from langchain_community.document_loaders import Docx2txtLoader
[RAG] 테이블 생성 경합 감지, 기존 테이블 사용: Table 'my_rag_table' already exists
[RAG] post=f4cee1fa-4fed-4722-b55a-f0aff9f2b064 text → 9청크
[RAG] post=424c5a0f-488b-4777-bb88-1cfd9dc964fd text → 1청크
[RAG] 학습 진행률: 10% (게시글 본문)
[RAG] post=d1155e86-bff5-4c8e-890c-69bbd5c84849 text → 1청크
[RAG] 학습 진행률: 20% (게시글 본문)
[RAG] post=081ee5dc-43a9-4987-aed6-02d6f530a4d0 text → 1청크
[RAG] post=53cf75a9-1233-4f4e-881d-4452c4122b94 text → 1청크
[RAG] 학습 진행률: 30% (게시글 본문)
[RAG] post=0c9c8bee-a618-4d97-90d9-9d492a6b9af2 text → 1청크
[RAG] 학습 진행률: 40% (게시글 본문)
[RAG] post=6f98e599-f6a5-4d13-95ff-cb9a7fc465f2 text → 1청크
[RAG] 학습 진행률: 50% (게시글 본문)
[RAG] PDF 학습 시작: AI 기반 시설 안전 플랫폼 전략.pdf
[2026-06-01T07:14:56.178Z][RAG-REBUILD] 텔레그램 전송 오류: chat_id=66918210 fetch failed
[RAG] PDF 파싱 시작 (Unstructured fast): AI 기반 시설 안전 플랫폼 전략.pdf
[RAG] Tesseract OCR fallback 시작: lang=kor+eng, pages=13
[RAG] Tesseract OCR 진행: 1/13
[RAG] Tesseract OCR 진행: 5/13
[RAG] Tesseract OCR 진행: 10/13
[RAG] Tesseract OCR 진행: 13/13
[RAG] Tesseract OCR fallback 완료: 추출 페이지 13/13
[RAG] PDF 학습 완료: AI 기반 시설 안전 플랫폼 전략.pdf (14청크)
[RAG] 분리 저장 완료: /home/freegear/EasyDocStation/Database/ObjectFile/FileTrainingData/6f98e599-f6a5-4d13-95ff-cb9a7fc465f2/no_comment/f81d1e81-c0b1-49a1-92d9-1163032d75d1/AI_기반_시설_안전_플랫폼_전략.pdf
[RAG] post=116bc4aa-1f51-41ab-93ce-7439aa0fc962 text → 1청크
[RAG] 학습 진행률: 60% (게시글 본문)
[RAG] 이미지 학습 시작: 스크린샷 2026-05-02 오후 1.23.53.png
[RAG] Gemma 이미지 설명 완료 (page=1, 35.9s): 2544자
[RAG] 이미지 학습 완료: 스크린샷 2026-05-02 오후 1.23.53.png (5청크)
[RAG] 학습 진행률: 70% (게시글 이미지)
[RAG] post=cab9c9f1-5c78-4b78-ac98-37ba1a160cc8 text → 1청크
[RAG] PDF 학습 시작: ai_safety_platform_strategy_1.1.pdf
[RAG] PDF 파싱 시작 (Unstructured fast): ai_safety_platform_strategy_1.1.pdf
[RAG] PDF 파싱 완료 (Unstructured fast): ai_safety_platform_strategy_1.1.pdf / elements=281 / 1.6s
[RAG] PDF 학습 완료: ai_safety_platform_strategy_1.1.pdf (18청크)
[RAG] 분리 저장 완료: /home/freegear/EasyDocStation/Database/ObjectFile/FileTrainingData/cab9c9f1-5c78-4b78-ac98-37ba1a160cc8/no_comment/555c189d-47e6-41cf-8f8c-8316cf88b693/ai_safety_platform_strategy_1.1.pdf
[RAG] 학습 진행률: 80% (게시글 PDF)
[RAG] post=51b874c3-2d5b-4b83-92ac-4b6681f38832 text → 1청크
[RAG] 학습 진행률: 90% (게시글 본문)
[RAG] 저장 완료 — 55청크 / 10개 게시글 / 0개 댓글
[RAG] 학습 진행률: 100% (저장)
[2026-06-01T07:16:14.729Z][RAG-REBUILD] 게시글 배치 학습 41/41: 5건
/home/freegear/EasyDocStation/server/rag_train.py:112: DeprecationWarning: `langchain-community` is being sunset and is no longer actively maintained. See https://github.com/langchain-ai/langchain-community/issues/674 for details and migration guidance toward standalone integration packages.
  from langchain_community.document_loaders import Docx2txtLoader
[RAG] 테이블 생성 경합 감지, 기존 테이블 사용: Table 'my_rag_table' already exists
[RAG] post=2a759971-9c35-4aad-b2d9-0bc592b002bf text → 1청크
[RAG] 학습 진행률: 10% (게시글 본문)
[RAG] post=fcfecb3f-3401-4938-bf63-0f1d7094d07d text → 1청크
[RAG] 학습 진행률: 20% (게시글 본문)
[RAG] PDF 학습 시작: UI_UX Blueprint for AI Knowledge System.pdf
[RAG] PDF 파싱 시작 (Unstructured fast): UI_UX Blueprint for AI Knowledge System.pdf
[RAG] Tesseract OCR fallback 시작: lang=kor+eng, pages=13
[RAG] Tesseract OCR 진행: 1/13
[RAG] Tesseract OCR 진행: 5/13
[RAG] Tesseract OCR 진행: 10/13
[RAG] Tesseract OCR 진행: 13/13
[RAG] Tesseract OCR fallback 완료: 추출 페이지 13/13
[RAG] PDF 학습 완료: UI_UX Blueprint for AI Knowledge System.pdf (14청크)
[RAG] 분리 저장 완료: /home/freegear/EasyDocStation/Database/ObjectFile/FileTrainingData/fcfecb3f-3401-4938-bf63-0f1d7094d07d/no_comment/4aa7e6a5-dcb5-4d14-8383-40ec6b257ab9/UI_UX_Blueprint_for_AI_Knowledge_System.pdf
[RAG] 학습 진행률: 30% (게시글 PDF)
[RAG] post=c287ce9e-72a7-4ec3-aca0-3cd633e49c3b text → 1청크
[RAG] 학습 진행률: 40% (게시글 본문)
[RAG] 이미지 학습 시작: Gemini_Generated_Image_2lhf572lhf572lhf.png
[RAG] Gemma 이미지 설명 완료 (page=1, 41.7s): 3381자
[RAG] 이미지 학습 완료: Gemini_Generated_Image_2lhf572lhf572lhf.png (6청크)
[RAG] 학습 진행률: 50% (게시글 이미지)
[RAG] post=7f377942-baf2-4404-a3b7-3a02cb114193 text → 1청크
[RAG] 학습 진행률: 60% (게시글 본문)
[RAG] 이미지 학습 시작: 15623208-3359-4d30-b68d-10ebdffe9dde.png
[RAG] Gemma 이미지 설명 완료 (page=1, 42.9s): 2844자
[RAG] 이미지 학습 완료: 15623208-3359-4d30-b68d-10ebdffe9dde.png (5청크)
[RAG] 학습 진행률: 70% (게시글 이미지)
[RAG] post=d94009c4-5c4c-4f68-93f5-8db691d44256 text → 3청크
[RAG] 학습 진행률: 80% (게시글 본문)
[RAG] 저장 완료 — 32청크 / 5개 게시글 / 0개 댓글
[RAG] 학습 진행률: 100% (저장)
[2026-06-01T07:18:20.824Z][RAG-REBUILD] 댓글 배치 학습 1/57: 10건
/home/freegear/EasyDocStation/server/rag_train.py:112: DeprecationWarning: `langchain-community` is being sunset and is no longer actively maintained. See https://github.com/langchain-ai/langchain-community/issues/674 for details and migration guidance toward standalone integration packages.
  from langchain_community.document_loaders import Docx2txtLoader
[RAG] 테이블 생성 경합 감지, 기존 테이블 사용: Table 'my_rag_table' already exists
[RAG] comment=c-d449e25f-99b2-4af1-8c11-3f0a62ef5fa3 post=657cc400-709e-41e1-bccd-f8d63b17e86e text → 3청크
[RAG] comment=c-a8af45c7-ece0-47b9-b70c-d240bccb317b post=19f359a3-e823-4d04-8cfa-2c6d72c731af text → 2청크
[RAG] 학습 진행률: 10% (댓글 본문)
[RAG] comment=c-ad39ad11-4b46-438e-a90e-27b708adc7ca post=bbc5f247-a157-4aa3-9340-77b03d92ccff text → 2청크
[RAG] 학습 진행률: 20% (댓글 본문)
[RAG] comment=c-75214c74-2e49-4ab7-b5f2-f24819ea5d07 post=6222f195-e777-46e9-8a37-c3ea53e55a95 text → 1청크
[RAG] 학습 진행률: 30% (댓글 본문)
[RAG] comment=c-ae0ef7f9-4161-461b-a1a8-0a23ad667adc post=ad745a23-1004-40b1-81df-50821ed06b80 text → 1청크
[RAG] 학습 진행률: 40% (댓글 본문)
[RAG] comment=c-bf2fb3f9-06aa-4b2b-ac98-2463dd9ce9a4 post=ad745a23-1004-40b1-81df-50821ed06b80 text → 1청크
[RAG] 학습 진행률: 50% (댓글 본문)
[RAG] comment=c-55afcf5a-4b34-4b7d-bdf2-d458df487bbc post=f4b63454-6d04-4d28-be0a-4ec10ec2e3f2 text → 13청크
[RAG] 학습 진행률: 60% (댓글 본문)
[RAG] comment=c-caf7b921-c288-41e6-a2c7-dac7da0a9bf9 post=f4b63454-6d04-4d28-be0a-4ec10ec2e3f2 text → 1청크
[RAG] 학습 진행률: 70% (댓글 본문)
[RAG] comment=c-0229dd97-ab50-4e1d-8597-a84515d5776d post=f4b63454-6d04-4d28-be0a-4ec10ec2e3f2 text → 1청크
[RAG] 학습 진행률: 80% (댓글 본문)
[RAG] comment=c-a9692f6c-c58c-40b5-a422-8745139b0e30 post=75f28787-8bd9-409f-b87f-d5ee1596d855 text → 2청크
[RAG] 학습 진행률: 90% (댓글 본문)
[RAG] 저장 완료 — 27청크 / 0개 게시글 / 10개 댓글
[RAG] 학습 진행률: 100% (저장)
[2026-06-01T07:18:27.214Z][RAG-REBUILD] 댓글 배치 학습 2/57: 10건
/home/freegear/EasyDocStation/server/rag_train.py:112: DeprecationWarning: `langchain-community` is being sunset and is no longer actively maintained. See https://github.com/langchain-ai/langchain-community/issues/674 for details and migration guidance toward standalone integration packages.
  from langchain_community.document_loaders import Docx2txtLoader
[RAG] 테이블 생성 경합 감지, 기존 테이블 사용: Table 'my_rag_table' already exists
[RAG] comment=c-6b0aaadb-bde3-456f-9d89-afb32661ddc9 post=75f28787-8bd9-409f-b87f-d5ee1596d855 text → 1청크
[RAG] comment=c-8c4bc601-dfad-469b-b38d-9f7fbd599ef8 post=c287ce9e-72a7-4ec3-aca0-3cd633e49c3b text → 1청크
[RAG] 학습 진행률: 10% (댓글 본문)
[RAG] 이미지 학습 시작: Gemini_Generated_Image_23cmqv23cmqv23cm.png
[RAG] Gemma 이미지 설명 완료 (page=1, 44.7s): 3247자
[RAG] 이미지 학습 완료: Gemini_Generated_Image_23cmqv23cmqv23cm.png (5청크)
[RAG] 학습 진행률: 20% (댓글 이미지)
[RAG] comment=c-a14bf12c-f58a-4b62-8da3-e3eb93932f09 post=37079fcf-9548-48fc-8246-784411102d0b text → 3청크
[RAG] 학습 진행률: 30% (댓글 본문)
[RAG] comment=c-62c6c34a-248d-4877-8a9b-5c3e8a556068 post=37079fcf-9548-48fc-8246-784411102d0b text → 2청크
[RAG] 학습 진행률: 40% (댓글 본문)
[RAG] comment=c-09cfeb34-13cd-4d3c-910b-3068fa8f739e post=37079fcf-9548-48fc-8246-784411102d0b text → 1청크
[RAG] 학습 진행률: 50% (댓글 본문)
[RAG] comment=c-b0116255-0b72-44df-a7a9-8af7dae03ad7 post=37079fcf-9548-48fc-8246-784411102d0b text → 3청크
[RAG] comment=c-be7204b7-89e3-4bfb-bc72-f5bad8af35e5 post=37079fcf-9548-48fc-8246-784411102d0b text → 3청크
[RAG] 학습 진행률: 60% (댓글 본문)
[RAG] comment=c-e2ad049c-3fc4-4c49-bd39-eabbe402d062 post=37079fcf-9548-48fc-8246-784411102d0b text → 1청크
[RAG] 학습 진행률: 70% (댓글 본문)
[RAG] comment=c-e1f6f6de-a5ad-46e7-aead-a8683d087bdd post=37079fcf-9548-48fc-8246-784411102d0b text → 2청크
[RAG] 학습 진행률: 80% (댓글 본문)
[RAG] comment=c-b332c2fc-10b4-4568-adcd-2ede3f4064af post=37079fcf-9548-48fc-8246-784411102d0b text → 1청크
[RAG] 학습 진행률: 90% (댓글 본문)
[RAG] 저장 완료 — 23청크 / 0개 게시글 / 10개 댓글
[RAG] 학습 진행률: 100% (저장)
[2026-06-01T07:19:17.733Z][RAG-REBUILD] 댓글 배치 학습 3/57: 10건
/home/freegear/EasyDocStation/server/rag_train.py:112: DeprecationWarning: `langchain-community` is being sunset and is no longer actively maintained. See https://github.com/langchain-ai/langchain-community/issues/674 for details and migration guidance toward standalone integration packages.
  from langchain_community.document_loaders import Docx2txtLoader
[RAG] 테이블 생성 경합 감지, 기존 테이블 사용: Table 'my_rag_table' already exists
[RAG] comment=c-8f85c534-2861-4acc-9d54-1584926997e1 post=37079fcf-9548-48fc-8246-784411102d0b text → 2청크
[RAG] comment=c-0479475d-c614-4b6b-9b8e-c91495fc8dab post=37079fcf-9548-48fc-8246-784411102d0b text → 1청크
[RAG] 학습 진행률: 10% (댓글 본문)
[RAG] comment=c-0356921a-b4e1-44e4-ad5a-be540eb1ddd4 post=37079fcf-9548-48fc-8246-784411102d0b text → 2청크
[RAG] 학습 진행률: 20% (댓글 본문)
[RAG] comment=c-980d487c-a049-4199-9cd5-d3e69afeb3d6 post=37079fcf-9548-48fc-8246-784411102d0b text → 2청크
[RAG] 학습 진행률: 30% (댓글 본문)
[RAG] comment=c-4f163c69-cd9a-4b3a-8b6e-6d343e606b12 post=37079fcf-9548-48fc-8246-784411102d0b text → 4청크
[RAG] 학습 진행률: 40% (댓글 본문)
[RAG] comment=c-ecc45c94-de28-4a61-8ada-f3d7e0415452 post=37079fcf-9548-48fc-8246-784411102d0b text → 1청크
[RAG] 학습 진행률: 50% (댓글 본문)
[RAG] comment=c-006a7291-ec6d-43dc-af6d-9c5d11768373 post=37079fcf-9548-48fc-8246-784411102d0b text → 1청크
[RAG] 학습 진행률: 60% (댓글 본문)
[RAG] comment=c-db26df50-5f3c-439b-bdae-7ede37a49031 post=37079fcf-9548-48fc-8246-784411102d0b text → 3청크
[RAG] 학습 진행률: 70% (댓글 본문)
[RAG] comment=c-912bc230-ed49-4993-841e-008bee767fc1 post=37079fcf-9548-48fc-8246-784411102d0b text → 1청크
[RAG] 학습 진행률: 80% (댓글 본문)
[RAG] comment=c-22b1cca0-dd76-418d-b9b4-cd6444c1371b post=37079fcf-9548-48fc-8246-784411102d0b text → 3청크
[RAG] 학습 진행률: 90% (댓글 본문)
[RAG] 저장 완료 — 20청크 / 0개 게시글 / 10개 댓글
[RAG] 학습 진행률: 100% (저장)
[2026-06-01T07:19:23.949Z][RAG-REBUILD] 댓글 배치 학습 4/57: 10건
/home/freegear/EasyDocStation/server/rag_train.py:112: DeprecationWarning: `langchain-community` is being sunset and is no longer actively maintained. See https://github.com/langchain-ai/langchain-community/issues/674 for details and migration guidance toward standalone integration packages.
  from langchain_community.document_loaders import Docx2txtLoader
[RAG] 테이블 생성 경합 감지, 기존 테이블 사용: Table 'my_rag_table' already exists
[RAG] comment=c-66844962-f632-4f2d-a29c-57cc6ad955a1 post=37079fcf-9548-48fc-8246-784411102d0b text → 1청크
[RAG] comment=c-469381f9-87ed-42d5-84d6-bd19ab92ac4f post=37079fcf-9548-48fc-8246-784411102d0b text → 3청크
[RAG] 학습 진행률: 10% (댓글 본문)
[RAG] comment=c-5ccecd52-8b8c-47f9-9905-53ffb21b6cab post=37079fcf-9548-48fc-8246-784411102d0b text → 1청크
[RAG] 학습 진행률: 20% (댓글 본문)
[RAG] comment=c-f724d3ac-2951-4c1a-9d1e-a215ddc43713 post=37079fcf-9548-48fc-8246-784411102d0b text → 1청크
[RAG] 학습 진행률: 30% (댓글 본문)
[RAG] comment=c-2fb18606-c438-4b77-a515-127d3469e597 post=37079fcf-9548-48fc-8246-784411102d0b text → 3청크
[RAG] 학습 진행률: 40% (댓글 본문)
[RAG] comment=c-2fa6479c-242a-41e4-ad0a-78c3bd4d4d93 post=37079fcf-9548-48fc-8246-784411102d0b text → 1청크
[RAG] 학습 진행률: 50% (댓글 본문)
[RAG] comment=c-5bd549dc-a32c-436a-b2da-ad92d1e309ae post=37079fcf-9548-48fc-8246-784411102d0b text → 1청크
[RAG] 학습 진행률: 60% (댓글 본문)
[RAG] comment=c-5642c1e2-53c1-4a32-a925-62c6bddf6b00 post=37079fcf-9548-48fc-8246-784411102d0b text → 1청크
[RAG] 학습 진행률: 70% (댓글 본문)
[RAG] comment=c-248de69a-ab91-4dcd-9094-95c5cc43deaa post=37079fcf-9548-48fc-8246-784411102d0b text → 1청크
[RAG] 학습 진행률: 80% (댓글 본문)
[RAG] comment=c-bf86d5d0-e1f6-4e79-8ff7-5ff48f18696e post=37079fcf-9548-48fc-8246-784411102d0b text → 5청크
[RAG] 학습 진행률: 90% (댓글 본문)
[RAG] 저장 완료 — 18청크 / 0개 게시글 / 10개 댓글
[RAG] 학습 진행률: 100% (저장)
[2026-06-01T07:19:30.126Z][RAG-REBUILD] 댓글 배치 학습 5/57: 10건
/home/freegear/EasyDocStation/server/rag_train.py:112: DeprecationWarning: `langchain-community` is being sunset and is no longer actively maintained. See https://github.com/langchain-ai/langchain-community/issues/674 for details and migration guidance toward standalone integration packages.
  from langchain_community.document_loaders import Docx2txtLoader
[RAG] 테이블 생성 경합 감지, 기존 테이블 사용: Table 'my_rag_table' already exists
[RAG] comment=c-e07ed3e7-391e-4a19-8cf1-91dd55e30eb8 post=37079fcf-9548-48fc-8246-784411102d0b text → 1청크
[RAG] comment=c-7885cb11-e8ad-4e21-9edd-d8ed3e1a44e9 post=37079fcf-9548-48fc-8246-784411102d0b text → 2청크
[RAG] 학습 진행률: 10% (댓글 본문)
[RAG] comment=c-86902b06-c2b9-40ae-9756-acbbd1b91a5e post=37079fcf-9548-48fc-8246-784411102d0b text → 1청크
[RAG] 학습 진행률: 20% (댓글 본문)
[RAG] comment=c-dd864b83-2dc1-438f-9006-07ffdc178abb post=37079fcf-9548-48fc-8246-784411102d0b text → 1청크
[RAG] 학습 진행률: 30% (댓글 본문)
[RAG] comment=c-1cf4fadd-ec03-47a5-a80a-bc31b07d76cc post=37079fcf-9548-48fc-8246-784411102d0b text → 1청크
[RAG] 학습 진행률: 40% (댓글 본문)
[RAG] comment=c-39b08f28-5dac-4896-b58a-b2f6fca5c58d post=0d1bfa61-bb42-4a72-a223-e988879b5953 text → 1청크
[RAG] 학습 진행률: 50% (댓글 본문)
[RAG] comment=c-7470db48-6efd-41c6-802a-37ee04cca8e8 post=0d1bfa61-bb42-4a72-a223-e988879b5953 text → 1청크
[RAG] 학습 진행률: 60% (댓글 본문)
[RAG] comment=c-2a91629f-088c-4b5a-9aeb-09bab410d638 post=0d1bfa61-bb42-4a72-a223-e988879b5953 text → 1청크
[RAG] 학습 진행률: 70% (댓글 본문)
[RAG] comment=c-6cfc80f3-c010-4eb9-9774-5bb335663d32 post=73ee0b79-1d65-476f-8acd-4bd427cbe5f1 text → 1청크
[RAG] 학습 진행률: 80% (댓글 본문)
[RAG] comment=c-7743850f-dfb9-4ba4-9268-0491fec2bbcf post=73ee0b79-1d65-476f-8acd-4bd427cbe5f1 text → 2청크
[RAG] 학습 진행률: 90% (댓글 본문)
[RAG] 저장 완료 — 12청크 / 0개 게시글 / 10개 댓글
[RAG] 학습 진행률: 100% (저장)
[2026-06-01T07:19:36.015Z][RAG-REBUILD] 댓글 배치 학습 6/57: 10건
/home/freegear/EasyDocStation/server/rag_train.py:112: DeprecationWarning: `langchain-community` is being sunset and is no longer actively maintained. See https://github.com/langchain-ai/langchain-community/issues/674 for details and migration guidance toward standalone integration packages.
  from langchain_community.document_loaders import Docx2txtLoader
[RAG] 테이블 생성 경합 감지, 기존 테이블 사용: Table 'my_rag_table' already exists
[RAG] comment=c-8cbc55a4-7386-4f9e-9f6d-7d8a8158da3a post=73ee0b79-1d65-476f-8acd-4bd427cbe5f1 text → 1청크
[RAG] comment=c-496deb1a-8f5d-45ce-be08-a9e01208ce6c post=73ee0b79-1d65-476f-8acd-4bd427cbe5f1 text → 1청크
[RAG] 학습 진행률: 10% (댓글 본문)
[RAG] comment=c-02cf59fb-cfbd-4219-84cb-0198a100a3ce post=73ee0b79-1d65-476f-8acd-4bd427cbe5f1 text → 1청크
[RAG] 학습 진행률: 20% (댓글 본문)
[RAG] comment=c-18717c05-f034-482e-b78b-c185c0741676 post=4928b736-76fd-4c2f-982e-a220507bf19f text → 1청크
[RAG] 학습 진행률: 30% (댓글 본문)
[RAG] comment=c-a982399d-5323-4a84-9bb6-3dad1e25d1fa post=4928b736-76fd-4c2f-982e-a220507bf19f text → 1청크
[RAG] 학습 진행률: 40% (댓글 본문)
[RAG] comment=c-fa6b9be6-3b50-4ab4-bfe5-cba07a705224 post=4928b736-76fd-4c2f-982e-a220507bf19f text → 1청크
[RAG] 학습 진행률: 50% (댓글 본문)
[RAG] comment=c-d1516568-1217-452b-83c9-020eb5eb3c66 post=4928b736-76fd-4c2f-982e-a220507bf19f text → 1청크
[RAG] 학습 진행률: 60% (댓글 본문)
[RAG] comment=c-88e230d1-1e03-486c-a5d7-fb2c266be292 post=4928b736-76fd-4c2f-982e-a220507bf19f text → 1청크
[RAG] 학습 진행률: 70% (댓글 본문)
[RAG] comment=c-76a6a6b5-6a8f-46ec-b3ed-0bbf43a08425 post=4928b736-76fd-4c2f-982e-a220507bf19f text → 1청크
[RAG] 학습 진행률: 80% (댓글 본문)
[RAG] comment=c-04c305fd-19b8-4dd8-9781-512a6903e4c7 post=4928b736-76fd-4c2f-982e-a220507bf19f text → 1청크
[RAG] 학습 진행률: 90% (댓글 본문)
[RAG] 저장 완료 — 10청크 / 0개 게시글 / 10개 댓글
[RAG] 학습 진행률: 100% (저장)
[2026-06-01T07:19:41.918Z][RAG-REBUILD] 댓글 배치 학습 7/57: 10건
/home/freegear/EasyDocStation/server/rag_train.py:112: DeprecationWarning: `langchain-community` is being sunset and is no longer actively maintained. See https://github.com/langchain-ai/langchain-community/issues/674 for details and migration guidance toward standalone integration packages.
  from langchain_community.document_loaders import Docx2txtLoader
[RAG] 테이블 생성 경합 감지, 기존 테이블 사용: Table 'my_rag_table' already exists
[RAG] comment=c-d64ef8b4-6a44-4e48-b702-52688ffd1dbb post=4928b736-76fd-4c2f-982e-a220507bf19f text → 1청크
[RAG] comment=c-4b196c32-af76-4cd0-b07a-012a5b29e1ab post=4e81a4b6-ed1f-4a43-90ad-6321eb0aef8c text → 2청크
[RAG] 학습 진행률: 10% (댓글 본문)
[RAG] comment=c-e4852dd1-4481-45ae-8c6b-bdcf98ada26a post=ec1ce86c-d81a-4a42-9158-22e4d2fe5efa text → 1청크
[RAG] 학습 진행률: 20% (댓글 본문)
[RAG] comment=c-d69caae2-fd87-4acf-8b9f-8cdd828f1071 post=ec1ce86c-d81a-4a42-9158-22e4d2fe5efa text → 1청크
[RAG] 학습 진행률: 30% (댓글 본문)
[RAG] comment=c-33335842-cdf1-466e-8d47-0a9bf4dcd957 post=0276b47b-9f8f-4860-9028-1df998d7d44f text → 2청크
[RAG] 학습 진행률: 40% (댓글 본문)
[RAG] comment=c-fb58f7e7-77f3-4929-ad7f-7d39614f7d24 post=0276b47b-9f8f-4860-9028-1df998d7d44f text → 1청크
[RAG] 학습 진행률: 50% (댓글 본문)
[RAG] comment=c-92349724-70d5-4fa3-a6dc-dc4d343d5296 post=0276b47b-9f8f-4860-9028-1df998d7d44f text → 5청크
[RAG] comment=c-42482939-7513-4713-87e1-db4b2cc5eacb post=0276b47b-9f8f-4860-9028-1df998d7d44f text → 1청크
[RAG] 학습 진행률: 60% (댓글 본문)
[RAG] comment=c-53389a44-8889-4ed2-a1f7-a9429aa848c2 post=0276b47b-9f8f-4860-9028-1df998d7d44f text → 3청크
[RAG] 학습 진행률: 70% (댓글 본문)
[RAG] comment=c-986db4dc-14e6-424a-b5ea-fc4ab6e01de0 post=16f9f647-64a3-4f03-9b6f-8786df7a5658 text → 1청크
[RAG] 학습 진행률: 80% (댓글 본문)
[RAG] 이미지 학습 시작: 스크린샷 2026-05-10 오전 5.19.23.png
[RAG] Gemma 이미지 설명 완료 (page=1, 29.6s): 1986자
[RAG] 이미지 학습 완료: 스크린샷 2026-05-10 오전 5.19.23.png (4청크)
[RAG] 학습 진행률: 90% (댓글 이미지)
[RAG] 저장 완료 — 22청크 / 0개 게시글 / 10개 댓글
[RAG] 학습 진행률: 100% (저장)
[2026-06-01T07:20:17.777Z][RAG-REBUILD] 댓글 배치 학습 8/57: 10건
/home/freegear/EasyDocStation/server/rag_train.py:112: DeprecationWarning: `langchain-community` is being sunset and is no longer actively maintained. See https://github.com/langchain-ai/langchain-community/issues/674 for details and migration guidance toward standalone integration packages.
  from langchain_community.document_loaders import Docx2txtLoader
[RAG] 테이블 생성 경합 감지, 기존 테이블 사용: Table 'my_rag_table' already exists
[RAG] comment=c-5cef880d-87a7-430c-aa56-26bc167f69a0 post=16f9f647-64a3-4f03-9b6f-8786df7a5658 text → 1청크
[RAG] comment=c-909146fe-3a33-44e0-b14b-c64ea7929b73 post=16f9f647-64a3-4f03-9b6f-8786df7a5658 text → 1청크
[RAG] comment=c-bc2ae045-8756-4757-9e23-7142bd82b5f9 post=4cb0c951-63e2-46b6-9f97-c8e7aaa685b9 text → 4청크
[RAG] comment=c-c864af61-2ee8-4ff9-8170-9c36a7dd5c6c post=3584f7ca-e294-466c-be45-e8178f1ecad0 text → 3청크
[RAG] 학습 진행률: 10% (댓글 본문)
[RAG] comment=c-cf2c9231-d57b-4743-8685-99726ee3fa10 post=3584f7ca-e294-466c-be45-e8178f1ecad0 text → 1청크
[RAG] comment=c-2c076241-dbbc-4f0b-ac45-1b6a98e11586 post=3584f7ca-e294-466c-be45-e8178f1ecad0 text → 2청크
[RAG] comment=c-a556fc79-17bb-4ec1-8173-0b6340a9254b post=3584f7ca-e294-466c-be45-e8178f1ecad0 text → 3청크
[RAG] comment=c-a7e7907c-c760-4373-b9a8-dc146075eae1 post=c007cabc-4dcb-41b4-b3cd-ffb417967a4e text → 1청크
[RAG] 학습 진행률: 20% (댓글 본문)
[RAG] 이미지 학습 시작: AI_Recommendation_25.png
[RAG] Gemma 이미지 설명 완료 (page=1, 42.5s): 2697자
[RAG] 이미지 학습 완료: AI_Recommendation_25.png (5청크)
[RAG] 이미지 학습 시작: AI_Recommendation_26.png
[RAG] Gemma 이미지 설명 완료 (page=1, 43.8s): 2672자
[RAG] 이미지 학습 완료: AI_Recommendation_26.png (5청크)
[RAG] 이미지 학습 시작: AI_Recommendation_27.png
[RAG] Gemma 이미지 설명 완료 (page=1, 53.0s): 2645자
[RAG] 이미지 학습 완료: AI_Recommendation_27.png (5청크)
[RAG] 이미지 학습 시작: AI_Recommendation_28.png
[RAG] Gemma 이미지 설명 완료 (page=1, 38.4s): 2543자
[RAG] 이미지 학습 완료: AI_Recommendation_28.png (4청크)
[RAG] 학습 진행률: 30% (댓글 이미지)
[RAG] 이미지 학습 시작: AI_Recommendation_29.png
[RAG] Gemma 이미지 설명 완료 (page=1, 23.6s): 1487자
[RAG] 이미지 학습 완료: AI_Recommendation_29.png (2청크)
[RAG] 이미지 학습 시작: AI_Recommendation_30.png
[RAG] Gemma 이미지 설명 완료 (page=1, 44.7s): 2636자
[RAG] 이미지 학습 완료: AI_Recommendation_30.png (4청크)
[RAG] 이미지 학습 시작: AI_Recommendation_31.png
[RAG] Gemma 이미지 설명 완료 (page=1, 44.2s): 2871자
[RAG] 이미지 학습 완료: AI_Recommendation_31.png (5청크)
[RAG] 이미지 학습 시작: AI_Recommendation_32.png
[RAG] Gemma 이미지 설명 완료 (page=1, 29.0s): 1845자
[RAG] 이미지 학습 완료: AI_Recommendation_32.png (3청크)
[RAG] 학습 진행률: 40% (댓글 이미지)
[RAG] comment=c-cb2ef74b-4034-4de6-ab24-d8d8cec919e7 post=c007cabc-4dcb-41b4-b3cd-ffb417967a4e text → 1청크
[RAG] 이미지 학습 시작: AI_Recommendation_33.png
[RAG] Gemma 이미지 설명 완료 (page=1, 34.5s): 1952자
[RAG] 이미지 학습 완료: AI_Recommendation_33.png (3청크)
[RAG] 이미지 학습 시작: AI_Recommendation_34.png
[RAG] Gemma 이미지 설명 완료 (page=1, 40.4s): 2778자
[RAG] 이미지 학습 완료: AI_Recommendation_34.png (5청크)
[RAG] 학습 진행률: 50% (댓글 이미지)
[RAG] 이미지 학습 시작: AI_Recommendation_35.png
[RAG] Gemma 이미지 설명 완료 (page=1, 48.1s): 2845자
[RAG] 이미지 학습 완료: AI_Recommendation_35.png (5청크)
[RAG] 이미지 학습 시작: AI_Recommendation_36.png
[RAG] Gemma 이미지 설명 완료 (page=1, 43.9s): 2720자
[RAG] 이미지 학습 완료: AI_Recommendation_36.png (5청크)
[RAG] 이미지 학습 시작: AI_Recommendation_37.png
[RAG] Gemma 이미지 설명 완료 (page=1, 22.9s): 1568자
[RAG] 이미지 학습 완료: AI_Recommendation_37.png (3청크)
[RAG] 이미지 학습 시작: AI_Recommendation_38.png
[RAG] Gemma 이미지 설명 완료 (page=1, 43.6s): 2390자
[RAG] 이미지 학습 완료: AI_Recommendation_38.png (4청크)
[RAG] 학습 진행률: 60% (댓글 이미지)
[RAG] 이미지 학습 시작: AI_Recommendation_39.png
[RAG] Gemma 이미지 설명 완료 (page=1, 22.9s): 1522자
[RAG] 이미지 학습 완료: AI_Recommendation_39.png (3청크)
[RAG] 이미지 학습 시작: TradeDisable_ALL.png
[RAG] Gemma 이미지 설명 완료 (page=1, 22.7s): 1385자
[RAG] 이미지 학습 완료: TradeDisable_ALL.png (2청크)
[RAG] 이미지 학습 시작: TradeEnable_ALL.png
[RAG] Gemma 이미지 설명 완료 (page=1, 22.0s): 1336자
[RAG] 이미지 학습 완료: TradeEnable_ALL.png (2청크)
[RAG] comment=c-7795f5ca-c9a1-49a3-96f5-6088089226c6 post=c007cabc-4dcb-41b4-b3cd-ffb417967a4e text → 1청크
[RAG] 학습 진행률: 70% (댓글 본문)
[RAG] 이미지 학습 시작: 스크린샷 2026-05-21 오후 1.54.36.png
[RAG] Gemma 이미지 설명 완료 (page=1, 36.2s): 1761자
[RAG] 이미지 학습 완료: 스크린샷 2026-05-21 오후 1.54.36.png (3청크)
[RAG] 이미지 학습 시작: 스크린샷 2026-05-21 오후 4.36.43.png
[RAG] Gemma 이미지 설명 완료 (page=1, 38.4s): 2502자
[RAG] 이미지 학습 완료: 스크린샷 2026-05-21 오후 4.36.43.png (4청크)
[RAG] 이미지 학습 시작: 스크린샷 2026-05-21 오후 4.36.47.png
[RAG] Gemma 이미지 설명 완료 (page=1, 40.2s): 2453자
[RAG] 이미지 학습 완료: 스크린샷 2026-05-21 오후 4.36.47.png (4청크)
[RAG] 이미지 학습 시작: 스크린샷 2026-05-21 오후 5.29.57.png
[RAG] Gemma 이미지 설명 완료 (page=1, 43.8s): 2584자
[RAG] 이미지 학습 완료: 스크린샷 2026-05-21 오후 5.29.57.png (5청크)
[RAG] 학습 진행률: 80% (댓글 이미지)
[RAG] 이미지 학습 시작: 스크린샷 2026-05-21 오후 6.44.13.png
[RAG] Gemma 이미지 설명 완료 (page=1, 47.4s): 2205자
[RAG] 이미지 학습 완료: 스크린샷 2026-05-21 오후 6.44.13.png (3청크)
[RAG] 이미지 학습 시작: 스크린샷 2026-05-21 오후 6.44.18.png
[RAG] Gemma 이미지 설명 완료 (page=1, 44.7s): 2822자
[RAG] 이미지 학습 완료: 스크린샷 2026-05-21 오후 6.44.18.png (5청크)
[RAG] 이미지 학습 시작: 스크린샷 2026-05-21 오후 6.55.41.png
[RAG] Gemma 이미지 설명 완료 (page=1, 38.7s): 2148자
[RAG] 이미지 학습 완료: 스크린샷 2026-05-21 오후 6.55.41.png (4청크)
[RAG] 이미지 학습 시작: 스크린샷 2026-05-21 오후 8.30.50.png
[RAG] Gemma 이미지 설명 완료 (page=1, 42.6s): 2783자
[RAG] 이미지 학습 완료: 스크린샷 2026-05-21 오후 8.30.50.png (5청크)
[RAG] 학습 진행률: 90% (댓글 이미지)
[RAG] 이미지 학습 시작: 스크린샷 2026-05-21 오후 8.48.22.png
[RAG] Gemma 이미지 설명 완료 (page=1, 47.3s): 2797자
[RAG] 이미지 학습 완료: 스크린샷 2026-05-21 오후 8.48.22.png (5청크)
[RAG] 이미지 학습 시작: 스크린샷 2026-05-22 오후 3.37.39.png
[RAG] Gemma 이미지 설명 완료 (page=1, 38.5s): 1908자
[RAG] 이미지 학습 완료: 스크린샷 2026-05-22 오후 3.37.39.png (3청크)
[RAG] 저장 완료 — 124청크 / 0개 게시글 / 10개 댓글
[RAG] 학습 진행률: 100% (저장)
[2026-06-01T07:37:44.552Z][RAG-REBUILD] 댓글 배치 학습 9/57: 10건
/home/freegear/EasyDocStation/server/rag_train.py:112: DeprecationWarning: `langchain-community` is being sunset and is no longer actively maintained. See https://github.com/langchain-ai/langchain-community/issues/674 for details and migration guidance toward standalone integration packages.
  from langchain_community.document_loaders import Docx2txtLoader
[RAG] 테이블 생성 경합 감지, 기존 테이블 사용: Table 'my_rag_table' already exists
[RAG] comment=c-1c679ff1-d63e-4873-a99c-52c4d967b82a post=c007cabc-4dcb-41b4-b3cd-ffb417967a4e text → 1청크
[RAG] 이미지 학습 시작: 스크린샷 2026-05-23 오전 5.35.05.png
[RAG] Gemma 이미지 설명 완료 (page=1, 49.4s): 2391자
[RAG] 이미지 학습 완료: 스크린샷 2026-05-23 오전 5.35.05.png (5청크)
[RAG] 이미지 학습 시작: 스크린샷 2026-05-23 오전 9.35.45.png
[RAG] Gemma 이미지 설명 완료 (page=1, 39.8s): 2205자
[RAG] 이미지 학습 완료: 스크린샷 2026-05-23 오전 9.35.45.png (3청크)
[RAG] 이미지 학습 시작: 스크린샷 2026-05-23 오전 9.36.34.png
[RAG] Gemma 이미지 설명 완료 (page=1, 35.1s): 2219자
[RAG] 이미지 학습 완료: 스크린샷 2026-05-23 오전 9.36.34.png (4청크)
[RAG] 학습 진행률: 10% (댓글 이미지)
[RAG] 이미지 학습 시작: 스크린샷 2026-05-23 오전 9.55.02.png
[RAG] Gemma 이미지 설명 완료 (page=1, 35.8s): 2177자
[RAG] 이미지 학습 완료: 스크린샷 2026-05-23 오전 9.55.02.png (3청크)
[RAG] 이미지 학습 시작: 스크린샷 2026-05-23 오전 10.00.40.png
[RAG] Gemma 이미지 설명 완료 (page=1, 36.5s): 2355자
[RAG] 이미지 학습 완료: 스크린샷 2026-05-23 오전 10.00.40.png (4청크)
[RAG] 이미지 학습 시작: 스크린샷 2026-05-23 오전 11.18.51.png
[RAG] Gemma 이미지 설명 완료 (page=1, 34.7s): 2130자
[RAG] 이미지 학습 완료: 스크린샷 2026-05-23 오전 11.18.51.png (4청크)
[RAG] 이미지 학습 시작: 스크린샷 2026-05-23 오후 8.20.08.png
[RAG] Gemma 이미지 설명 완료 (page=1, 25.4s): 1872자
[RAG] 이미지 학습 완료: 스크린샷 2026-05-23 오후 8.20.08.png (3청크)
[RAG] 학습 진행률: 20% (댓글 이미지)
[RAG] comment=c-56167fff-4cbc-49e0-a1f0-561822e2f740 post=c007cabc-4dcb-41b4-b3cd-ffb417967a4e text → 1청크
[RAG] 이미지 학습 시작: Account_1.png
[RAG] Gemma 이미지 설명 완료 (page=1, 30.7s): 1980자
[RAG] 이미지 학습 완료: Account_1.png (3청크)
[RAG] 이미지 학습 시작: Account_2.png
[RAG] Gemma 이미지 설명 완료 (page=1, 35.1s): 2487자
[RAG] 이미지 학습 완료: Account_2.png (5청크)
[RAG] 이미지 학습 시작: Telegram_1.png
[RAG] Gemma 이미지 설명 완료 (page=1, 36.1s): 2246자
[RAG] 이미지 학습 완료: Telegram_1.png (5청크)
[RAG] 학습 진행률: 30% (댓글 이미지)
[RAG] 이미지 학습 시작: Telegram_2.png
[RAG] Gemma 이미지 설명 완료 (page=1, 28.5s): 1838자
[RAG] 이미지 학습 완료: Telegram_2.png (3청크)
[RAG] 이미지 학습 시작: Telegram_3.png
[RAG] Gemma 이미지 설명 완료 (page=1, 33.7s): 2485자
[RAG] 이미지 학습 완료: Telegram_3.png (4청크)
[RAG] 이미지 학습 시작: Telegram_4.png
[RAG] Gemma 이미지 설명 완료 (page=1, 35.9s): 2574자
[RAG] 이미지 학습 완료: Telegram_4.png (5청크)
[RAG] 학습 진행률: 40% (댓글 이미지)
[RAG] 이미지 학습 시작: Telegram_11.png
[RAG] Gemma 이미지 설명 완료 (page=1, 24.4s): 1584자
[RAG] 이미지 학습 완료: Telegram_11.png (3청크)
[RAG] 이미지 학습 시작: Telegram_12.png
[RAG] Gemma 이미지 설명 완료 (page=1, 28.7s): 1787자
[RAG] 이미지 학습 완료: Telegram_12.png (4청크)
[RAG] comment=c-8c512784-013d-424a-a4d5-13ffa86b2651 post=c007cabc-4dcb-41b4-b3cd-ffb417967a4e text → 1청크
[RAG] 이미지 학습 시작: 스크린샷 2026-05-25 오전 8.10.09.png
[RAG] Gemma 이미지 설명 완료 (page=1, 31.0s): 2111자
[RAG] 이미지 학습 완료: 스크린샷 2026-05-25 오전 8.10.09.png (4청크)
[RAG] 학습 진행률: 50% (댓글 이미지)
[RAG] 이미지 학습 시작: 스크린샷 2026-05-25 오전 8.45.58.png
[RAG] Gemma 이미지 설명 완료 (page=1, 36.9s): 2559자
[RAG] 이미지 학습 완료: 스크린샷 2026-05-25 오전 8.45.58.png (5청크)
[RAG] 이미지 학습 시작: Account_1.png
[RAG] Gemma 이미지 설명 완료 (page=1, 30.5s): 1980자
[RAG] 이미지 학습 완료: Account_1.png (3청크)
[RAG] 이미지 학습 시작: Account_2.png
[RAG] Gemma 이미지 설명 완료 (page=1, 35.1s): 2487자
[RAG] 이미지 학습 완료: Account_2.png (5청크)
[RAG] 이미지 학습 시작: Telegram_1.png
[RAG] Gemma 이미지 설명 완료 (page=1, 36.1s): 2246자
[RAG] 이미지 학습 완료: Telegram_1.png (5청크)
[RAG] 학습 진행률: 60% (댓글 이미지)
[RAG] 이미지 학습 시작: Telegram_2.png
[RAG] Gemma 이미지 설명 완료 (page=1, 28.5s): 1838자
[RAG] 이미지 학습 완료: Telegram_2.png (3청크)
[RAG] 이미지 학습 시작: Telegram_3.png
[RAG] Gemma 이미지 설명 완료 (page=1, 33.6s): 2485자
[RAG] 이미지 학습 완료: Telegram_3.png (4청크)
[RAG] 이미지 학습 시작: Telegram_4.png
[RAG] Gemma 이미지 설명 완료 (page=1, 35.8s): 2574자
[RAG] 이미지 학습 완료: Telegram_4.png (5청크)
[RAG] 학습 진행률: 70% (댓글 이미지)
[RAG] 이미지 학습 시작: Telegram_11.png
[RAG] Gemma 이미지 설명 완료 (page=1, 24.4s): 1584자
[RAG] 이미지 학습 완료: Telegram_11.png (3청크)
[RAG] 이미지 학습 시작: Telegram_12.png
[RAG] Gemma 이미지 설명 완료 (page=1, 28.7s): 1787자
[RAG] 이미지 학습 완료: Telegram_12.png (4청크)
[RAG] comment=c-4d7be65e-5573-4636-a7cb-2cc777c3f179 post=b1329bb8-5d22-4831-8585-a793e7c5e5d8 text → 1청크
[RAG] comment=c-76d88041-161e-46d6-883e-07913dd8b56b post=b1329bb8-5d22-4831-8585-a793e7c5e5d8 text → 2청크
[RAG] 학습 진행률: 80% (댓글 본문)
[RAG] comment=c-9aaee64f-e170-4510-a8ba-b7ed35c51d0e post=cb4742d5-b3d8-4842-a725-48dd5c4efcca text → 1청크
[RAG] comment=c-01c257b2-528d-4ba4-bbcc-db190160c388 post=cb4742d5-b3d8-4842-a725-48dd5c4efcca text → 1청크
[RAG] comment=c-4dec7086-db51-4463-aa5a-275075bde1c2 post=cb4742d5-b3d8-4842-a725-48dd5c4efcca text → 1청크
[RAG] comment=c-29a8ae53-7931-46a4-8cf3-4d15907f3b49 post=da645980-755b-4ba4-8dd8-df3bc4acf8e8 text → 1청크
[RAG] 학습 진행률: 90% (댓글 본문)
[RAG] 이미지 학습 시작: Gemini_Generated_Image_nkc0j4nkc0j4nkc0.png
[RAG] Gemma 이미지 설명 완료 (page=1, 44.4s): 2905자
[RAG] 이미지 학습 완료: Gemini_Generated_Image_nkc0j4nkc0j4nkc0.png (5청크)
[RAG] comment=c-79c18f26-b196-49d2-8262-6bb6b2e0a94d post=da645980-755b-4ba4-8dd8-df3bc4acf8e8 text → 2청크
[RAG] 저장 완료 — 116청크 / 0개 게시글 / 10개 댓글
[RAG] 학습 진행률: 100% (저장)
[2026-06-01T07:52:27.697Z][RAG-REBUILD] 댓글 배치 학습 10/57: 10건
/home/freegear/EasyDocStation/server/rag_train.py:112: DeprecationWarning: `langchain-community` is being sunset and is no longer actively maintained. See https://github.com/langchain-ai/langchain-community/issues/674 for details and migration guidance toward standalone integration packages.
  from langchain_community.document_loaders import Docx2txtLoader
[RAG] 테이블 생성 경합 감지, 기존 테이블 사용: Table 'my_rag_table' already exists
[RAG] comment=c-d08039c8-0048-419c-a426-8101f10d5eb7 post=da645980-755b-4ba4-8dd8-df3bc4acf8e8 text → 5청크
[RAG] comment=c-b9eba4b5-4eda-4ee0-baae-26bf9e0ca217 post=da645980-755b-4ba4-8dd8-df3bc4acf8e8 text → 1청크
[RAG] 학습 진행률: 10% (댓글 본문)
[RAG] 이미지 학습 시작: Gemini_Generated_Image_opviy4opviy4opvi.png
[RAG] Gemma 이미지 설명 완료 (page=1, 34.8s): 2290자
[RAG] 이미지 학습 완료: Gemini_Generated_Image_opviy4opviy4opvi.png (5청크)
[RAG] comment=c-d7849d6a-0190-4506-8f90-a73e4eaad5c1 post=da645980-755b-4ba4-8dd8-df3bc4acf8e8 text → 1청크
[RAG] 학습 진행률: 20% (댓글 본문)
[RAG] 이미지 학습 시작: 스크린샷 2026-04-29 오전 6.47.24.png
[RAG] Gemma 이미지 설명 완료 (page=1, 26.8s): 1788자
[RAG] 이미지 학습 완료: 스크린샷 2026-04-29 오전 6.47.24.png (3청크)
[RAG] comment=c-fd45fec7-c7cc-4936-b836-72def9b98ab8 post=da645980-755b-4ba4-8dd8-df3bc4acf8e8 text → 1청크
[RAG] 학습 진행률: 30% (댓글 본문)
[RAG] 이미지 학습 시작: Gemini_Generated_Image_s9tnhrs9tnhrs9tn.png
[RAG] Gemma 이미지 설명 완료 (page=1, 35.4s): 2414자
[RAG] 이미지 학습 완료: Gemini_Generated_Image_s9tnhrs9tnhrs9tn.png (5청크)
[RAG] comment=c-3fcfbfdd-6b92-4389-8db9-e6736b460c39 post=da645980-755b-4ba4-8dd8-df3bc4acf8e8 text → 1청크
[RAG] 학습 진행률: 40% (댓글 본문)
[RAG] 이미지 학습 시작: Gemini_Generated_Image_bajgyxbajgyxbajg.png
[RAG] Gemma 이미지 설명 완료 (page=1, 29.5s): 2264자
[RAG] 이미지 학습 완료: Gemini_Generated_Image_bajgyxbajgyxbajg.png (4청크)
[RAG] comment=c-6839ba7e-258b-4317-b4ac-bde3c98b3d0c post=da645980-755b-4ba4-8dd8-df3bc4acf8e8 text → 3청크
[RAG] 학습 진행률: 50% (댓글 본문)
[RAG] comment=c-73012790-dbbb-4ee9-9920-71e668add5ee post=da645980-755b-4ba4-8dd8-df3bc4acf8e8 text → 1청크
[RAG] 이미지 학습 시작: Gemini_Generated_Image_buf7yqbuf7yqbuf7.png
[RAG] Gemma 이미지 설명 완료 (page=1, 35.2s): 2431자
[RAG] 이미지 학습 완료: Gemini_Generated_Image_buf7yqbuf7yqbuf7.png (4청크)
[RAG] 학습 진행률: 60% (댓글 이미지)
[RAG] comment=c-77094d00-3afa-4ce6-9710-c833a23037b0 post=da645980-755b-4ba4-8dd8-df3bc4acf8e8 text → 1청크
[RAG] 이미지 학습 시작: Gemini_Generated_Image_o0xnv5o0xnv5o0xn.png
[RAG] Gemma 이미지 설명 완료 (page=1, 37.5s): 2694자
[RAG] 이미지 학습 완료: Gemini_Generated_Image_o0xnv5o0xnv5o0xn.png (5청크)
[RAG] 학습 진행률: 70% (댓글 이미지)
[RAG] comment=c-cc4c65e4-f351-40e5-97e8-e89c01204eb6 post=da645980-755b-4ba4-8dd8-df3bc4acf8e8 text → 1청크
[RAG] 이미지 학습 시작: Gemini_Generated_Image_b0du1pb0du1pb0du.png
[RAG] Gemma 이미지 설명 완료 (page=1, 35.5s): 2257자
[RAG] 이미지 학습 완료: Gemini_Generated_Image_b0du1pb0du1pb0du.png (4청크)
[RAG] 학습 진행률: 80% (댓글 이미지)
[RAG] comment=c-36996238-6944-4451-aa54-b4c3725b93d9 post=da645980-755b-4ba4-8dd8-df3bc4acf8e8 text → 1청크
[RAG] 이미지 학습 시작: Gemini_Generated_Image_jfvdejfvdejfvdej.png
[RAG] Gemma 이미지 설명 완료 (page=1, 44.0s): 2879자
[RAG] 이미지 학습 완료: Gemini_Generated_Image_jfvdejfvdejfvdej.png (4청크)
[RAG] 학습 진행률: 90% (댓글 이미지)
[RAG] 저장 완료 — 50청크 / 0개 게시글 / 10개 댓글
[RAG] 학습 진행률: 100% (저장)
[2026-06-01T07:57:13.115Z][RAG-REBUILD] 댓글 배치 학습 11/57: 10건
/home/freegear/EasyDocStation/server/rag_train.py:112: DeprecationWarning: `langchain-community` is being sunset and is no longer actively maintained. See https://github.com/langchain-ai/langchain-community/issues/674 for details and migration guidance toward standalone integration packages.
  from langchain_community.document_loaders import Docx2txtLoader
[RAG] 테이블 생성 경합 감지, 기존 테이블 사용: Table 'my_rag_table' already exists
[RAG] comment=c-cf91a269-a14f-4219-ae78-dc6ba7e58bca post=da645980-755b-4ba4-8dd8-df3bc4acf8e8 text → 1청크
[RAG] 이미지 학습 시작: Gemini_Generated_Image_pncayvpncayvpnca.png
[RAG] Gemma 이미지 설명 완료 (page=1, 44.8s): 3180자
[RAG] 이미지 학습 완료: Gemini_Generated_Image_pncayvpncayvpnca.png (5청크)
[RAG] 학습 진행률: 10% (댓글 이미지)
[RAG] comment=c-7935f7ec-28e8-42f4-b2f0-11806f293dfc post=da645980-755b-4ba4-8dd8-df3bc4acf8e8 text → 1청크
[RAG] 학습 진행률: 20% (댓글 본문)
[RAG] comment=c-c547b225-56cc-4ed9-bea4-41328feb42fd post=da645980-755b-4ba4-8dd8-df3bc4acf8e8 text → 1청크
[RAG] 학습 진행률: 30% (댓글 본문)
[RAG] comment=c-d30fc50e-1293-47af-970e-953256737752 post=da645980-755b-4ba4-8dd8-df3bc4acf8e8 text → 1청크
[RAG] comment=c-5e79ed9a-0dab-4932-93f9-c30d45d57005 post=da645980-755b-4ba4-8dd8-df3bc4acf8e8 text → 1청크
[RAG] 학습 진행률: 40% (댓글 본문)
[RAG] PDF 학습 시작: 2026년 예비창업패키지 사업계획서_우리동네코치_박수진.pdf
[RAG] PDF 파싱 시작 (Unstructured fast): 2026년 예비창업패키지 사업계획서_우리동네코치_박수진.pdf
Ignoring wrong pointing object 7 0 (offset 0)
Ignoring wrong pointing object 11 0 (offset 0)
Ignoring wrong pointing object 13 0 (offset 0)
Ignoring wrong pointing object 15 0 (offset 0)
Ignoring wrong pointing object 37 0 (offset 0)
[RAG] PDF 파싱 완료 (Unstructured fast): 2026년 예비창업패키지 사업계획서_우리동네코치_박수진.pdf / elements=459 / 1.6s
[RAG] PDF 학습 완료: 2026년 예비창업패키지 사업계획서_우리동네코치_박수진.pdf (16청크)
[RAG] 분리 저장 완료: /home/freegear/EasyDocStation/Database/ObjectFile/FileTrainingData/da645980-755b-4ba4-8dd8-df3bc4acf8e8/c-5e79ed9a-0dab-4932-93f9-c30d45d57005/49f53018-5f02-455c-b28f-75ecebc7969f/2026년_예비창업패키지_사업계획서_우리동네코치_박수진.pdf
[RAG] 학습 진행률: 50% (댓글 PDF)
[RAG] comment=c-6915309e-688c-483f-82ee-8e514c489483 post=da645980-755b-4ba4-8dd8-df3bc4acf8e8 text → 2청크
[RAG] 학습 진행률: 60% (댓글 본문)
[RAG] comment=c-4996d84d-6159-4fb8-81ea-b53938085efb post=69f942ec-e027-4d7b-9d2e-7c859585a751 text → 2청크
[RAG] comment=c-cda11491-1b2b-45c1-97ef-02a967fc1895 post=69f942ec-e027-4d7b-9d2e-7c859585a751 text → 1청크
[RAG] 학습 진행률: 70% (댓글 본문)
[RAG] comment=c-abe2a4c3-2db0-4037-939f-48cc43519570 post=69f942ec-e027-4d7b-9d2e-7c859585a751 text → 2청크
[RAG] 학습 진행률: 80% (댓글 본문)
[RAG] comment=c-35cf8f39-971f-4d7d-96d0-0ac36db99610 post=69f942ec-e027-4d7b-9d2e-7c859585a751 text → 1청크
[RAG] 학습 진행률: 90% (댓글 본문)
[RAG] 저장 완료 — 34청크 / 0개 게시글 / 10개 댓글
[RAG] 학습 진행률: 100% (저장)
[2026-06-01T07:58:06.373Z][RAG-REBUILD] 댓글 배치 학습 12/57: 10건
/home/freegear/EasyDocStation/server/rag_train.py:112: DeprecationWarning: `langchain-community` is being sunset and is no longer actively maintained. See https://github.com/langchain-ai/langchain-community/issues/674 for details and migration guidance toward standalone integration packages.
  from langchain_community.document_loaders import Docx2txtLoader
[RAG] 테이블 생성 경합 감지, 기존 테이블 사용: Table 'my_rag_table' already exists
[RAG] comment=c-18940752-d575-4dd7-89bb-f3a4f47bee57 post=69f942ec-e027-4d7b-9d2e-7c859585a751 text → 1청크
[RAG] comment=c-a655d574-679b-4cad-be02-8be06f7bd5ee post=69f942ec-e027-4d7b-9d2e-7c859585a751 text → 1청크
[RAG] 학습 진행률: 10% (댓글 본문)
[RAG] comment=c-49dad84a-817f-4d4b-83d4-3005209e4140 post=69f942ec-e027-4d7b-9d2e-7c859585a751 text → 1청크
[RAG] 학습 진행률: 20% (댓글 본문)
[RAG] comment=c-77115061-9a98-41c8-982d-863a310acafa post=69f942ec-e027-4d7b-9d2e-7c859585a751 text → 1청크
[RAG] 학습 진행률: 30% (댓글 본문)
[RAG] comment=c-27d071bf-b095-46ec-966d-629394b0f6d8 post=69f942ec-e027-4d7b-9d2e-7c859585a751 text → 2청크
[RAG] 학습 진행률: 40% (댓글 본문)
[RAG] comment=c-926c2af8-a00a-476d-ac6e-5579a888dab9 post=69f942ec-e027-4d7b-9d2e-7c859585a751 text → 1청크
[RAG] 학습 진행률: 50% (댓글 본문)
[RAG] comment=c-d0cbe558-b087-46af-9efb-7f939cf577db post=69f942ec-e027-4d7b-9d2e-7c859585a751 text → 1청크
[RAG] 학습 진행률: 60% (댓글 본문)
[RAG] comment=c-ff39b6fe-a0ea-4508-b143-1443903d1d60 post=69f942ec-e027-4d7b-9d2e-7c859585a751 text → 2청크
[RAG] 학습 진행률: 70% (댓글 본문)
[RAG] comment=c-0f3a8356-6451-4f95-bbbf-e474ace2ae7b post=69f942ec-e027-4d7b-9d2e-7c859585a751 text → 1청크
[RAG] 학습 진행률: 80% (댓글 본문)
[RAG] comment=c-c6f619ef-2b32-4fb6-93fd-0037d0daac16 post=69f942ec-e027-4d7b-9d2e-7c859585a751 text → 1청크
[RAG] 학습 진행률: 90% (댓글 본문)
[RAG] 저장 완료 — 12청크 / 0개 게시글 / 10개 댓글
[RAG] 학습 진행률: 100% (저장)
[2026-06-01T07:58:11.990Z][RAG-REBUILD] 댓글 배치 학습 13/57: 10건
/home/freegear/EasyDocStation/server/rag_train.py:112: DeprecationWarning: `langchain-community` is being sunset and is no longer actively maintained. See https://github.com/langchain-ai/langchain-community/issues/674 for details and migration guidance toward standalone integration packages.
  from langchain_community.document_loaders import Docx2txtLoader
[RAG] 테이블 생성 경합 감지, 기존 테이블 사용: Table 'my_rag_table' already exists
[RAG] comment=c-06666257-4ca5-42a0-af62-3d19a6812cfa post=69f942ec-e027-4d7b-9d2e-7c859585a751 text → 1청크
[RAG] comment=c-8b0a266e-c346-4e75-b964-9b00068562af post=5ce316ef-0ac9-4f68-92b6-82922282e1d4 text → 1청크
[RAG] 학습 진행률: 10% (댓글 본문)
[RAG] 이미지 학습 시작: ChatGPT Image 2026년 5월 14일 오전 12_05_36.png
[RAG] Gemma 이미지 설명 완료 (page=1, 27.9s): 2072자
[RAG] 이미지 학습 완료: ChatGPT Image 2026년 5월 14일 오전 12_05_36.png (3청크)
[RAG] comment=c-45a7b3a1-e73e-4f08-a42d-e8927ef3e703 post=5ce316ef-0ac9-4f68-92b6-82922282e1d4 text → 1청크
[RAG] 학습 진행률: 20% (댓글 본문)
[RAG] 이미지 학습 시작: ChatGPT Image 2026년 5월 14일 오전 12_06_59.png
[RAG] Gemma 이미지 설명 완료 (page=1, 30.4s): 2253자
[RAG] 이미지 학습 완료: ChatGPT Image 2026년 5월 14일 오전 12_06_59.png (4청크)
[RAG] 학습 진행률: 30% (댓글 이미지)
[RAG] comment=c-780d1926-fa50-4398-b452-12a2d8b54a55 post=5ce316ef-0ac9-4f68-92b6-82922282e1d4 text → 1청크
[RAG] 이미지 학습 시작: ChatGPT Image 2026년 5월 14일 오전 12_08_05.png
[RAG] Gemma 이미지 설명 완료 (page=1, 26.2s): 1862자
[RAG] 이미지 학습 완료: ChatGPT Image 2026년 5월 14일 오전 12_08_05.png (3청크)
[RAG] 학습 진행률: 40% (댓글 이미지)
[RAG] comment=c-668683c3-8f4b-4936-b270-e873d246d833 post=5ce316ef-0ac9-4f68-92b6-82922282e1d4 text → 1청크
[RAG] 학습 진행률: 50% (댓글 본문)
[RAG] 이미지 학습 시작: 37485c32-a366-45d1-af4a-05c845ab4545.png
[RAG] Gemma 이미지 설명 완료 (page=1, 33.9s): 2585자
[RAG] 이미지 학습 완료: 37485c32-a366-45d1-af4a-05c845ab4545.png (4청크)
[RAG] comment=c-f222c2c8-df72-4beb-86a7-ba54f08038dc post=5ce316ef-0ac9-4f68-92b6-82922282e1d4 text → 1청크
[RAG] 학습 진행률: 60% (댓글 본문)
[RAG] 이미지 학습 시작: ChatGPT Image 2026년 5월 14일 오전 12_11_27.png
[RAG] Gemma 이미지 설명 완료 (page=1, 27.9s): 1901자
[RAG] 이미지 학습 완료: ChatGPT Image 2026년 5월 14일 오전 12_11_27.png (3청크)
[RAG] comment=c-20ac8cdb-0358-4ccd-b1a7-bdb23322af0f post=a72b1534-af9f-4495-b351-562fff436ec2 text → 1청크
[RAG] 학습 진행률: 70% (댓글 본문)
[RAG] comment=c-6a17530f-63ad-4928-a58a-a3eb9b69f1ab post=a72b1534-af9f-4495-b351-562fff436ec2 text → 1청크
[RAG] 학습 진행률: 80% (댓글 본문)
[RAG] comment=c-0e9e75a5-83b8-46ce-8c79-400262c64c89 post=f80f9695-0d9f-4b69-a8d7-5f28377593d7 text → 1청크
[RAG] comment=c-bd1e378e-8b7e-4263-98e4-34c6a1ed8155 post=f80f9695-0d9f-4b69-a8d7-5f28377593d7 text → 3청크
[RAG] 학습 진행률: 90% (댓글 본문)
[RAG] 저장 완료 — 29청크 / 0개 게시글 / 10개 댓글
[RAG] 학습 진행률: 100% (저장)
[2026-06-01T08:00:44.274Z][RAG-REBUILD] 댓글 배치 학습 14/57: 10건
/home/freegear/EasyDocStation/server/rag_train.py:112: DeprecationWarning: `langchain-community` is being sunset and is no longer actively maintained. See https://github.com/langchain-ai/langchain-community/issues/674 for details and migration guidance toward standalone integration packages.
  from langchain_community.document_loaders import Docx2txtLoader
[RAG] 테이블 생성 경합 감지, 기존 테이블 사용: Table 'my_rag_table' already exists
[RAG] comment=c-9d370459-be4a-4552-a116-2b0764ba6caf post=f80f9695-0d9f-4b69-a8d7-5f28377593d7 text → 2청크
[RAG] comment=c-5276b6e3-46a5-41d1-a7f7-42ceff039e05 post=9d4d1f41-9b99-42c8-852c-b1d966d72813 text → 1청크
[RAG] 학습 진행률: 10% (댓글 본문)
[RAG] comment=c-4955d619-e09b-4b84-92fe-1fac8b5741aa post=eaf06197-e4a7-4970-b898-d10cee95427d text → 1청크
[RAG] PDF 학습 시작: 2026.05-현대건설 과제 계약 사항.pdf
[RAG] PDF 파싱 시작 (Unstructured fast): 2026.05-현대건설 과제 계약 사항.pdf
Ignoring wrong pointing object 9 0 (offset 0)
Ignoring wrong pointing object 81 0 (offset 0)
Ignoring wrong pointing object 82 0 (offset 0)
[RAG] PDF 파싱 완료 (Unstructured fast): 2026.05-현대건설 과제 계약 사항.pdf / elements=37 / 0.5s
[RAG] PDF 학습 완료: 2026.05-현대건설 과제 계약 사항.pdf (11청크)
[RAG] 분리 저장 완료: /home/freegear/EasyDocStation/Database/ObjectFile/FileTrainingData/eaf06197-e4a7-4970-b898-d10cee95427d/c-4955d619-e09b-4b84-92fe-1fac8b5741aa/34428702-206b-45ac-aad8-db0f484c1f29/2026.05-현대건설_과제_계약_사항.pdf
[RAG] 학습 진행률: 20% (댓글 PDF)
[RAG] PDF 학습 시작: 2026.05-현대건설 과제 계약 사항s.pdf
[RAG] PDF 파싱 시작 (Unstructured fast): 2026.05-현대건설 과제 계약 사항s.pdf
[RAG] PDF 파싱 완료 (Unstructured fast): 2026.05-현대건설 과제 계약 사항s.pdf / elements=37 / 0.0s
[RAG] PDF 학습 완료: 2026.05-현대건설 과제 계약 사항s.pdf (11청크)
[RAG] 분리 저장 완료: /home/freegear/EasyDocStation/Database/ObjectFile/FileTrainingData/eaf06197-e4a7-4970-b898-d10cee95427d/c-4955d619-e09b-4b84-92fe-1fac8b5741aa/47f4d1f7-286c-4fbd-8b03-169d5e7de734/2026.05-현대건설_과제_계약_사항s.pdf
[RAG] 학습 진행률: 30% (댓글 PDF)
[RAG] comment=c-df88c497-27aa-453f-ae0d-d3153c5b1ec4 post=eaf06197-e4a7-4970-b898-d10cee95427d text → 1청크
[RAG] PDF 학습 시작: hyundai_ansim_proposal_1.3.pdf
[RAG] PDF 파싱 시작 (Unstructured fast): hyundai_ansim_proposal_1.3.pdf
[RAG] PDF 파싱 완료 (Unstructured fast): hyundai_ansim_proposal_1.3.pdf / elements=154 / 0.3s
[RAG] PDF 학습 완료: hyundai_ansim_proposal_1.3.pdf (13청크)
[RAG] 분리 저장 완료: /home/freegear/EasyDocStation/Database/ObjectFile/FileTrainingData/eaf06197-e4a7-4970-b898-d10cee95427d/c-df88c497-27aa-453f-ae0d-d3153c5b1ec4/e9a30a3d-69cd-45ff-ab49-1979497d9e85/hyundai_ansim_proposal_1.3.pdf
[RAG] 학습 진행률: 40% (댓글 PDF)
[RAG] PDF 학습 시작: hyundai_ansim_proposal_1.31.pdf
[RAG] PDF 파싱 시작 (Unstructured fast): hyundai_ansim_proposal_1.31.pdf
[RAG] PDF 파싱 완료 (Unstructured fast): hyundai_ansim_proposal_1.31.pdf / elements=154 / 0.2s
[RAG] PDF 학습 완료: hyundai_ansim_proposal_1.31.pdf (13청크)
[RAG] 분리 저장 완료: /home/freegear/EasyDocStation/Database/ObjectFile/FileTrainingData/eaf06197-e4a7-4970-b898-d10cee95427d/c-df88c497-27aa-453f-ae0d-d3153c5b1ec4/e54ab242-05ab-4422-80d2-4a74de5a48fb/hyundai_ansim_proposal_1.31.pdf
[RAG] 학습 진행률: 50% (댓글 PDF)
[RAG] PDF 학습 시작: hyundai_ansim_proposal_20260128014809.pdf
[RAG] PDF 파싱 시작 (Unstructured fast): hyundai_ansim_proposal_20260128014809.pdf
[RAG] PDF 파싱 완료 (Unstructured fast): hyundai_ansim_proposal_20260128014809.pdf / elements=161 / 0.3s
[RAG] PDF 학습 완료: hyundai_ansim_proposal_20260128014809.pdf (12청크)
[RAG] 분리 저장 완료: /home/freegear/EasyDocStation/Database/ObjectFile/FileTrainingData/eaf06197-e4a7-4970-b898-d10cee95427d/c-df88c497-27aa-453f-ae0d-d3153c5b1ec4/78f1fc1c-28bc-4fd9-84b0-3eea0922e95d/hyundai_ansim_proposal_20260128014809.pdf
[RAG] comment=c-0e3c8c78-3f33-465f-9515-5702c79b91a4 post=0d30fe8c-d99f-4d5b-9994-8885dae08bf0 text → 2청크
[RAG] 학습 진행률: 60% (댓글 본문)
[RAG] comment=c-152542fa-42e7-4b68-b27f-ff4d11e75ccc post=aa0d8ba2-baa6-4b61-9109-3240a49f44ab text → 1청크
[RAG] comment=c-b019501b-1ae4-4736-929d-0be3443bd52f post=aa0d8ba2-baa6-4b61-9109-3240a49f44ab text → 1청크
[RAG] 학습 진행률: 70% (댓글 본문)
[RAG] comment=c-85ad67a1-8e39-4023-aa2c-74a8d70bd8da post=aa0d8ba2-baa6-4b61-9109-3240a49f44ab text → 2청크
[RAG] 학습 진행률: 80% (댓글 본문)
[RAG] comment=c-c4df51d4-f46d-4489-9897-a10948152863 post=aa0d8ba2-baa6-4b61-9109-3240a49f44ab text → 2청크
[RAG] comment=c-7aa6b8e2-291e-46ec-b782-558183fa3c2a post=0c9c8bee-a618-4d97-90d9-9d492a6b9af2 text → 1청크
[RAG] 학습 진행률: 90% (댓글 본문)
[RAG] 저장 완료 — 74청크 / 0개 게시글 / 10개 댓글
[RAG] 학습 진행률: 100% (저장)
[2026-06-01T08:00:53.616Z][RAG-REBUILD] 댓글 배치 학습 15/57: 10건
/home/freegear/EasyDocStation/server/rag_train.py:112: DeprecationWarning: `langchain-community` is being sunset and is no longer actively maintained. See https://github.com/langchain-ai/langchain-community/issues/674 for details and migration guidance toward standalone integration packages.
  from langchain_community.document_loaders import Docx2txtLoader
[RAG] 테이블 생성 경합 감지, 기존 테이블 사용: Table 'my_rag_table' already exists
[RAG] comment=c-ab8b5cf7-dfa3-4269-8ee5-b304c35728ef post=0c9c8bee-a618-4d97-90d9-9d492a6b9af2 text → 1청크
[RAG] comment=c-0f8fe270-11c6-4a1a-8323-cc99c6e9e215 post=33b6d259-6e9b-47c3-b6c1-2331ee6f8285 text → 1청크
[RAG] 학습 진행률: 10% (댓글 본문)
[RAG] PDF 학습 시작: 최요한 연세대학교 상남경영관 관련내용 (1)_1777854341309.pdf
[RAG] PDF 파싱 시작 (Unstructured fast): 최요한 연세대학교 상남경영관 관련내용 (1)_1777854341309.pdf
[RAG] PDF 파싱 완료 (Unstructured fast): 최요한 연세대학교 상남경영관 관련내용 (1)_1777854341309.pdf / elements=363 / 1.5s
[RAG] PDF 학습 완료: 최요한 연세대학교 상남경영관 관련내용 (1)_1777854341309.pdf (28청크)
[RAG] 분리 저장 완료: /home/freegear/EasyDocStation/Database/ObjectFile/FileTrainingData/33b6d259-6e9b-47c3-b6c1-2331ee6f8285/c-0f8fe270-11c6-4a1a-8323-cc99c6e9e215/7a91da22-9f4f-4268-bc54-adee5a049516/최요한_연세대학교_상남경영관_관련내용_1__1777854341309.pdf
[RAG] comment=c-5f4471fc-3c87-4da5-bb49-3d532f4cd383 post=a47057b6-8ea4-47ee-ad9d-f3f2c686eb5e text → 1청크
[RAG] 학습 진행률: 20% (댓글 본문)
[RAG] 이미지 학습 시작: kpi.png
[RAG] Gemma 이미지 설명 완료 (page=1, 48.1s): 2495자
[RAG] 이미지 학습 완료: kpi.png (4청크)
[RAG] comment=c-80f419d4-1771-432c-948e-4727db340a33 post=a47057b6-8ea4-47ee-ad9d-f3f2c686eb5e text → 1청크
[RAG] 학습 진행률: 30% (댓글 본문)
[RAG] 이미지 학습 시작: diagram (3).png
[RAG] Gemma 이미지 설명 완료 (page=1, 28.8s): 1915자
[RAG] 이미지 학습 완료: diagram (3).png (3청크)
[RAG] comment=c-cbaf5731-a31e-4079-a7c8-d8b9ec4b284a post=a47057b6-8ea4-47ee-ad9d-f3f2c686eb5e text → 1청크
[RAG] 학습 진행률: 40% (댓글 본문)
[RAG] 이미지 학습 시작: roi-cac.png
[RAG] Gemma 이미지 설명 완료 (page=1, 39.7s): 2399자
[RAG] 이미지 학습 완료: roi-cac.png (4청크)
[RAG] comment=c-ff252e03-567c-4da2-95af-82fab1774aec post=a47057b6-8ea4-47ee-ad9d-f3f2c686eb5e text → 1청크
[RAG] 학습 진행률: 50% (댓글 본문)
[RAG] 이미지 학습 시작: kpi (1).png
[RAG] Gemma 이미지 설명 완료 (page=1, 48.0s): 2495자
[RAG] 이미지 학습 완료: kpi (1).png (4청크)
[RAG] comment=c-7fdd8d09-4fbf-4272-8426-fad0d2fec2ae post=70e2bd62-ec09-4477-b209-db9bfb6f4830 text → 1청크
[RAG] 학습 진행률: 60% (댓글 본문)
[RAG] 이미지 학습 시작: Gemini_Generated_Image_eeig9seeig9seeig.png
[RAG] Gemma 이미지 설명 완료 (page=1, 48.3s): 3880자
[RAG] 이미지 학습 완료: Gemini_Generated_Image_eeig9seeig9seeig.png (6청크)
[RAG] comment=c-3a83727c-eb39-4033-a649-31982101d4d7 post=70e2bd62-ec09-4477-b209-db9bfb6f4830 text → 1청크
[RAG] 학습 진행률: 70% (댓글 본문)
[RAG] 이미지 학습 시작: Gemini_Generated_Image_4yq20s4yq20s4yq2.png
[RAG] Gemma 이미지 설명 완료 (page=1, 51.4s): 3965자
[RAG] 이미지 학습 완료: Gemini_Generated_Image_4yq20s4yq20s4yq2.png (6청크)
[RAG] comment=c-408aaf0a-c044-4624-a147-1df84f4a2203 post=70e2bd62-ec09-4477-b209-db9bfb6f4830 text → 1청크
[RAG] 학습 진행률: 80% (댓글 본문)
[RAG] 이미지 학습 시작: KakaoTalk_Photo_2026-05-20-10-39-21.jpeg
[RAG] Gemma 이미지 설명 완료 (page=1, 42.1s): 3358자
[RAG] 이미지 학습 완료: KakaoTalk_Photo_2026-05-20-10-39-21.jpeg (5청크)
[RAG] comment=c-be902157-b589-4630-88e9-7dcb336b3087 post=70e2bd62-ec09-4477-b209-db9bfb6f4830 text → 1청크
[RAG] 학습 진행률: 90% (댓글 본문)
[RAG] 이미지 학습 시작: IMG_0426.JPG
[RAG] Gemma 이미지 설명 완료 (page=1, 41.7s): 3300자
[RAG] 이미지 학습 완료: IMG_0426.JPG (6청크)
[RAG] 저장 완료 — 76청크 / 0개 게시글 / 10개 댓글
[RAG] 학습 진행률: 100% (저장)
[2026-06-01T08:06:51.208Z][RAG-REBUILD] 댓글 배치 학습 16/57: 10건
/home/freegear/EasyDocStation/server/rag_train.py:112: DeprecationWarning: `langchain-community` is being sunset and is no longer actively maintained. See https://github.com/langchain-ai/langchain-community/issues/674 for details and migration guidance toward standalone integration packages.
  from langchain_community.document_loaders import Docx2txtLoader
[RAG] 테이블 생성 경합 감지, 기존 테이블 사용: Table 'my_rag_table' already exists
[RAG] comment=c-ac743f57-c9be-455b-aad2-975f4af5e77a post=70e2bd62-ec09-4477-b209-db9bfb6f4830 text → 1청크
[RAG] 이미지 학습 시작: Gemini_Generated_Image_ludcjiludcjiludc.png
[RAG] Gemma 이미지 설명 완료 (page=1, 48.1s): 3930자
[RAG] 이미지 학습 완료: Gemini_Generated_Image_ludcjiludcjiludc.png (7청크)
[RAG] 학습 진행률: 10% (댓글 이미지)
[RAG] comment=c-26486e3d-299b-40a1-95ea-596f6c7a653c post=70e2bd62-ec09-4477-b209-db9bfb6f4830 text → 1청크
[RAG] 학습 진행률: 20% (댓글 본문)
[RAG] 이미지 학습 시작: Gemini_Generated_Image_cewwk3cewwk3ceww.png
[RAG] Gemma 이미지 설명 완료 (page=1, 51.2s): 4094자
[RAG] 이미지 학습 완료: Gemini_Generated_Image_cewwk3cewwk3ceww.png (6청크)
[RAG] comment=c-e34b72ff-3d8f-4f5b-a3ad-8d8b550958d8 post=70e2bd62-ec09-4477-b209-db9bfb6f4830 text → 1청크
[RAG] 학습 진행률: 30% (댓글 본문)
[RAG] 이미지 학습 시작: Gemini_Generated_Image_9b4hq39b4hq39b4h.png
[RAG] Gemma 이미지 설명 완료 (page=1, 45.5s): 3515자
[RAG] 이미지 학습 완료: Gemini_Generated_Image_9b4hq39b4hq39b4h.png (6청크)
[RAG] 학습 진행률: 40% (댓글 이미지)
[RAG] comment=c-65dc3502-3e06-4b10-9c1c-5e3d38f5a01b post=1d2ee91c-dc01-44ab-bfa8-20760279c6ce text → 1청크
[RAG] 학습 진행률: 50% (댓글 본문)
[RAG] comment=c-2bcf8e95-ed3d-42a3-8b59-d21ea7e93e87 post=1d2ee91c-dc01-44ab-bfa8-20760279c6ce text → 1청크
[RAG] comment=c-709c992f-4ab1-4902-a602-c7da57250703 post=fe477a3d-1ce9-480c-9d77-bb88677185fa text → 1청크
[RAG] 학습 진행률: 60% (댓글 본문)
[RAG] comment=c-e8cb90f6-8ddc-4d7c-8ac3-af3729c43af0 post=fe477a3d-1ce9-480c-9d77-bb88677185fa text → 1청크
[RAG] 학습 진행률: 70% (댓글 본문)
[RAG] comment=c-726e37f3-2aec-4490-9998-10ab79f7aa06 post=fe477a3d-1ce9-480c-9d77-bb88677185fa text → 1청크
[RAG] comment=c-2952f819-3cb3-4b3d-b994-c0018395e8e6 post=fe477a3d-1ce9-480c-9d77-bb88677185fa text → 1청크
[RAG] 학습 진행률: 80% (댓글 본문)
[RAG] comment=c-206da731-69c0-4174-a929-969925906ea0 post=fe477a3d-1ce9-480c-9d77-bb88677185fa text → 1청크
[RAG] 학습 진행률: 90% (댓글 본문)
[RAG] 저장 완료 — 29청크 / 0개 게시글 / 10개 댓글
[RAG] 학습 진행률: 100% (저장)
[2026-06-01T08:09:22.022Z][RAG-REBUILD] 댓글 배치 학습 17/57: 10건
/home/freegear/EasyDocStation/server/rag_train.py:112: DeprecationWarning: `langchain-community` is being sunset and is no longer actively maintained. See https://github.com/langchain-ai/langchain-community/issues/674 for details and migration guidance toward standalone integration packages.
  from langchain_community.document_loaders import Docx2txtLoader
[RAG] 테이블 생성 경합 감지, 기존 테이블 사용: Table 'my_rag_table' already exists
[RAG] comment=c-993419b2-1ad9-4d95-8c09-35160ba454ac post=fe477a3d-1ce9-480c-9d77-bb88677185fa text → 1청크
[RAG] comment=c-0b16340c-6608-41f0-bb45-7f5a33acb58f post=3b63ad5f-7925-4b54-9a65-d52848741bc7 text → 1청크
[RAG] 학습 진행률: 10% (댓글 본문)
[RAG] comment=c-30bf0b96-a034-4784-baf9-c68550d1fde7 post=3b63ad5f-7925-4b54-9a65-d52848741bc7 text → 1청크
[RAG] 학습 진행률: 20% (댓글 본문)
[RAG] comment=c-57a0f2e2-60ba-4ed7-bd16-6514c7bc820c post=3b63ad5f-7925-4b54-9a65-d52848741bc7 text → 1청크
[RAG] 학습 진행률: 30% (댓글 본문)
[RAG] comment=c-452397f1-af12-4e61-ac3a-7e0430601267 post=3b63ad5f-7925-4b54-9a65-d52848741bc7 text → 2청크
[RAG] 학습 진행률: 40% (댓글 본문)
[RAG] comment=c-6ebc0bb2-a7df-49fb-9f4b-db2c295911ba post=c783b5d7-7c86-4b02-a304-d80e60859e6d text → 2청크
[RAG] 학습 진행률: 50% (댓글 본문)
[RAG] comment=c-50579e34-38c3-48e0-b85c-5d716db0cb08 post=1f2193ea-2e64-45ae-a989-2727fede946c text → 1청크
[RAG] 학습 진행률: 60% (댓글 본문)
[RAG] comment=c-9e2119ff-993e-4d8a-8351-0d026a735fc3 post=1f2193ea-2e64-45ae-a989-2727fede946c text → 3청크
[RAG] 학습 진행률: 70% (댓글 본문)
[RAG] comment=c-d1025049-7d64-4aae-a908-cc7e02e8ad92 post=1f2193ea-2e64-45ae-a989-2727fede946c text → 1청크
[RAG] 학습 진행률: 80% (댓글 본문)
[RAG] comment=c-ebfd6f95-612e-4360-bc7c-314129c7df8d post=1f2193ea-2e64-45ae-a989-2727fede946c text → 3청크
[RAG] 학습 진행률: 90% (댓글 본문)
[RAG] 저장 완료 — 16청크 / 0개 게시글 / 10개 댓글
[RAG] 학습 진행률: 100% (저장)
[2026-06-01T08:09:28.097Z][RAG-REBUILD] 댓글 배치 학습 18/57: 10건
/home/freegear/EasyDocStation/server/rag_train.py:112: DeprecationWarning: `langchain-community` is being sunset and is no longer actively maintained. See https://github.com/langchain-ai/langchain-community/issues/674 for details and migration guidance toward standalone integration packages.
  from langchain_community.document_loaders import Docx2txtLoader
[RAG] 테이블 생성 경합 감지, 기존 테이블 사용: Table 'my_rag_table' already exists
[RAG] comment=c-4a3dc227-8f1e-4401-817c-eb31da00c28e post=1f2193ea-2e64-45ae-a989-2727fede946c text → 1청크
[RAG] comment=c-bf0b7381-04fe-4a36-a950-a586b7933547 post=1f2193ea-2e64-45ae-a989-2727fede946c text → 3청크
[RAG] 학습 진행률: 10% (댓글 본문)
[RAG] comment=c-6fef14c2-2a11-43aa-b3fa-003cafbf6660 post=1f2193ea-2e64-45ae-a989-2727fede946c text → 1청크
[RAG] 학습 진행률: 20% (댓글 본문)
[RAG] comment=c-7a1ca7aa-09bd-4df2-a117-c83dab2fd3d3 post=1f2193ea-2e64-45ae-a989-2727fede946c text → 2청크
[RAG] comment=c-95473dd8-cd23-455e-aaf3-a2fee9eb4c7d post=1f2193ea-2e64-45ae-a989-2727fede946c text → 4청크
[RAG] 학습 진행률: 30% (댓글 본문)
[RAG] comment=c-43aa3070-7416-43bf-84cc-e8fc2cd9c212 post=1f2193ea-2e64-45ae-a989-2727fede946c text → 2청크
[RAG] 학습 진행률: 40% (댓글 본문)
[RAG] comment=c-27dbca8a-9a4d-47ed-be4e-6d8c992bf70b post=d53aff14-62e3-4c23-8a38-e646a174e7a4 text → 1청크
[RAG] comment=c-3b2260c5-fa07-4504-b123-5c2fba429375 post=d53aff14-62e3-4c23-8a38-e646a174e7a4 text → 1청크
[RAG] 학습 진행률: 50% (댓글 본문)
[RAG] 이미지 학습 시작: 스크린샷 2026-05-23 오전 9.35.45.png
[RAG] Gemma 이미지 설명 완료 (page=1, 39.9s): 2205자
[RAG] 이미지 학습 완료: 스크린샷 2026-05-23 오전 9.35.45.png (3청크)
[RAG] 학습 진행률: 60% (댓글 이미지)
[RAG] comment=c-510f6a77-80a7-4726-9fd3-9d68313dd394 post=d53aff14-62e3-4c23-8a38-e646a174e7a4 text → 1청크
[RAG] 이미지 학습 시작: 스크린샷 2026-05-23 오전 9.44.33.png
[RAG] Gemma 이미지 설명 완료 (page=1, 33.9s): 1720자
[RAG] 이미지 학습 완료: 스크린샷 2026-05-23 오전 9.44.33.png (3청크)
[RAG] 학습 진행률: 70% (댓글 이미지)
[RAG] 이미지 학습 시작: 스크린샷 2026-05-23 오전 9.55.02.png
[RAG] Gemma 이미지 설명 완료 (page=1, 35.8s): 2177자
[RAG] 이미지 학습 완료: 스크린샷 2026-05-23 오전 9.55.02.png (3청크)
[RAG] 학습 진행률: 80% (댓글 이미지)
[RAG] comment=c-bd5e7229-24cd-4df7-a7af-d2503a0efd2f post=d53aff14-62e3-4c23-8a38-e646a174e7a4 text → 1청크
[RAG] 이미지 학습 시작: 스크린샷 2026-05-23 오전 9.55.02.png
[RAG] Gemma 이미지 설명 완료 (page=1, 42.8s): 3124자
[RAG] 이미지 학습 완료: 스크린샷 2026-05-23 오전 9.55.02.png (5청크)
[RAG] 학습 진행률: 90% (댓글 이미지)
[RAG] 저장 완료 — 31청크 / 0개 게시글 / 10개 댓글
[RAG] 학습 진행률: 100% (저장)
[2026-06-01T08:12:07.134Z][RAG-REBUILD] 댓글 배치 학습 19/57: 10건
/home/freegear/EasyDocStation/server/rag_train.py:112: DeprecationWarning: `langchain-community` is being sunset and is no longer actively maintained. See https://github.com/langchain-ai/langchain-community/issues/674 for details and migration guidance toward standalone integration packages.
  from langchain_community.document_loaders import Docx2txtLoader
[RAG] 테이블 생성 경합 감지, 기존 테이블 사용: Table 'my_rag_table' already exists
[RAG] comment=c-177387eb-8c62-4735-9c54-bc648aef6373 post=d53aff14-62e3-4c23-8a38-e646a174e7a4 text → 1청크
[RAG] 이미지 학습 시작: 스크린샷 2026-05-23 오전 10.00.43.png
[RAG] Gemma 이미지 설명 완료 (page=1, 37.1s): 2437자
[RAG] 이미지 학습 완료: 스크린샷 2026-05-23 오전 10.00.43.png (4청크)
[RAG] 학습 진행률: 10% (댓글 이미지)
[RAG] comment=c-7f6b0b38-c200-4913-9322-41767bfd4919 post=d53aff14-62e3-4c23-8a38-e646a174e7a4 text → 1청크
[RAG] 학습 진행률: 20% (댓글 본문)
[RAG] comment=c-0b366e4e-ca69-4e53-8930-79b44584d7e6 post=d53aff14-62e3-4c23-8a38-e646a174e7a4 text → 1청크
[RAG] 학습 진행률: 30% (댓글 본문)
[RAG] PDF 학습 시작: ai_smart_callcenter_fsm_1.2.pdf
[RAG] PDF 파싱 시작 (Unstructured fast): ai_smart_callcenter_fsm_1.2.pdf
[RAG] PDF 파싱 완료 (Unstructured fast): ai_smart_callcenter_fsm_1.2.pdf / elements=361 / 1.2s
[RAG] PDF 학습 완료: ai_smart_callcenter_fsm_1.2.pdf (11청크)
[RAG] 분리 저장 완료: /home/freegear/EasyDocStation/Database/ObjectFile/FileTrainingData/d53aff14-62e3-4c23-8a38-e646a174e7a4/c-0b366e4e-ca69-4e53-8930-79b44584d7e6/f6314b09-e46e-461d-ae13-54e0675679dd/ai_smart_callcenter_fsm_1.2.pdf
[RAG] comment=c-820050ed-0346-4009-950f-cae36bc57e5f post=9f8815b0-8503-4b79-9c8c-b48198897882 text → 1청크
[RAG] 학습 진행률: 40% (댓글 본문)
[RAG] comment=c-17cdc314-a951-4971-86ab-5146ff636a0b post=9f8815b0-8503-4b79-9c8c-b48198897882 text → 3청크
[RAG] 학습 진행률: 50% (댓글 본문)
[RAG] comment=c-cb50112e-9078-4560-95be-ab3fe647661a post=9f8815b0-8503-4b79-9c8c-b48198897882 text → 1청크
[RAG] 학습 진행률: 60% (댓글 본문)
[RAG] comment=c-3201523f-442e-4d7a-a24d-566ab81cf3cd post=9f8815b0-8503-4b79-9c8c-b48198897882 text → 3청크
[RAG] comment=c-28a8ba56-92a5-450c-8367-47bc5730f4e2 post=9f8815b0-8503-4b79-9c8c-b48198897882 text → 1청크
[RAG] 학습 진행률: 70% (댓글 본문)
[RAG] comment=c-a491ef4a-222b-4c6f-9d27-01b11ba538e4 post=9f8815b0-8503-4b79-9c8c-b48198897882 text → 2청크
[RAG] 학습 진행률: 80% (댓글 본문)
[RAG] comment=c-4ebf8c94-c162-4772-ba5e-3ba33534253a post=b12c048a-d47a-4a74-a1a9-82e4895ea723 text → 1청크
[RAG] 학습 진행률: 90% (댓글 본문)
[RAG] 저장 완료 — 30청크 / 0개 게시글 / 10개 댓글
[RAG] 학습 진행률: 100% (저장)
[2026-06-01T08:12:51.815Z][RAG-REBUILD] 댓글 배치 학습 20/57: 10건
/home/freegear/EasyDocStation/server/rag_train.py:112: DeprecationWarning: `langchain-community` is being sunset and is no longer actively maintained. See https://github.com/langchain-ai/langchain-community/issues/674 for details and migration guidance toward standalone integration packages.
  from langchain_community.document_loaders import Docx2txtLoader
[RAG] 테이블 생성 경합 감지, 기존 테이블 사용: Table 'my_rag_table' already exists
[RAG] comment=c-c4975173-c522-46aa-8639-aed8b53f63ce post=5f015746-59f3-4dbf-99c4-d553a7cc824d text → 4청크
[RAG] comment=c-7028d40e-61f0-4097-a40d-1c3957c9bd96 post=5f015746-59f3-4dbf-99c4-d553a7cc824d text → 5청크
[RAG] 학습 진행률: 10% (댓글 본문)
[RAG] comment=c-4caf6d2f-c26b-406e-9680-a39e4a825047 post=5f015746-59f3-4dbf-99c4-d553a7cc824d text → 3청크
[RAG] 학습 진행률: 20% (댓글 본문)
[RAG] comment=c-5f78c98e-43a1-42df-851c-4dbbc3e39cff post=a5415661-aff4-4dca-81d5-134dcda81e8d text → 4청크
[RAG] 학습 진행률: 30% (댓글 본문)
[RAG] comment=c-17187435-47b6-436f-ac23-3a9652291ce4 post=a5415661-aff4-4dca-81d5-134dcda81e8d text → 1청크
[RAG] 학습 진행률: 40% (댓글 본문)
[RAG] comment=c-c09fedeb-c1af-4b1a-97bd-c30f6976bf6d post=a5415661-aff4-4dca-81d5-134dcda81e8d text → 2청크
[RAG] 학습 진행률: 50% (댓글 본문)
[RAG] comment=c-bd71c3f4-7f6b-4d62-af64-371dad77b154 post=a5415661-aff4-4dca-81d5-134dcda81e8d text → 2청크
[RAG] 학습 진행률: 60% (댓글 본문)
[RAG] comment=c-1321def6-20aa-479f-bf97-1ccdb05b9188 post=a5415661-aff4-4dca-81d5-134dcda81e8d text → 2청크
[RAG] 학습 진행률: 70% (댓글 본문)
[RAG] comment=c-040a07a8-d195-4402-9593-f93be831bc7c post=5792b71e-8f43-4b15-8249-a4f195d04410 text → 1청크
[RAG] 학습 진행률: 80% (댓글 본문)
[RAG] comment=c-c1ecb227-8b27-44cc-8be5-0af6b7f84805 post=7e379083-e598-4248-9dc8-54e1bd7cb589 text → 1청크
[RAG] 학습 진행률: 90% (댓글 본문)
[RAG] 저장 완료 — 25청크 / 0개 게시글 / 10개 댓글
[RAG] 학습 진행률: 100% (저장)
[2026-06-01T08:12:57.615Z][RAG-REBUILD] 댓글 배치 학습 21/57: 10건
/home/freegear/EasyDocStation/server/rag_train.py:112: DeprecationWarning: `langchain-community` is being sunset and is no longer actively maintained. See https://github.com/langchain-ai/langchain-community/issues/674 for details and migration guidance toward standalone integration packages.
  from langchain_community.document_loaders import Docx2txtLoader
[RAG] 테이블 생성 경합 감지, 기존 테이블 사용: Table 'my_rag_table' already exists
[RAG] comment=c-0a2ed0d0-5217-4e7f-b52b-591f50191d5d post=10d56ac0-ba53-4d04-8f80-13b4c25b850f text → 1청크
[RAG] comment=c-eb2fb8ac-437a-4239-a051-6b84a500147d post=1c252438-e5e8-4b3f-9d1d-1bd6466d6473 text → 2청크
[RAG] 학습 진행률: 10% (댓글 본문)
[RAG] comment=c-b4a9dbbe-c243-4984-b008-8e954c8dd7a0 post=d1f25bf6-d254-47c5-a269-fbd97ce3f6e1 text → 1청크
[RAG] 학습 진행률: 20% (댓글 본문)
[RAG] comment=c-13df5471-e2a9-415a-8eb2-8e27b9ad3996 post=0d263b81-d876-4987-b74c-a0042dd7c331 text → 1청크
[RAG] 학습 진행률: 30% (댓글 본문)
[RAG] comment=c-24566581-cb7b-4027-8dc7-65acd2222026 post=0d263b81-d876-4987-b74c-a0042dd7c331 text → 1청크
[RAG] 학습 진행률: 40% (댓글 본문)
[RAG] comment=c-d67ae5c1-27af-47b7-9cc8-9678516e2e9f post=0d263b81-d876-4987-b74c-a0042dd7c331 text → 1청크
[RAG] 학습 진행률: 50% (댓글 본문)
[RAG] comment=c-7388086b-fb25-4b5b-9c40-2339f11824fd post=0d263b81-d876-4987-b74c-a0042dd7c331 text → 1청크
[RAG] 학습 진행률: 60% (댓글 본문)
[RAG] comment=c-4602960d-44ec-464c-85e4-1fe2a9c92bdd post=0d263b81-d876-4987-b74c-a0042dd7c331 text → 1청크
[RAG] 학습 진행률: 70% (댓글 본문)
[RAG] comment=c-b371b181-68db-4263-aaf3-d5408792b307 post=0d263b81-d876-4987-b74c-a0042dd7c331 text → 1청크
[RAG] 학습 진행률: 80% (댓글 본문)
[RAG] comment=c-1c30aa23-2844-4e02-b3d4-3a5fa667c359 post=0d263b81-d876-4987-b74c-a0042dd7c331 text → 1청크
[RAG] 학습 진행률: 90% (댓글 본문)
[RAG] 저장 완료 — 11청크 / 0개 게시글 / 10개 댓글
[RAG] 학습 진행률: 100% (저장)
[2026-06-01T08:13:03.656Z][RAG-REBUILD] 댓글 배치 학습 22/57: 10건
/home/freegear/EasyDocStation/server/rag_train.py:112: DeprecationWarning: `langchain-community` is being sunset and is no longer actively maintained. See https://github.com/langchain-ai/langchain-community/issues/674 for details and migration guidance toward standalone integration packages.
  from langchain_community.document_loaders import Docx2txtLoader
[RAG] 테이블 생성 경합 감지, 기존 테이블 사용: Table 'my_rag_table' already exists
[RAG] comment=c-2ba9f771-1942-42bc-93c0-8903b6237149 post=0d263b81-d876-4987-b74c-a0042dd7c331 text → 1청크
[RAG] comment=c-ca65bf3c-8419-4e13-851a-ccfc7ccc2992 post=0d263b81-d876-4987-b74c-a0042dd7c331 text → 1청크
[RAG] 학습 진행률: 10% (댓글 본문)
[RAG] comment=c-10319089-e64b-49a5-9d41-25d03701b7f0 post=0d263b81-d876-4987-b74c-a0042dd7c331 text → 1청크
[RAG] 학습 진행률: 20% (댓글 본문)
[RAG] comment=c-c38708e1-c51d-4adc-a6ec-bf6e31f6b368 post=c6e39cd1-411f-4bcc-9dc7-5396fbaffec5 text → 1청크
[RAG] 학습 진행률: 30% (댓글 본문)
[RAG] comment=c-fb447bdf-3327-4e41-bfdd-44c16459fcd8 post=c6e39cd1-411f-4bcc-9dc7-5396fbaffec5 text → 1청크
[RAG] 학습 진행률: 40% (댓글 본문)
[RAG] comment=c-ae9092c7-878b-4794-9c6a-10ada13d61d8 post=c6e39cd1-411f-4bcc-9dc7-5396fbaffec5 text → 1청크
[RAG] 학습 진행률: 50% (댓글 본문)
[RAG] comment=c-872f44b1-4dd8-46b0-91ac-8c8c6a0cc9a8 post=ac33bcac-9f68-45f7-9db2-eb2270a8bfc9 text → 3청크
[RAG] 학습 진행률: 60% (댓글 본문)
[RAG] comment=c-b3ed680e-f4b2-46f4-ba45-c9b1b725dfde post=7dadeb91-6321-41f0-af9d-175a072e19cc text → 1청크
[RAG] 학습 진행률: 70% (댓글 본문)
[RAG] comment=c-c30b4bf7-c278-42fd-a2ac-2ec96a92a81a post=7dadeb91-6321-41f0-af9d-175a072e19cc text → 1청크
[RAG] 학습 진행률: 80% (댓글 본문)
[RAG] comment=c-3d1b527e-0073-47a8-b46f-d6d796ead912 post=7dadeb91-6321-41f0-af9d-175a072e19cc text → 6청크
[RAG] 학습 진행률: 90% (댓글 본문)
[RAG] 저장 완료 — 17청크 / 0개 게시글 / 10개 댓글
[RAG] 학습 진행률: 100% (저장)
[2026-06-01T08:13:09.770Z][RAG-REBUILD] 댓글 배치 학습 23/57: 10건
/home/freegear/EasyDocStation/server/rag_train.py:112: DeprecationWarning: `langchain-community` is being sunset and is no longer actively maintained. See https://github.com/langchain-ai/langchain-community/issues/674 for details and migration guidance toward standalone integration packages.
  from langchain_community.document_loaders import Docx2txtLoader
[RAG] 테이블 생성 경합 감지, 기존 테이블 사용: Table 'my_rag_table' already exists
[RAG] comment=c-86f0c48d-6428-4ab9-8ad4-5d096cfe1e8e post=7dadeb91-6321-41f0-af9d-175a072e19cc text → 1청크
[RAG] comment=c-d4c1732f-2d75-475e-9368-a46922760f96 post=7dadeb91-6321-41f0-af9d-175a072e19cc text → 3청크
[RAG] 학습 진행률: 10% (댓글 본문)
[RAG] comment=c-2d5a99ac-9ad6-49d6-a55b-b89bf4f35582 post=7dadeb91-6321-41f0-af9d-175a072e19cc text → 2청크
[RAG] 학습 진행률: 20% (댓글 본문)
[RAG] comment=c-8f7788cd-4edb-4549-9e2b-11bb29b11e30 post=a79fc2dd-b37a-45b1-8dfc-8710bd4d73eb text → 1청크
[RAG] 학습 진행률: 30% (댓글 본문)
[RAG] comment=c-1000198c-ee10-4151-9b65-e162558474e8 post=cbd0aa87-9a07-40c5-bfde-b5f6bdbe0ad3 text → 5청크
[RAG] 학습 진행률: 40% (댓글 본문)
[RAG] comment=c-c283da2c-271f-472b-abd6-77efeef39d25 post=cbd0aa87-9a07-40c5-bfde-b5f6bdbe0ad3 text → 2청크
[RAG] 학습 진행률: 50% (댓글 본문)
[RAG] comment=c-13c78fd1-3062-4d39-b1d5-7de428cdc340 post=cbd0aa87-9a07-40c5-bfde-b5f6bdbe0ad3 text → 5청크
[RAG] 학습 진행률: 60% (댓글 본문)
[RAG] comment=c-d8518d51-c603-4efc-8b31-92296c94caf9 post=cbd0aa87-9a07-40c5-bfde-b5f6bdbe0ad3 text → 4청크
[RAG] 학습 진행률: 70% (댓글 본문)
[RAG] comment=c-9934db35-357e-4d47-b320-36f8585bc352 post=71112ff0-4275-47c1-aac8-ef4ac69ba852 text → 1청크
[RAG] 학습 진행률: 80% (댓글 본문)
[RAG] comment=c-fb2eb22e-99bb-4815-b2cc-b10ebc402a63 post=71112ff0-4275-47c1-aac8-ef4ac69ba852 text → 1청크
[RAG] 학습 진행률: 90% (댓글 본문)
[RAG] 저장 완료 — 25청크 / 0개 게시글 / 10개 댓글
[RAG] 학습 진행률: 100% (저장)
[2026-06-01T08:13:16.163Z][RAG-REBUILD] 댓글 배치 학습 24/57: 10건
/home/freegear/EasyDocStation/server/rag_train.py:112: DeprecationWarning: `langchain-community` is being sunset and is no longer actively maintained. See https://github.com/langchain-ai/langchain-community/issues/674 for details and migration guidance toward standalone integration packages.
  from langchain_community.document_loaders import Docx2txtLoader
[RAG] 테이블 생성 경합 감지, 기존 테이블 사용: Table 'my_rag_table' already exists
[RAG] comment=c-696d377a-084d-4839-84b1-970ed7d7c378 post=dbe2e70b-732d-47ae-9c6a-f486f48ad23a text → 1청크
[RAG] comment=c-07a84a1f-c0e4-42f5-8e59-25349e5ea558 post=dbe2e70b-732d-47ae-9c6a-f486f48ad23a text → 1청크
[RAG] 학습 진행률: 10% (댓글 본문)
[RAG] comment=c-16cb6b22-fd9e-4701-bcc7-eabc10622863 post=dbe2e70b-732d-47ae-9c6a-f486f48ad23a text → 4청크
[RAG] 학습 진행률: 20% (댓글 본문)
[RAG] comment=c-3efd3ab5-b8b4-4fa5-a03f-43efe854c9bd post=22f48c76-68fe-4536-9bc0-e3a29609c4e9 text → 1청크
[RAG] 이미지 학습 시작: Gemini_Generated_Image_nqztn7nqztn7nqzt.png
[RAG] Gemma 이미지 설명 완료 (page=1, 41.0s): 3391자
[RAG] 이미지 학습 완료: Gemini_Generated_Image_nqztn7nqztn7nqzt.png (6청크)
[RAG] 학습 진행률: 30% (댓글 이미지)
[RAG] comment=c-4f6c1d69-662f-4029-88d6-33ec69fd0cf8 post=22f48c76-68fe-4536-9bc0-e3a29609c4e9 text → 1청크
[RAG] 학습 진행률: 40% (댓글 본문)
[RAG] Word 학습 시작: 엑스브라이트_AgenticAI 기반 네트워크 관리 플랫폼개발.docx
[RAG] Word 학습 완료: 엑스브라이트_AgenticAI 기반 네트워크 관리 플랫폼개발.docx (5청크)
[RAG] 학습 진행률: 50% (댓글 Word)
[RAG] comment=c-3c0fcae9-9d0c-4c28-993f-3ee88ea1bb36 post=22f48c76-68fe-4536-9bc0-e3a29609c4e9 text → 1청크
[RAG] Word 학습 시작: AgenticAI 기반의 지능형 네트워크 관리 플랫폼 개발{검토}.docx
[RAG] Word 학습 완료: AgenticAI 기반의 지능형 네트워크 관리 플랫폼 개발{검토}.docx (5청크)
[RAG] 학습 진행률: 60% (댓글 Word)
[RAG] comment=c-4f22f5d1-b86c-44b9-be5c-b159d2a7902b post=8ccdd152-6ed8-4beb-9aa4-c94aae2a932d text → 2청크
[RAG] 학습 진행률: 70% (댓글 본문)
[RAG] comment=c-e1f64232-35e1-4226-970f-3547df9b275d post=d2e4bc0f-ef5f-4061-a35a-62615fd35827 text → 1청크
[RAG] comment=c-a6b8429f-1410-43ea-afa9-1eb83c6e22fe post=424c5a0f-488b-4777-bb88-1cfd9dc964fd text → 1청크
[RAG] 학습 진행률: 80% (댓글 본문)
[RAG] comment=c-c4cf4d38-7584-46a6-b8cf-e9169fccba71 post=424c5a0f-488b-4777-bb88-1cfd9dc964fd text → 1청크
[RAG] 학습 진행률: 90% (댓글 본문)
[RAG] 저장 완료 — 30청크 / 0개 게시글 / 10개 댓글
[RAG] 학습 진행률: 100% (저장)
[2026-06-01T08:14:03.129Z][RAG-REBUILD] 댓글 배치 학습 25/57: 10건
/home/freegear/EasyDocStation/server/rag_train.py:112: DeprecationWarning: `langchain-community` is being sunset and is no longer actively maintained. See https://github.com/langchain-ai/langchain-community/issues/674 for details and migration guidance toward standalone integration packages.
  from langchain_community.document_loaders import Docx2txtLoader
[RAG] 테이블 생성 경합 감지, 기존 테이블 사용: Table 'my_rag_table' already exists
[RAG] comment=c-b4cea576-c964-422e-8510-575d9c234ca6 post=424c5a0f-488b-4777-bb88-1cfd9dc964fd text → 1청크
[RAG] comment=c-2bf5e1cc-8b07-4aed-a6f9-25f82ec6f4c6 post=424c5a0f-488b-4777-bb88-1cfd9dc964fd text → 1청크
[RAG] 학습 진행률: 10% (댓글 본문)
[RAG] comment=c-9944fc0a-05df-4cd4-8f72-7467c6128118 post=424c5a0f-488b-4777-bb88-1cfd9dc964fd text → 1청크
[RAG] 학습 진행률: 20% (댓글 본문)
[RAG] comment=c-a03c2486-df8f-4fc9-ae00-e6f66d6932ea post=424c5a0f-488b-4777-bb88-1cfd9dc964fd text → 1청크
[RAG] 학습 진행률: 30% (댓글 본문)
[RAG] comment=c-3718d973-abde-46ef-8d87-16492b248ad8 post=424c5a0f-488b-4777-bb88-1cfd9dc964fd text → 1청크
[RAG] 학습 진행률: 40% (댓글 본문)
[RAG] comment=c-5ec6c9d8-387c-4ee1-944b-1075cd0a771f post=424c5a0f-488b-4777-bb88-1cfd9dc964fd text → 1청크
[RAG] 학습 진행률: 50% (댓글 본문)
[RAG] comment=c-0e73cf87-ef5d-4b09-934a-0c31a5889fba post=424c5a0f-488b-4777-bb88-1cfd9dc964fd text → 1청크
[RAG] 학습 진행률: 60% (댓글 본문)
[RAG] comment=c-71fd592d-b117-4deb-ac8a-28ce96441ac1 post=424c5a0f-488b-4777-bb88-1cfd9dc964fd text → 1청크
[RAG] 학습 진행률: 70% (댓글 본문)
[RAG] comment=c-3512b8a5-98fe-448f-9d53-7b2f2381f14a post=424c5a0f-488b-4777-bb88-1cfd9dc964fd text → 1청크
[RAG] 학습 진행률: 80% (댓글 본문)
[RAG] comment=c-3ce0550e-e6cb-41d4-b150-0df075163065 post=424c5a0f-488b-4777-bb88-1cfd9dc964fd text → 1청크
[RAG] 학습 진행률: 90% (댓글 본문)
[RAG] 저장 완료 — 10청크 / 0개 게시글 / 10개 댓글
[RAG] 학습 진행률: 100% (저장)
[2026-06-01T08:14:08.565Z][RAG-REBUILD] 댓글 배치 학습 26/57: 10건
/home/freegear/EasyDocStation/server/rag_train.py:112: DeprecationWarning: `langchain-community` is being sunset and is no longer actively maintained. See https://github.com/langchain-ai/langchain-community/issues/674 for details and migration guidance toward standalone integration packages.
  from langchain_community.document_loaders import Docx2txtLoader
[RAG] 테이블 생성 경합 감지, 기존 테이블 사용: Table 'my_rag_table' already exists
[RAG] comment=c-d542a70e-aaa5-4a8f-b9d5-819a187c58fb post=424c5a0f-488b-4777-bb88-1cfd9dc964fd text → 1청크
[RAG] comment=c-d47b3f66-0c1a-4ee3-a349-9e711e6c6d5a post=424c5a0f-488b-4777-bb88-1cfd9dc964fd text → 1청크
[RAG] 학습 진행률: 10% (댓글 본문)
[RAG] comment=c-20bf0933-f33f-4217-839d-38a0081ea218 post=424c5a0f-488b-4777-bb88-1cfd9dc964fd text → 1청크
[RAG] 학습 진행률: 20% (댓글 본문)
[RAG] comment=c-3f1ccb23-6e1c-4d44-a2d6-d3828155ff75 post=424c5a0f-488b-4777-bb88-1cfd9dc964fd text → 1청크
[RAG] 학습 진행률: 30% (댓글 본문)
[RAG] comment=c-15d09df8-582f-4503-bae5-be0579aad6a0 post=424c5a0f-488b-4777-bb88-1cfd9dc964fd text → 1청크
[RAG] 학습 진행률: 40% (댓글 본문)
[RAG] comment=c-dee45620-1d0c-4930-94c1-00834e9573e9 post=424c5a0f-488b-4777-bb88-1cfd9dc964fd text → 1청크
[RAG] 학습 진행률: 50% (댓글 본문)
[RAG] comment=c-9c9881c8-da14-4fc9-801f-5c6ade0b5c7e post=424c5a0f-488b-4777-bb88-1cfd9dc964fd text → 1청크
[RAG] 학습 진행률: 60% (댓글 본문)
[RAG] comment=c-65b006e0-18c3-4f36-b263-55db8b4f6e36 post=424c5a0f-488b-4777-bb88-1cfd9dc964fd text → 1청크
[RAG] 학습 진행률: 70% (댓글 본문)
[RAG] comment=c-3359bdcd-9f8d-4641-9980-08d279bd148a post=424c5a0f-488b-4777-bb88-1cfd9dc964fd text → 1청크
[RAG] 학습 진행률: 80% (댓글 본문)
[RAG] comment=c-6df2ff7d-6f77-48a3-9203-1cd519085e2e post=424c5a0f-488b-4777-bb88-1cfd9dc964fd text → 1청크
[RAG] 학습 진행률: 90% (댓글 본문)
[RAG] 저장 완료 — 10청크 / 0개 게시글 / 10개 댓글
[RAG] 학습 진행률: 100% (저장)
[2026-06-01T08:14:14.554Z][RAG-REBUILD] 댓글 배치 학습 27/57: 10건
/home/freegear/EasyDocStation/server/rag_train.py:112: DeprecationWarning: `langchain-community` is being sunset and is no longer actively maintained. See https://github.com/langchain-ai/langchain-community/issues/674 for details and migration guidance toward standalone integration packages.
  from langchain_community.document_loaders import Docx2txtLoader
[RAG] 테이블 생성 경합 감지, 기존 테이블 사용: Table 'my_rag_table' already exists
[RAG] comment=c-58ec80bf-dae1-4554-b676-6be8fb30b4b4 post=424c5a0f-488b-4777-bb88-1cfd9dc964fd text → 1청크
[RAG] comment=c-6149018e-d1bf-4faf-a412-fc09b0aa5eea post=424c5a0f-488b-4777-bb88-1cfd9dc964fd text → 1청크
[RAG] 학습 진행률: 10% (댓글 본문)
[RAG] comment=c-dde81e78-a541-4aa1-b32d-03123f50a75a post=424c5a0f-488b-4777-bb88-1cfd9dc964fd text → 1청크
[RAG] 학습 진행률: 20% (댓글 본문)
[RAG] comment=c-2c9f6bc6-23ba-4e99-a752-4be4a9352b9b post=424c5a0f-488b-4777-bb88-1cfd9dc964fd text → 1청크
[RAG] 학습 진행률: 30% (댓글 본문)
[RAG] comment=c-5a0d39aa-51cd-42f1-8cf5-126a523eb30c post=424c5a0f-488b-4777-bb88-1cfd9dc964fd text → 1청크
[RAG] 학습 진행률: 40% (댓글 본문)
[RAG] comment=c-aa62eac3-925d-4152-b358-c44c3af43f28 post=f59483ce-d8b0-4461-ba10-d74eda0bc270 text → 1청크
[RAG] 학습 진행률: 50% (댓글 본문)
[RAG] comment=c-6e31e4f2-69c1-4471-8572-c5cbbe6818aa post=f59483ce-d8b0-4461-ba10-d74eda0bc270 text → 1청크
[RAG] 학습 진행률: 60% (댓글 본문)
[RAG] comment=c-177a433c-28ea-4f7e-8ad3-095b0a729b66 post=b2cd1725-e1a9-4326-83bb-d3fed295b8bc text → 11청크
[RAG] 학습 진행률: 70% (댓글 본문)
[RAG] comment=c-ee5d2e44-0363-4cf0-8da0-73c6a1dd1912 post=c92faba4-09c6-4a5b-a586-cf1690d1b296 text → 2청크
[RAG] 학습 진행률: 80% (댓글 본문)
[RAG] comment=c-06aa0f2e-e558-4b72-aad9-e1a560323ff9 post=c92faba4-09c6-4a5b-a586-cf1690d1b296 text → 1청크
[RAG] 학습 진행률: 90% (댓글 본문)
[RAG] 저장 완료 — 21청크 / 0개 게시글 / 10개 댓글
[RAG] 학습 진행률: 100% (저장)
[2026-06-01T08:14:20.652Z][RAG-REBUILD] 댓글 배치 학습 28/57: 10건
/home/freegear/EasyDocStation/server/rag_train.py:112: DeprecationWarning: `langchain-community` is being sunset and is no longer actively maintained. See https://github.com/langchain-ai/langchain-community/issues/674 for details and migration guidance toward standalone integration packages.
  from langchain_community.document_loaders import Docx2txtLoader
[RAG] 테이블 생성 경합 감지, 기존 테이블 사용: Table 'my_rag_table' already exists
[RAG] comment=c-061559b8-4988-450c-b092-4a1584e16a55 post=c92faba4-09c6-4a5b-a586-cf1690d1b296 text → 2청크
[RAG] comment=c-de5f77f2-c8e6-4da5-acf4-ed80cfc062e7 post=1a4c6de1-93c1-4da3-80ce-f3907be3e26b text → 2청크
[RAG] 학습 진행률: 10% (댓글 본문)
[RAG] comment=c-55037871-5eed-467c-8a2c-0307bfae97d5 post=7f377942-baf2-4404-a3b7-3a02cb114193 text → 2청크
[RAG] 학습 진행률: 20% (댓글 본문)
[RAG] 이미지 학습 시작: 15623208-3359-4d30-b68d-10ebdffe9dde (1).png
[RAG] Gemma 이미지 설명 완료 (page=1, 42.8s): 2844자
[RAG] 이미지 학습 완료: 15623208-3359-4d30-b68d-10ebdffe9dde (1).png (5청크)
[RAG] 학습 진행률: 30% (댓글 이미지)
[RAG] comment=c-2d6a2662-0776-4f91-aae0-95fc798ebcb1 post=dbe6c88c-72ba-4475-a7c1-a74acfafd4b8 text → 1청크
[RAG] 이미지 학습 시작: 스크린샷 2026-05-17 오전 2.49.28.png
[RAG] Gemma 이미지 설명 완료 (page=1, 38.6s): 2491자
[RAG] 이미지 학습 완료: 스크린샷 2026-05-17 오전 2.49.28.png (4청크)
[RAG] 학습 진행률: 40% (댓글 이미지)
[RAG] comment=c-a08da19a-964b-4a2d-bd60-b9284c8397aa post=dbe6c88c-72ba-4475-a7c1-a74acfafd4b8 text → 1청크
[RAG] 학습 진행률: 50% (댓글 본문)
[RAG] comment=c-5c9f271a-9cc1-4e0c-b7ab-574cc14a7081 post=d5240a8b-f442-48bc-b8aa-aaf8de8421fd text → 7청크
[RAG] 학습 진행률: 60% (댓글 본문)
[RAG] comment=c-a4aca674-29b4-460e-9470-decefc8dafae post=d5240a8b-f442-48bc-b8aa-aaf8de8421fd text → 1청크
[RAG] comment=c-71cf2486-8cbe-4de0-b25d-8289641ae6af post=d5240a8b-f442-48bc-b8aa-aaf8de8421fd text → 4청크
[RAG] 학습 진행률: 70% (댓글 본문)
[RAG] comment=c-53787987-2412-4983-a843-787a9ee8d19e post=d5240a8b-f442-48bc-b8aa-aaf8de8421fd text → 1청크
[RAG] 학습 진행률: 80% (댓글 본문)
[RAG] comment=c-044c6fa8-4f79-4a87-bd4a-f9da3a87ca89 post=d5240a8b-f442-48bc-b8aa-aaf8de8421fd text → 1청크
[RAG] 학습 진행률: 90% (댓글 본문)
[RAG] 저장 완료 — 31청크 / 0개 게시글 / 10개 댓글
[RAG] 학습 진행률: 100% (저장)
[2026-06-01T08:15:48.030Z][RAG-REBUILD] 댓글 배치 학습 29/57: 10건
/home/freegear/EasyDocStation/server/rag_train.py:112: DeprecationWarning: `langchain-community` is being sunset and is no longer actively maintained. See https://github.com/langchain-ai/langchain-community/issues/674 for details and migration guidance toward standalone integration packages.
  from langchain_community.document_loaders import Docx2txtLoader
[RAG] 테이블 생성 경합 감지, 기존 테이블 사용: Table 'my_rag_table' already exists
[RAG] comment=c-2a684bfb-875d-4547-b430-14fb1f41cd14 post=8d78d10f-0190-426d-9293-b9f5049d541c text → 1청크
[RAG] comment=c-39990f9d-0a88-457d-b6ad-3b7c2ac7a5da post=8d78d10f-0190-426d-9293-b9f5049d541c text → 5청크
[RAG] 학습 진행률: 10% (댓글 본문)
[RAG] comment=c-f21c3d9b-ebd3-4fe0-ade9-2ed5de47402b post=8d78d10f-0190-426d-9293-b9f5049d541c text → 2청크
[RAG] 학습 진행률: 20% (댓글 본문)
[RAG] comment=c-362adae5-45e5-4e85-8e73-664c1e2e8b35 post=8d78d10f-0190-426d-9293-b9f5049d541c text → 1청크
[RAG] 학습 진행률: 30% (댓글 본문)
[RAG] comment=c-7900dcb1-5edc-4002-bb0a-eb4164a45442 post=8d78d10f-0190-426d-9293-b9f5049d541c text → 5청크
[RAG] 학습 진행률: 40% (댓글 본문)
[RAG] comment=c-e8a25927-f7c1-439f-b152-0dc1af2deb89 post=8d78d10f-0190-426d-9293-b9f5049d541c text → 1청크
[RAG] 학습 진행률: 50% (댓글 본문)
[RAG] comment=c-7c62a1e8-6e41-4e6d-b627-e55853f67f5c post=97cd70dd-2bac-482a-8065-c5a80e8b675c text → 46청크
[RAG] comment=c-d5f0954b-a96d-4294-b812-cc7c20c184e7 post=6e0c84b2-abb8-4f3b-b9a6-6f7901208cab text → 1청크
[RAG] 학습 진행률: 60% (댓글 본문)
[RAG] comment=c-6193935f-c1cb-4459-a045-3d9d9a863d90 post=6e0c84b2-abb8-4f3b-b9a6-6f7901208cab text → 1청크
[RAG] 학습 진행률: 70% (댓글 본문)
[RAG] 이미지 학습 시작: 스크린샷 2026-04-29 오전 2.16.20.png
[RAG] Gemma 이미지 설명 완료 (page=1, 27.1s): 2003자
[RAG] 이미지 학습 완료: 스크린샷 2026-04-29 오전 2.16.20.png (3청크)
[RAG] 학습 진행률: 80% (댓글 이미지)
[RAG] comment=c-00a1da17-c18d-4f1d-baba-590b6b0e60a1 post=6e0c84b2-abb8-4f3b-b9a6-6f7901208cab text → 1청크
[RAG] 학습 진행률: 90% (댓글 본문)
[RAG] 저장 완료 — 67청크 / 0개 게시글 / 10개 댓글
[RAG] 학습 진행률: 100% (저장)
[2026-06-01T08:16:22.140Z][RAG-REBUILD] 댓글 배치 학습 30/57: 10건
/home/freegear/EasyDocStation/server/rag_train.py:112: DeprecationWarning: `langchain-community` is being sunset and is no longer actively maintained. See https://github.com/langchain-ai/langchain-community/issues/674 for details and migration guidance toward standalone integration packages.
  from langchain_community.document_loaders import Docx2txtLoader
[RAG] 테이블 생성 경합 감지, 기존 테이블 사용: Table 'my_rag_table' already exists
[RAG] comment=c-e024be06-3802-4c9f-b471-2d49e0c0e4ad post=6e0c84b2-abb8-4f3b-b9a6-6f7901208cab text → 1청크
[RAG] comment=c-42e590af-a660-4679-8c88-6920432aafe6 post=6e0c84b2-abb8-4f3b-b9a6-6f7901208cab text → 1청크
[RAG] 학습 진행률: 10% (댓글 본문)
[RAG] comment=c-760e5ea0-199c-489e-8235-d62b9b58f7fe post=6e0c84b2-abb8-4f3b-b9a6-6f7901208cab text → 1청크
[RAG] 학습 진행률: 20% (댓글 본문)
[RAG] comment=c-de89a8a0-fa4d-4a45-b9b1-d8a60f95a60d post=2b8d6717-7a9f-4098-8891-e04e27ad4fa2 text → 6청크
[RAG] 학습 진행률: 30% (댓글 본문)
[RAG] comment=c-a688a396-e462-4cac-8a99-0ecfafb5b18c post=45425cf1-55a9-4de2-b3c1-14220838e8cd text → 11청크
[RAG] comment=c-2b8970b3-0b1e-49b3-825c-d86f663687bb post=45425cf1-55a9-4de2-b3c1-14220838e8cd text → 8청크
[RAG] 학습 진행률: 40% (댓글 본문)
[RAG] comment=c-5b65f43d-d002-438b-8db6-5326accd6032 post=45425cf1-55a9-4de2-b3c1-14220838e8cd text → 4청크
[RAG] 학습 진행률: 50% (댓글 본문)
[RAG] comment=c-1b5c1c24-c8ec-4e20-ab21-2628572c29ab post=45425cf1-55a9-4de2-b3c1-14220838e8cd text → 7청크
[RAG] 학습 진행률: 60% (댓글 본문)
[RAG] comment=c-1708551d-8aab-4834-b9f5-794a591a9a44 post=51771fd0-f952-4315-8456-732c66d198d0 text → 1청크
[RAG] 이미지 학습 시작: Gemini_Generated_Image_99yyji99yyji99yy.png
[RAG] Gemma 이미지 설명 완료 (page=1, 31.0s): 2222자
[RAG] 이미지 학습 완료: Gemini_Generated_Image_99yyji99yyji99yy.png (4청크)
[RAG] 학습 진행률: 70% (댓글 이미지)
[RAG] comment=c-e5bd745a-688b-4d9c-b137-0c463ca6ea4d post=51771fd0-f952-4315-8456-732c66d198d0 text → 1청크
[RAG] 학습 진행률: 80% (댓글 본문)
[RAG] 이미지 학습 시작: Gemini_Generated_Image_isjrj5isjrj5isjr.png
[RAG] Gemma 이미지 설명 완료 (page=1, 26.2s): 1802자
[RAG] 이미지 학습 완료: Gemini_Generated_Image_isjrj5isjrj5isjr.png (3청크)
[RAG] 학습 진행률: 90% (댓글 이미지)
[RAG] 저장 완료 — 48청크 / 0개 게시글 / 10개 댓글
[RAG] 학습 진행률: 100% (저장)
[2026-06-01T08:17:26.387Z][RAG-REBUILD] 댓글 배치 학습 31/57: 10건
/home/freegear/EasyDocStation/server/rag_train.py:112: DeprecationWarning: `langchain-community` is being sunset and is no longer actively maintained. See https://github.com/langchain-ai/langchain-community/issues/674 for details and migration guidance toward standalone integration packages.
  from langchain_community.document_loaders import Docx2txtLoader
[RAG] 테이블 생성 경합 감지, 기존 테이블 사용: Table 'my_rag_table' already exists
[RAG] comment=c-9aca9c14-9cf6-4133-a0bc-b0e67ed31a9c post=51771fd0-f952-4315-8456-732c66d198d0 text → 1청크
[RAG] 이미지 학습 시작: Gemini_Generated_Image_z4qarz4qarz4qarz.png
[RAG] Gemma 이미지 설명 완료 (page=1, 28.6s): 1859자
[RAG] 이미지 학습 완료: Gemini_Generated_Image_z4qarz4qarz4qarz.png (3청크)
[RAG] comment=c-4d90a6fe-6bc8-4e50-82b7-2541b2df99d3 post=51771fd0-f952-4315-8456-732c66d198d0 text → 1청크
[RAG] 이미지 학습 시작: ChatGPT Image 2026년 5월 10일 오전 04_58_05.png
[RAG] Gemma 이미지 설명 완료 (page=1, 30.7s): 2268자
[RAG] 이미지 학습 완료: ChatGPT Image 2026년 5월 10일 오전 04_58_05.png (4청크)
[RAG] comment=c-aba9d651-3ad0-47d8-8b55-9542cafdef8b post=51771fd0-f952-4315-8456-732c66d198d0 text → 1청크
[RAG] 학습 진행률: 10% (댓글 본문)
[RAG] 이미지 학습 시작: ChatGPT Image 2026년 5월 10일 오전 05_23_25.png
[RAG] Gemma 이미지 설명 완료 (page=1, 28.3s): 1943자
[RAG] 이미지 학습 완료: ChatGPT Image 2026년 5월 10일 오전 05_23_25.png (3청크)
[RAG] comment=c-4197cd20-0315-441a-a881-98119bd9cc18 post=51771fd0-f952-4315-8456-732c66d198d0 text → 1청크
[RAG] 이미지 학습 시작: OWL_logo.png
[RAG] Gemma 이미지 설명 완료 (page=1, 28.8s): 1939자
[RAG] 이미지 학습 완료: OWL_logo.png (3청크)
[RAG] comment=c-bfd7cb7d-60df-40df-a3ec-230926c66430 post=51771fd0-f952-4315-8456-732c66d198d0 text → 1청크
[RAG] 이미지 학습 시작: owl_ss.png
[RAG] Gemma 이미지 설명 완료 (page=1, 25.9s): 1781자
[RAG] 이미지 학습 완료: owl_ss.png (3청크)
[RAG] 학습 진행률: 20% (댓글 이미지)
[RAG] comment=c-9d407f12-de77-40eb-865d-2a5b3718e283 post=ac7457bf-5fed-4997-a37a-abae8f73869f text → 1청크
[RAG] 이미지 학습 시작: AIRecommdation_buttone.png
[RAG] Gemma 이미지 설명 완료 (page=1, 21.1s): 1409자
[RAG] 이미지 학습 완료: AIRecommdation_buttone.png (2청크)
[RAG] 이미지 학습 시작: AIRecommendation_1.png
[RAG] Gemma 이미지 설명 완료 (page=1, 42.7s): 3006자
[RAG] 이미지 학습 완료: AIRecommendation_1.png (5청크)
[RAG] comment=c-c51fc982-114e-4b41-9049-6f440f50877d post=ac7457bf-5fed-4997-a37a-abae8f73869f text → 1청크
[RAG] 이미지 학습 시작: AI_Recommendation_2.png
[RAG] Gemma 이미지 설명 완료 (page=1, 21.8s): 1551자
[RAG] 이미지 학습 완료: AI_Recommendation_2.png (3청크)
[RAG] 학습 진행률: 30% (댓글 이미지)
[RAG] 이미지 학습 시작: AI_Recommendation_3.png
[RAG] Gemma 이미지 설명 완료 (page=1, 24.0s): 1553자
[RAG] 이미지 학습 완료: AI_Recommendation_3.png (3청크)
[RAG] 이미지 학습 시작: AI_Recommendation_4.png
[RAG] Gemma 이미지 설명 완료 (page=1, 21.4s): 1257자
[RAG] 이미지 학습 완료: AI_Recommendation_4.png (2청크)
[RAG] 이미지 학습 시작: AI_Recommendation_5.png
[RAG] Gemma 이미지 설명 완료 (page=1, 22.4s): 1389자
[RAG] 이미지 학습 완료: AI_Recommendation_5.png (2청크)
[RAG] 이미지 학습 시작: AI_Recommendation_6.png
[RAG] Gemma 이미지 설명 완료 (page=1, 23.3s): 1585자
[RAG] 이미지 학습 완료: AI_Recommendation_6.png (3청크)
[RAG] 이미지 학습 시작: AI_Recommendation_7.png
[RAG] Gemma 이미지 설명 완료 (page=1, 24.9s): 1428자
[RAG] 이미지 학습 완료: AI_Recommendation_7.png (2청크)
[RAG] 학습 진행률: 40% (댓글 이미지)
[RAG] 이미지 학습 시작: AI_Recommendation_8.png
[RAG] Gemma 이미지 설명 완료 (page=1, 57.5s): 3963자
[RAG] 이미지 학습 완료: AI_Recommendation_8.png (8청크)
[RAG] 이미지 학습 시작: AI_Recommendation_9.png
[RAG] Gemma 이미지 설명 완료 (page=1, 29.4s): 2017자
[RAG] 이미지 학습 완료: AI_Recommendation_9.png (3청크)
[RAG] comment=c-c3971fac-2b63-40f3-97e2-2fe75bc42ada post=ac7457bf-5fed-4997-a37a-abae8f73869f text → 1청크
[RAG] 이미지 학습 시작: 스크린샷 2026-05-24 오전 9.54.52.png
[RAG] Gemma 이미지 설명 완료 (page=1, 32.5s): 1779자
[RAG] 이미지 학습 완료: 스크린샷 2026-05-24 오전 9.54.52.png (3청크)
[RAG] 학습 진행률: 50% (댓글 이미지)
[RAG] 이미지 학습 시작: 스크린샷 2026-05-24 오전 9.54.58.png
[RAG] Gemma 이미지 설명 완료 (page=1, 32.9s): 2096자
[RAG] 이미지 학습 완료: 스크린샷 2026-05-24 오전 9.54.58.png (4청크)
[RAG] 이미지 학습 시작: AI_Recommendation_2.png
[RAG] Gemma 이미지 설명 완료 (page=1, 21.9s): 1551자
[RAG] 이미지 학습 완료: AI_Recommendation_2.png (3청크)
[RAG] 이미지 학습 시작: AI_Recommendation_3.png
[RAG] Gemma 이미지 설명 완료 (page=1, 24.0s): 1553자
[RAG] 이미지 학습 완료: AI_Recommendation_3.png (3청크)
[RAG] 이미지 학습 시작: AI_Recommendation_4.png
[RAG] Gemma 이미지 설명 완료 (page=1, 21.4s): 1257자
[RAG] 이미지 학습 완료: AI_Recommendation_4.png (2청크)
[RAG] 이미지 학습 시작: AI_Recommendation_5.png
[RAG] Gemma 이미지 설명 완료 (page=1, 22.4s): 1389자
[RAG] 이미지 학습 완료: AI_Recommendation_5.png (2청크)
[RAG] 학습 진행률: 60% (댓글 이미지)
[RAG] 이미지 학습 시작: AI_Recommendation_6.png
[RAG] Gemma 이미지 설명 완료 (page=1, 23.3s): 1585자
[RAG] 이미지 학습 완료: AI_Recommendation_6.png (3청크)
[RAG] comment=c-bdddacb8-b203-4bb7-bdfc-7b275637cdf5 post=ac7457bf-5fed-4997-a37a-abae8f73869f text → 1청크
[RAG] 이미지 학습 시작: AI_Recommendation_8.png
[RAG] Gemma 이미지 설명 완료 (page=1, 57.5s): 3963자
[RAG] 이미지 학습 완료: AI_Recommendation_8.png (8청크)
[RAG] 이미지 학습 시작: AI_Recommendation_9.png
[RAG] Gemma 이미지 설명 완료 (page=1, 29.5s): 2017자
[RAG] 이미지 학습 완료: AI_Recommendation_9.png (3청크)
[RAG] 이미지 학습 시작: AI_Recommendation_10.png
[RAG] Gemma 이미지 설명 완료 (page=1, 24.1s): 1529자
[RAG] 이미지 학습 완료: AI_Recommendation_10.png (3청크)
[RAG] 학습 진행률: 70% (댓글 이미지)
[RAG] 이미지 학습 시작: AI_Recommendation_11.png
[RAG] Gemma 이미지 설명 완료 (page=1, 30.7s): 2110자
[RAG] 이미지 학습 완료: AI_Recommendation_11.png (4청크)
[RAG] 이미지 학습 시작: AI_Recommendation_12.png
[RAG] Gemma 이미지 설명 완료 (page=1, 31.3s): 1622자
[RAG] 이미지 학습 완료: AI_Recommendation_12.png (3청크)
[RAG] 이미지 학습 시작: AI_Recommendation_13.png
[RAG] Gemma 이미지 설명 완료 (page=1, 52.2s): 2645자
[RAG] 이미지 학습 완료: AI_Recommendation_13.png (5청크)
[RAG] 이미지 학습 시작: AI_Recommendation_15.png
[RAG] Gemma 이미지 설명 완료 (page=1, 33.7s): 2094자
[RAG] 이미지 학습 완료: AI_Recommendation_15.png (4청크)
[RAG] 이미지 학습 시작: AI_Recommendation_16.png
[RAG] Gemma 이미지 설명 완료 (page=1, 34.1s): 2161자
[RAG] 이미지 학습 완료: AI_Recommendation_16.png (5청크)
[RAG] 학습 진행률: 80% (댓글 이미지)
[RAG] 이미지 학습 시작: AI_Recommendation_17.png
[RAG] Gemma 이미지 설명 완료 (page=1, 29.3s): 2066자
[RAG] 이미지 학습 완료: AI_Recommendation_17.png (3청크)
[RAG] 이미지 학습 시작: AI_Recommendation_18.png
[RAG] Gemma 이미지 설명 완료 (page=1, 57.7s): 3135자
[RAG] 이미지 학습 완료: AI_Recommendation_18.png (6청크)
[RAG] comment=c-529cf662-4992-4006-b78b-86418c21fa9e post=ac7457bf-5fed-4997-a37a-abae8f73869f text → 1청크
[RAG] 이미지 학습 시작: AI_Recommendation_20.png
[RAG] Gemma 이미지 설명 완료 (page=1, 66.1s): 3396자
[RAG] 이미지 학습 완료: AI_Recommendation_20.png (6청크)
[RAG] 이미지 학습 시작: AI_Recommendation_21.png
[RAG] Gemma 이미지 설명 완료 (page=1, 44.5s): 2732자
[RAG] 이미지 학습 완료: AI_Recommendation_21.png (4청크)
[RAG] 학습 진행률: 90% (댓글 이미지)
[RAG] 이미지 학습 시작: AI_Recommendation_22.png
[RAG] Gemma 이미지 설명 완료 (page=1, 34.2s): 1999자
[RAG] 이미지 학습 완료: AI_Recommendation_22.png (3청크)
[RAG] 이미지 학습 시작: AI_Recommendation_23.png
[RAG] Gemma 이미지 설명 완료 (page=1, 39.5s): 2306자
[RAG] 이미지 학습 완료: AI_Recommendation_23.png (4청크)
[RAG] 이미지 학습 시작: AI_Recommendation_24.png
[RAG] Gemma 이미지 설명 완료 (page=1, 40.3s): 2583자
[RAG] 이미지 학습 완료: AI_Recommendation_24.png (4청크)
[RAG] 저장 완료 — 144청크 / 0개 게시글 / 10개 댓글
[RAG] 학습 진행률: 100% (저장)
[2026-06-01T08:37:49.320Z][RAG-REBUILD] 댓글 배치 학습 32/57: 10건
/home/freegear/EasyDocStation/server/rag_train.py:112: DeprecationWarning: `langchain-community` is being sunset and is no longer actively maintained. See https://github.com/langchain-ai/langchain-community/issues/674 for details and migration guidance toward standalone integration packages.
  from langchain_community.document_loaders import Docx2txtLoader
[RAG] 테이블 생성 경합 감지, 기존 테이블 사용: Table 'my_rag_table' already exists
[RAG] comment=c-a595be3e-f3ad-4d2c-bcfa-3467d2e8a539 post=ac7457bf-5fed-4997-a37a-abae8f73869f text → 1청크
[RAG] comment=c-ce42855d-c68a-4760-98e0-6fb53ec32942 post=c934e3ef-a22b-42ec-93be-10fe5b652f0c text → 5청크
[RAG] 학습 진행률: 10% (댓글 본문)
[RAG] comment=c-dd2a3a51-86d5-484b-baa6-286d407f190f post=3bff1c1c-84ca-4380-98d7-56611fbee6b6 text → 4청크
[RAG] 학습 진행률: 20% (댓글 본문)
[RAG] comment=c-9305b1bd-b764-496d-a722-652934a306a1 post=80cffa4a-7b27-4e03-8e81-466dd04700d8 text → 1청크
[RAG] 학습 진행률: 30% (댓글 본문)
[RAG] comment=c-0e373eba-bbcb-4bca-86ce-a89312e6d850 post=1a7a51e4-8e25-4013-8857-8722ea496687 text → 1청크
[RAG] 학습 진행률: 40% (댓글 본문)
[RAG] comment=c-e3537185-f28c-4c8b-b1a4-e53c75ed62d2 post=1a7a51e4-8e25-4013-8857-8722ea496687 text → 3청크
[RAG] 학습 진행률: 50% (댓글 본문)
[RAG] comment=c-2f1169d0-bdcd-4af4-82c7-901ca3747110 post=1a7a51e4-8e25-4013-8857-8722ea496687 text → 2청크
[RAG] 학습 진행률: 60% (댓글 본문)
[RAG] comment=c-3341089d-350e-4ea9-8186-8191600ba0df post=1a7a51e4-8e25-4013-8857-8722ea496687 text → 4청크
[RAG] 학습 진행률: 70% (댓글 본문)
[RAG] comment=c-67b8fa25-6f44-4e96-b0f4-dc8c993dc366 post=adf93b00-5fde-4c78-b31d-08ffa89f2ac3 text → 5청크
[RAG] 학습 진행률: 80% (댓글 본문)
[RAG] comment=c-8f197b89-67cf-44bf-af16-d3b32a412238 post=adf93b00-5fde-4c78-b31d-08ffa89f2ac3 text → 6청크
[RAG] 학습 진행률: 90% (댓글 본문)
[RAG] 저장 완료 — 32청크 / 0개 게시글 / 10개 댓글
[RAG] 학습 진행률: 100% (저장)
[2026-06-01T08:37:55.516Z][RAG-REBUILD] 댓글 배치 학습 33/57: 10건
/home/freegear/EasyDocStation/server/rag_train.py:112: DeprecationWarning: `langchain-community` is being sunset and is no longer actively maintained. See https://github.com/langchain-ai/langchain-community/issues/674 for details and migration guidance toward standalone integration packages.
  from langchain_community.document_loaders import Docx2txtLoader
[RAG] 테이블 생성 경합 감지, 기존 테이블 사용: Table 'my_rag_table' already exists
[RAG] comment=c-27f57af0-4d44-4ab4-a908-baa3e3f283fb post=adf93b00-5fde-4c78-b31d-08ffa89f2ac3 text → 1청크
[RAG] comment=c-a91835de-1ab5-4194-a9e9-1ad46c2da3aa post=a754eae6-731f-443d-b1eb-91cd902d17a0 text → 1청크
[RAG] 학습 진행률: 10% (댓글 본문)
[RAG] comment=c-0daa4826-de23-43d5-8eff-7ba35c6def43 post=ab17f7e6-a387-4b8f-bd52-4ff97ac62c2a text → 7청크
[RAG] 학습 진행률: 20% (댓글 본문)
[RAG] comment=c-203bdf5f-f5c9-4543-893d-b02fc604b3dc post=ab17f7e6-a387-4b8f-bd52-4ff97ac62c2a text → 2청크
[RAG] 학습 진행률: 30% (댓글 본문)
[RAG] comment=c-bd317c82-dced-4d6b-9b3b-c496b492c6ed post=ab17f7e6-a387-4b8f-bd52-4ff97ac62c2a text → 2청크
[RAG] 학습 진행률: 40% (댓글 본문)
[RAG] comment=c-4b5c0dc7-0460-4d9b-bd5c-224bda93b269 post=3a13cbac-e56c-4fd3-a919-c76496cbf38b text → 1청크
[RAG] 학습 진행률: 50% (댓글 본문)
[RAG] comment=c-c79eacdd-a6e8-4d78-9476-164f4d1f0945 post=3a13cbac-e56c-4fd3-a919-c76496cbf38b text → 1청크
[RAG] 학습 진행률: 60% (댓글 본문)
[RAG] comment=c-f9303548-fb01-41e8-93fd-fc469074f516 post=3a13cbac-e56c-4fd3-a919-c76496cbf38b text → 1청크
[RAG] 학습 진행률: 70% (댓글 본문)
[RAG] comment=c-d3d81cf5-572f-4ed6-944d-fb96fb4bab6d post=0dd56315-2847-4889-baee-19509735cdd9 text → 1청크
[RAG] 학습 진행률: 80% (댓글 본문)
[RAG] comment=c-d7f4535c-1e35-4965-a2c0-cda58e4c5950 post=0dd56315-2847-4889-baee-19509735cdd9 text → 1청크
[RAG] 학습 진행률: 90% (댓글 본문)
[RAG] 저장 완료 — 18청크 / 0개 게시글 / 10개 댓글
[RAG] 학습 진행률: 100% (저장)
[2026-06-01T08:38:01.654Z][RAG-REBUILD] 댓글 배치 학습 34/57: 10건
/home/freegear/EasyDocStation/server/rag_train.py:112: DeprecationWarning: `langchain-community` is being sunset and is no longer actively maintained. See https://github.com/langchain-ai/langchain-community/issues/674 for details and migration guidance toward standalone integration packages.
  from langchain_community.document_loaders import Docx2txtLoader
[RAG] 테이블 생성 경합 감지, 기존 테이블 사용: Table 'my_rag_table' already exists
[RAG] comment=c-f299f20a-8c3e-415a-ada1-628b6693c3d4 post=0dd56315-2847-4889-baee-19509735cdd9 text → 1청크
[RAG] comment=c-b5a163ba-3991-4038-b970-21d09a4e7c28 post=0dd56315-2847-4889-baee-19509735cdd9 text → 1청크
[RAG] 학습 진행률: 10% (댓글 본문)
[RAG] comment=c-900b77e6-0e86-40a9-be46-5199fb6543e2 post=a6e98e01-3f5c-4b6f-9568-5a690dddcd5a text → 1청크
[RAG] 학습 진행률: 20% (댓글 본문)
[RAG] Word 학습 시작: 250721_ODROID_LPR_Manual_v0.1_2.docx
[RAG] Word 학습 완료: 250721_ODROID_LPR_Manual_v0.1_2.docx (5청크)
[RAG] comment=c-f17f0802-2dc1-4241-a787-a240c2401d06 post=a6e98e01-3f5c-4b6f-9568-5a690dddcd5a text → 1청크
[RAG] 학습 진행률: 30% (댓글 본문)
[RAG] TXT 학습 시작: key_정보.txt
[RAG] TXT 학습 완료: key_정보.txt (1청크)
[RAG] 학습 진행률: 40% (댓글 TXT)
[RAG] comment=c-e071cb1c-24f5-41a2-931e-71dd6fb04a09 post=18eb2101-aee3-4fe2-a5b4-c7dd494f9006 text → 4청크
[RAG] 학습 진행률: 50% (댓글 본문)
[RAG] comment=c-f86c89d4-afc9-487a-b168-47f09c96863a post=18eb2101-aee3-4fe2-a5b4-c7dd494f9006 text → 3청크
[RAG] comment=c-c948e12a-f525-4fae-b229-a06b5b56774e post=18eb2101-aee3-4fe2-a5b4-c7dd494f9006 text → 1청크
[RAG] 학습 진행률: 60% (댓글 본문)
[RAG] comment=c-0ea61e57-b396-4a43-97e8-20dab0e5f273 post=18eb2101-aee3-4fe2-a5b4-c7dd494f9006 text → 3청크
[RAG] 학습 진행률: 70% (댓글 본문)
[RAG] comment=c-3d868de5-fef5-463f-baf2-fd60b23bbf64 post=18eb2101-aee3-4fe2-a5b4-c7dd494f9006 text → 1청크
[RAG] PDF 학습 시작: DPR500OpManual.pdf
[RAG] PDF 파싱 시작 (Unstructured fast): DPR500OpManual.pdf
[RAG] PDF 파싱 완료 (Unstructured fast): DPR500OpManual.pdf / elements=433 / 1.6s
[RAG] PDF 학습 완료: DPR500OpManual.pdf (69청크)
[RAG] 분리 저장 완료: /home/freegear/EasyDocStation/Database/ObjectFile/FileTrainingData/18eb2101-aee3-4fe2-a5b4-c7dd494f9006/c-3d868de5-fef5-463f-baf2-fd60b23bbf64/23b31889-58c9-4d76-8ad8-8522d8acd5e2/DPR500OpManual.pdf
[RAG] 학습 진행률: 80% (댓글 PDF)
[RAG] comment=c-c5741283-ae07-4c69-b2ac-9e8bc251fa5f post=18eb2101-aee3-4fe2-a5b4-c7dd494f9006 text → 1청크
[RAG] 학습 진행률: 90% (댓글 본문)
[RAG] 저장 완료 — 92청크 / 0개 게시글 / 10개 댓글
[RAG] 학습 진행률: 100% (저장)
[2026-06-01T08:38:11.095Z][RAG-REBUILD] 댓글 배치 학습 35/57: 10건
/home/freegear/EasyDocStation/server/rag_train.py:112: DeprecationWarning: `langchain-community` is being sunset and is no longer actively maintained. See https://github.com/langchain-ai/langchain-community/issues/674 for details and migration guidance toward standalone integration packages.
  from langchain_community.document_loaders import Docx2txtLoader
[RAG] 테이블 생성 경합 감지, 기존 테이블 사용: Table 'my_rag_table' already exists
[RAG] comment=c-c458ec90-a228-4b26-a69c-b2e566134dc4 post=12bb6403-aa79-44c9-b470-af5efe377f8a text → 1청크
[RAG] comment=c-9daf4571-a947-476f-aa02-2321af9246dd post=12bb6403-aa79-44c9-b470-af5efe377f8a text → 1청크
[RAG] 학습 진행률: 10% (댓글 본문)
[RAG] comment=c-1f952a01-4fb4-4e40-b7a8-936c7322b120 post=12bb6403-aa79-44c9-b470-af5efe377f8a text → 1청크
[RAG] 학습 진행률: 20% (댓글 본문)
[RAG] comment=c-167ad019-1c85-4815-a312-fadbc6128cab post=12bb6403-aa79-44c9-b470-af5efe377f8a text → 1청크
[RAG] 학습 진행률: 30% (댓글 본문)
[RAG] comment=c-d8aee218-2bcb-4b84-9a9d-35eda9f76f14 post=12bb6403-aa79-44c9-b470-af5efe377f8a text → 2청크
[RAG] 학습 진행률: 40% (댓글 본문)
[RAG] comment=c-b383644a-498c-4bdc-94b9-e507cb2c8ae3 post=12bb6403-aa79-44c9-b470-af5efe377f8a text → 3청크
[RAG] 학습 진행률: 50% (댓글 본문)
[RAG] comment=c-95357490-1ad8-48eb-a0e2-0f41818c24f9 post=dfccb4ad-6c6a-48bb-a769-e47ec575eff8 text → 1청크
[RAG] comment=c-dcebdcbb-1d08-4005-aa8e-4a250427d4a4 post=dfccb4ad-6c6a-48bb-a769-e47ec575eff8 text → 2청크
[RAG] 학습 진행률: 60% (댓글 본문)
[RAG] comment=c-6c04fc95-2718-4fd2-98e6-b130b618263e post=606dbba9-fda3-4c2f-b0ed-edf02c1a8904 text → 1청크
[RAG] 학습 진행률: 70% (댓글 본문)
[RAG] 이미지 학습 시작: 스크린샷 2026-05-06 오전 7.45.57.png
[RAG] Gemma 이미지 설명 완료 (page=1, 47.4s): 2348자
[RAG] 이미지 학습 완료: 스크린샷 2026-05-06 오전 7.45.57.png (4청크)
[RAG] 학습 진행률: 80% (댓글 이미지)
[RAG] comment=c-422589f4-289b-4ca8-a0e0-6d211e1f6088 post=7cde7701-ddd7-40cc-a688-bf438af44413 text → 1청크
[RAG] 학습 진행률: 90% (댓글 본문)
[RAG] 저장 완료 — 18청크 / 0개 게시글 / 10개 댓글
[RAG] 학습 진행률: 100% (저장)
[2026-06-01T08:39:04.553Z][RAG-REBUILD] 댓글 배치 학습 36/57: 10건
/home/freegear/EasyDocStation/server/rag_train.py:112: DeprecationWarning: `langchain-community` is being sunset and is no longer actively maintained. See https://github.com/langchain-ai/langchain-community/issues/674 for details and migration guidance toward standalone integration packages.
  from langchain_community.document_loaders import Docx2txtLoader
[RAG] 테이블 생성 경합 감지, 기존 테이블 사용: Table 'my_rag_table' already exists
[RAG] comment=c-7e10f7ad-3a3e-4340-8c82-f2c067de7c2a post=7cde7701-ddd7-40cc-a688-bf438af44413 text → 2청크
[RAG] comment=c-36b80285-405d-4034-b97c-1c63d4db527f post=7cde7701-ddd7-40cc-a688-bf438af44413 text → 2청크
[RAG] 학습 진행률: 10% (댓글 본문)
[RAG] comment=c-765bb287-9697-4e43-b787-3cde8ef7f1de post=ec2c4a0d-604e-41cc-8dd8-c175b2ec3b56 text → 1청크
[RAG] 이미지 학습 시작: KakaoTalk_Photo_2026-05-05-09-48-31.jpeg
[RAG] Gemma 이미지 설명 완료 (page=1, 32.8s): 1912자
[RAG] 이미지 학습 완료: KakaoTalk_Photo_2026-05-05-09-48-31.jpeg (3청크)
[RAG] 학습 진행률: 20% (댓글 이미지)
[RAG] comment=c-4e1c807a-e8ce-4479-864b-2d6695e7385a post=ec2c4a0d-604e-41cc-8dd8-c175b2ec3b56 text → 1청크
[RAG] 학습 진행률: 30% (댓글 본문)
[RAG] Word 학습 시작: AI 투자 알고리즘 개발 및 수익 분배 계약서_1.1.docx
[RAG] Word 학습 완료: AI 투자 알고리즘 개발 및 수익 분배 계약서_1.1.docx (3청크)
[RAG] Word 학습 시작: AI 투자 알고리즘 개발 및 수익 분배 계약서_1.2.docx
[RAG] Word 학습 완료: AI 투자 알고리즘 개발 및 수익 분배 계약서_1.2.docx (3청크)
[RAG] 학습 진행률: 40% (댓글 Word)
[RAG] Word 학습 시작: AI 투자 알고리즘 개발 및 수익 분배 계약서_1.3.docx
[RAG] Word 학습 완료: AI 투자 알고리즘 개발 및 수익 분배 계약서_1.3.docx (3청크)
[RAG] 학습 진행률: 50% (댓글 Word)
[RAG] comment=c-99e5b9d4-4b09-478f-996c-2eaf678b496b post=ec2c4a0d-604e-41cc-8dd8-c175b2ec3b56 text → 1청크
[RAG] Word 학습 시작: AI 투자 알고리즘 개발 및 수익 분배 계약서_1.4.docx
[RAG] Word 학습 완료: AI 투자 알고리즘 개발 및 수익 분배 계약서_1.4.docx (3청크)
[RAG] 학습 진행률: 60% (댓글 Word)
[RAG] comment=c-2c7a1980-9132-4771-9c59-fcbefacf978e post=ec2c4a0d-604e-41cc-8dd8-c175b2ec3b56 text → 1청크
[RAG] comment=c-f0d56575-a019-42ed-9e87-67b78d440646 post=c59a0083-a0c8-4c7c-b865-38a4d32e57fd text → 1청크
[RAG] 학습 진행률: 70% (댓글 본문)
[RAG] comment=c-bd545dc7-df48-4c4c-839c-f51b12c688e7 post=7010b189-8fc8-4dde-84fa-2e3df0764f23 text → 1청크
[RAG] 학습 진행률: 80% (댓글 본문)
[RAG] comment=c-541ac358-8af2-4405-b8e4-d81e31db849d post=7010b189-8fc8-4dde-84fa-2e3df0764f23 text → 1청크
[RAG] comment=c-1b119c3b-9009-4400-b71c-23dcbca3c70d post=7010b189-8fc8-4dde-84fa-2e3df0764f23 text → 1청크
[RAG] 학습 진행률: 90% (댓글 본문)
[RAG] 저장 완료 — 27청크 / 0개 게시글 / 10개 댓글
[RAG] 학습 진행률: 100% (저장)
[2026-06-01T08:39:42.973Z][RAG-REBUILD] 댓글 배치 학습 37/57: 10건
/home/freegear/EasyDocStation/server/rag_train.py:112: DeprecationWarning: `langchain-community` is being sunset and is no longer actively maintained. See https://github.com/langchain-ai/langchain-community/issues/674 for details and migration guidance toward standalone integration packages.
  from langchain_community.document_loaders import Docx2txtLoader
[RAG] 테이블 생성 경합 감지, 기존 테이블 사용: Table 'my_rag_table' already exists
[RAG] comment=c-1cef4ce8-6770-40a5-be6b-c029f25301f1 post=7010b189-8fc8-4dde-84fa-2e3df0764f23 text → 1청크
[RAG] comment=c-ba567523-20db-45cb-9a2b-b33d4cc73373 post=6aa095e2-a52d-4970-8010-d7194df752e4 text → 2청크
[RAG] 학습 진행률: 10% (댓글 본문)
[RAG] 학습 진행률: 20% (댓글 본문)
[RAG] 이미지 학습 시작: 스크린샷 2026-05-02 오전 10.03.14.png
[RAG] Gemma 이미지 설명 완료 (page=1, 39.1s): 2882자
[RAG] 이미지 학습 완료: 스크린샷 2026-05-02 오전 10.03.14.png (5청크)
[RAG] comment=c-7473cf7d-bdf7-48b1-b003-362ee079caa4 post=16ac02e6-6a0d-4ed8-b77e-0ff1c7deed04 text → 2청크
[RAG] 학습 진행률: 30% (댓글 본문)
[RAG] 이미지 학습 시작: 스크린샷 2026-05-02 오전 10.03.14.png
[RAG] Gemma 이미지 설명 완료 (page=1, 43.5s): 2901자
[RAG] 이미지 학습 완료: 스크린샷 2026-05-02 오전 10.03.14.png (5청크)
[RAG] 학습 진행률: 40% (댓글 이미지)
[RAG] comment=c-c4d6046e-a874-4080-ac05-88f2a6845e96 post=16ac02e6-6a0d-4ed8-b77e-0ff1c7deed04 text → 4청크
[RAG] 학습 진행률: 50% (댓글 본문)
[RAG] comment=c-95391075-d742-45a1-a594-a99a73abe8fc post=16ac02e6-6a0d-4ed8-b77e-0ff1c7deed04 text → 4청크
[RAG] 이미지 학습 시작: 스크린샷 2026-05-02 오전 10.03.14.png
[RAG] Gemma 이미지 설명 완료 (page=1, 43.5s): 2901자
[RAG] 이미지 학습 완료: 스크린샷 2026-05-02 오전 10.03.14.png (5청크)
[RAG] 학습 진행률: 60% (댓글 이미지)
[RAG] comment=c-0fed257d-ef81-4a4c-917f-2dbac9e8db75 post=5e353eca-ff91-495c-916a-a00c308566db text → 1청크
[RAG] 학습 진행률: 70% (댓글 본문)
[RAG] comment=c-e06af006-ba40-46ec-aba1-204b4869a05f post=5e353eca-ff91-495c-916a-a00c308566db text → 1청크
[RAG] comment=c-1813c112-c6fc-431b-b9d5-e0adb833f3cf post=5e353eca-ff91-495c-916a-a00c308566db text → 1청크
[RAG] 학습 진행률: 80% (댓글 본문)
[RAG] comment=c-2064478b-8430-4bcc-9220-c34c12f96485 post=5e353eca-ff91-495c-916a-a00c308566db text → 1청크
[RAG] 학습 진행률: 90% (댓글 본문)
[RAG] 저장 완료 — 32청크 / 0개 게시글 / 10개 댓글
[RAG] 학습 진행률: 100% (저장)
[2026-06-01T08:41:54.633Z][RAG-REBUILD] 댓글 배치 학습 38/57: 10건
/home/freegear/EasyDocStation/server/rag_train.py:112: DeprecationWarning: `langchain-community` is being sunset and is no longer actively maintained. See https://github.com/langchain-ai/langchain-community/issues/674 for details and migration guidance toward standalone integration packages.
  from langchain_community.document_loaders import Docx2txtLoader
[RAG] 테이블 생성 경합 감지, 기존 테이블 사용: Table 'my_rag_table' already exists
[RAG] comment=c-2a140c64-22a0-45b0-9f4a-154f9f775f25 post=b6fb12ce-149f-49e6-ae0e-4463cac0984c text → 1청크
[RAG] comment=c-2deda019-bd97-4370-a48e-3d68c5bf1595 post=b6fb12ce-149f-49e6-ae0e-4463cac0984c text → 2청크
[RAG] 학습 진행률: 10% (댓글 본문)
[RAG] comment=c-2f288100-8274-4c1c-a77d-969bd8a54b0a post=b6fb12ce-149f-49e6-ae0e-4463cac0984c text → 2청크
[RAG] 학습 진행률: 20% (댓글 본문)
[RAG] comment=c-73f1d582-a1f2-45b1-89b8-91308ede2cab post=b6fb12ce-149f-49e6-ae0e-4463cac0984c text → 1청크
[RAG] 학습 진행률: 30% (댓글 본문)
[RAG] comment=c-ca4476bf-87ed-406a-b09e-06dccaa5d49b post=b6fb12ce-149f-49e6-ae0e-4463cac0984c text → 2청크
[RAG] 학습 진행률: 40% (댓글 본문)
[RAG] comment=c-cba8b4c9-ed5b-46d1-abcf-d5cc17e47009 post=b6fb12ce-149f-49e6-ae0e-4463cac0984c text → 4청크
[RAG] 학습 진행률: 50% (댓글 본문)
[RAG] comment=c-06c533b4-dfe6-40b0-9857-c738fe5d64fa post=b6fb12ce-149f-49e6-ae0e-4463cac0984c text → 5청크
[RAG] 학습 진행률: 60% (댓글 본문)
[RAG] comment=c-c2f1ba22-91b5-4ff4-9114-2b457d30d0a8 post=b6fb12ce-149f-49e6-ae0e-4463cac0984c text → 1청크
[RAG] 학습 진행률: 70% (댓글 본문)
[RAG] comment=c-000360ec-b9bf-46a8-9445-76f0acc8e2f2 post=b6fb12ce-149f-49e6-ae0e-4463cac0984c text → 3청크
[RAG] 학습 진행률: 80% (댓글 본문)
[RAG] comment=c-1f85148a-b22f-45ab-8172-d07b27391e01 post=b6fb12ce-149f-49e6-ae0e-4463cac0984c text → 2청크
[RAG] 학습 진행률: 90% (댓글 본문)
[RAG] 저장 완료 — 23청크 / 0개 게시글 / 10개 댓글
[RAG] 학습 진행률: 100% (저장)
[2026-06-01T08:42:00.758Z][RAG-REBUILD] 댓글 배치 학습 39/57: 10건
/home/freegear/EasyDocStation/server/rag_train.py:112: DeprecationWarning: `langchain-community` is being sunset and is no longer actively maintained. See https://github.com/langchain-ai/langchain-community/issues/674 for details and migration guidance toward standalone integration packages.
  from langchain_community.document_loaders import Docx2txtLoader
[RAG] 테이블 생성 경합 감지, 기존 테이블 사용: Table 'my_rag_table' already exists
[RAG] comment=c-34d08684-8c01-448c-b160-3985bbf0d684 post=b6fb12ce-149f-49e6-ae0e-4463cac0984c text → 1청크
[RAG] comment=c-fc7e84c5-234a-44c1-8210-25cd93372f3a post=bc47231d-0ee6-4417-a522-bac1f71f30e5 text → 1청크
[RAG] 학습 진행률: 10% (댓글 본문)
[RAG] PDF 학습 시작: 0443_001.pdf
[RAG] PDF 파싱 시작 (Unstructured fast): 0443_001.pdf
[RAG] Tesseract OCR fallback 시작: lang=kor+eng, pages=4
[RAG] Tesseract OCR 진행: 1/4
[RAG] Tesseract OCR 진행: 4/4
[RAG] Tesseract OCR fallback 완료: 추출 페이지 4/4
[RAG] PDF 학습 완료: 0443_001.pdf (4청크)
[RAG] 분리 저장 완료: /home/freegear/EasyDocStation/Database/ObjectFile/FileTrainingData/bc47231d-0ee6-4417-a522-bac1f71f30e5/c-fc7e84c5-234a-44c1-8210-25cd93372f3a/c60eacc4-3a3b-4b70-83ad-a818d4f0b1e8/0443_001.pdf
[RAG] 학습 진행률: 20% (댓글 PDF)
[RAG] comment=c-ea820cad-af14-434f-840d-41268b744890 post=bc47231d-0ee6-4417-a522-bac1f71f30e5 text → 1청크
[RAG] 학습 진행률: 30% (댓글 본문)
[RAG] comment=c-9e24e733-b8d4-4356-a615-c2b0be5917e1 post=bc47231d-0ee6-4417-a522-bac1f71f30e5 text → 1청크
[RAG] comment=c-5572efa1-d60f-4034-992f-c7861b63138a post=bc47231d-0ee6-4417-a522-bac1f71f30e5 text → 1청크
[RAG] 학습 진행률: 40% (댓글 본문)
[RAG] comment=c-60644105-b1e1-4d51-a5af-6732096522ef post=a76060df-e20c-4db4-abf4-d85f9da638fb text → 1청크
[RAG] 학습 진행률: 50% (댓글 본문)
[RAG] comment=c-e25774c5-8187-48b9-a425-cf8c4573d80f post=a76060df-e20c-4db4-abf4-d85f9da638fb text → 1청크
[RAG] 학습 진행률: 60% (댓글 본문)
[RAG] PDF 학습 시작: 1777982141797.pdf
[RAG] PDF 파싱 시작 (Unstructured fast): 1777982141797.pdf
[RAG] Tesseract OCR fallback 시작: lang=kor+eng, pages=1
[RAG] Tesseract OCR 진행: 1/1
[RAG] Tesseract OCR fallback 완료: 추출 페이지 1/1
[RAG] PDF 학습 완료: 1777982141797.pdf (2청크)
[RAG] 분리 저장 완료: /home/freegear/EasyDocStation/Database/ObjectFile/FileTrainingData/a76060df-e20c-4db4-abf4-d85f9da638fb/c-e25774c5-8187-48b9-a425-cf8c4573d80f/36f11694-7c10-4341-b75f-08e1eb81911c/1777982141797.pdf
[RAG] comment=c-e1ea7dfa-e399-44c7-bef7-ad5bbf6df61a post=a76060df-e20c-4db4-abf4-d85f9da638fb text → 1청크
[RAG] 학습 진행률: 70% (댓글 본문)
[RAG] comment=c-67d38abc-4677-40b9-9b8f-85edf27bc5de post=a76060df-e20c-4db4-abf4-d85f9da638fb text → 1청크
[RAG] 학습 진행률: 80% (댓글 본문)
[RAG] comment=c-dd80d1f2-b2fe-4703-8615-71fc6856a993 post=a76060df-e20c-4db4-abf4-d85f9da638fb text → 1청크
[RAG] 학습 진행률: 90% (댓글 본문)
[RAG] 저장 완료 — 16청크 / 0개 게시글 / 10개 댓글
[RAG] 학습 진행률: 100% (저장)
[2026-06-01T08:42:12.491Z][RAG-REBUILD] 댓글 배치 학습 40/57: 10건
/home/freegear/EasyDocStation/server/rag_train.py:112: DeprecationWarning: `langchain-community` is being sunset and is no longer actively maintained. See https://github.com/langchain-ai/langchain-community/issues/674 for details and migration guidance toward standalone integration packages.
  from langchain_community.document_loaders import Docx2txtLoader
[RAG] 테이블 생성 경합 감지, 기존 테이블 사용: Table 'my_rag_table' already exists
[RAG] comment=c-c0f621ba-359f-4162-93ab-a34069a22d3b post=a76060df-e20c-4db4-abf4-d85f9da638fb text → 2청크
[RAG] comment=c-9a245464-b16e-4bde-8763-c2a01e8bb564 post=a76060df-e20c-4db4-abf4-d85f9da638fb text → 1청크
[RAG] 학습 진행률: 10% (댓글 본문)
[RAG] comment=c-69b442b5-a18e-4296-b496-06487c7b3840 post=a76060df-e20c-4db4-abf4-d85f9da638fb text → 1청크
[RAG] 학습 진행률: 20% (댓글 본문)
[RAG] comment=c-6db2fac8-b843-487c-99f2-f3df6d622495 post=a76060df-e20c-4db4-abf4-d85f9da638fb text → 1청크
[RAG] 학습 진행률: 30% (댓글 본문)
[RAG] comment=c-38692789-48e5-4b29-bcac-b7af4e3fa303 post=a76060df-e20c-4db4-abf4-d85f9da638fb text → 3청크
[RAG] 학습 진행률: 40% (댓글 본문)
[RAG] comment=c-319ebd3e-2de2-4a40-8e2d-55d96d9d5f97 post=a76060df-e20c-4db4-abf4-d85f9da638fb text → 1청크
[RAG] 학습 진행률: 50% (댓글 본문)
[RAG] comment=c-42435af2-4a87-4c58-8782-f785c298d782 post=a76060df-e20c-4db4-abf4-d85f9da638fb text → 2청크
[RAG] comment=c-7ea86247-ec2c-4122-be11-406070a11153 post=a76060df-e20c-4db4-abf4-d85f9da638fb text → 1청크
[RAG] 학습 진행률: 60% (댓글 본문)
[RAG] comment=c-09396a33-f277-4402-8c4e-26b7f1aff325 post=a76060df-e20c-4db4-abf4-d85f9da638fb text → 1청크
[RAG] 학습 진행률: 70% (댓글 본문)
[RAG] 이미지 학습 시작: 스크린샷 2026-05-06 오전 1.23.37.png
[RAG] Gemma 이미지 설명 완료 (page=1, 36.5s): 1798자
[RAG] 이미지 학습 완료: 스크린샷 2026-05-06 오전 1.23.37.png (4청크)
[RAG] 학습 진행률: 80% (댓글 이미지)
[RAG] comment=c-13de1fa1-73a0-42b6-906f-3689af4bbf4c post=a76060df-e20c-4db4-abf4-d85f9da638fb text → 1청크
[RAG] 학습 진행률: 90% (댓글 본문)
[RAG] 저장 완료 — 18청크 / 0개 게시글 / 10개 댓글
[RAG] 학습 진행률: 100% (저장)
[2026-06-01T08:42:54.760Z][RAG-REBUILD] 댓글 배치 학습 41/57: 10건
/home/freegear/EasyDocStation/server/rag_train.py:112: DeprecationWarning: `langchain-community` is being sunset and is no longer actively maintained. See https://github.com/langchain-ai/langchain-community/issues/674 for details and migration guidance toward standalone integration packages.
  from langchain_community.document_loaders import Docx2txtLoader
[RAG] 테이블 생성 경합 감지, 기존 테이블 사용: Table 'my_rag_table' already exists
[RAG] comment=c-2ee16aa8-1691-4bae-9a8f-37b1bad17781 post=a76060df-e20c-4db4-abf4-d85f9da638fb text → 1청크
[RAG] 이미지 학습 시작: 스크린샷 2026-05-06 오전 1.28.29.png
[RAG] Gemma 이미지 설명 완료 (page=1, 29.6s): 1894자
[RAG] 이미지 학습 완료: 스크린샷 2026-05-06 오전 1.28.29.png (4청크)
[RAG] 학습 진행률: 10% (댓글 이미지)
[RAG] comment=c-76fbf258-582f-4248-8521-85fa0aee0f5a post=a76060df-e20c-4db4-abf4-d85f9da638fb text → 1청크
[RAG] PDF 학습 시작: 0443_001.pdf
[RAG] PDF 파싱 시작 (Unstructured fast): 0443_001.pdf
[RAG] Tesseract OCR fallback 시작: lang=kor+eng, pages=4
[RAG] Tesseract OCR 진행: 1/4
[RAG] Tesseract OCR 진행: 4/4
[RAG] Tesseract OCR fallback 완료: 추출 페이지 4/4
[RAG] PDF 학습 완료: 0443_001.pdf (4청크)
[RAG] 분리 저장 완료: /home/freegear/EasyDocStation/Database/ObjectFile/FileTrainingData/a76060df-e20c-4db4-abf4-d85f9da638fb/c-76fbf258-582f-4248-8521-85fa0aee0f5a/b2d13d1a-47da-4681-8214-43c776db89c0/0443_001.pdf
[RAG] 학습 진행률: 20% (댓글 PDF)
[RAG] comment=c-7d3adf9d-f917-4af0-8135-67bc51320130 post=a76060df-e20c-4db4-abf4-d85f9da638fb text → 1청크
[RAG] PDF 학습 시작: AI 투자 알고리즘 개발 및 수익 분배 계약서_1.6.pdf
[RAG] PDF 파싱 시작 (Unstructured fast): AI 투자 알고리즘 개발 및 수익 분배 계약서_1.6.pdf
[RAG] Tesseract OCR fallback 시작: lang=kor+eng, pages=2
[RAG] Tesseract OCR 진행: 1/2
[RAG] Tesseract OCR 진행: 2/2
[RAG] Tesseract OCR fallback 완료: 추출 페이지 2/2
[RAG] PDF 학습 완료: AI 투자 알고리즘 개발 및 수익 분배 계약서_1.6.pdf (4청크)
[RAG] 분리 저장 완료: /home/freegear/EasyDocStation/Database/ObjectFile/FileTrainingData/a76060df-e20c-4db4-abf4-d85f9da638fb/c-7d3adf9d-f917-4af0-8135-67bc51320130/ba424dfd-fed8-4f20-9234-65d57f0f26b9/AI_투자_알고리즘_개발_및_수익_분배_계약서_1.6.pdf
[RAG] 학습 진행률: 30% (댓글 PDF)
[RAG] Word 학습 시작: AI 투자 알고리즘 개발 및 수익 분배 계약서_1.6.docx
[RAG] Word 학습 완료: AI 투자 알고리즘 개발 및 수익 분배 계약서_1.6.docx (3청크)
[RAG] comment=c-fe1805a4-ab39-4f48-9a55-db5308562ddb post=a76060df-e20c-4db4-abf4-d85f9da638fb text → 1청크
[RAG] 학습 진행률: 40% (댓글 본문)
[RAG] PDF 학습 시작: AI 투자 알고리즘 및 수익분배 계약서_1.6.pdf
[RAG] PDF 파싱 시작 (Unstructured fast): AI 투자 알고리즘 및 수익분배 계약서_1.6.pdf
[RAG] Tesseract OCR fallback 시작: lang=kor+eng, pages=2
[RAG] Tesseract OCR 진행: 1/2
[RAG] Tesseract OCR 진행: 2/2
[RAG] Tesseract OCR fallback 완료: 추출 페이지 2/2
[RAG] PDF 학습 완료: AI 투자 알고리즘 및 수익분배 계약서_1.6.pdf (4청크)
[RAG] 분리 저장 완료: /home/freegear/EasyDocStation/Database/ObjectFile/FileTrainingData/a76060df-e20c-4db4-abf4-d85f9da638fb/c-fe1805a4-ab39-4f48-9a55-db5308562ddb/74822685-2790-47f7-9ff0-42f06cf2a26a/AI_투자_알고리즘_및_수익분배_계약서_1.6.pdf
[RAG] 학습 진행률: 50% (댓글 PDF)
[RAG] comment=c-1f9125c4-9c9d-4b75-85ee-ff050970a082 post=a76060df-e20c-4db4-abf4-d85f9da638fb text → 1청크
[RAG] 이미지 학습 시작: KakaoTalk_Photo_2026-05-07-20-19-17.png
[RAG] Gemma 이미지 설명 완료 (page=1, 37.6s): 2524자
[RAG] 이미지 학습 완료: KakaoTalk_Photo_2026-05-07-20-19-17.png (4청크)
[RAG] 학습 진행률: 60% (댓글 이미지)
[RAG] comment=c-82c08226-8623-443e-8d22-85e6d5d8ba22 post=a76060df-e20c-4db4-abf4-d85f9da638fb text → 1청크
[RAG] 이미지 학습 시작: KakaoTalk_Photo_2026-05-07-20-19-10.png
[RAG] Gemma 이미지 설명 완료 (page=1, 29.9s): 1883자
[RAG] 이미지 학습 완료: KakaoTalk_Photo_2026-05-07-20-19-10.png (3청크)
[RAG] 학습 진행률: 70% (댓글 이미지)
[RAG] comment=c-179f10da-b867-4cca-9bb0-909dc2227b86 post=3e8b7ce1-d562-488d-a9cd-79bd42b4a721 text → 5청크
[RAG] comment=c-9bd77bed-1fb8-4014-8083-c1524846d065 post=3e8b7ce1-d562-488d-a9cd-79bd42b4a721 text → 2청크
[RAG] 학습 진행률: 80% (댓글 본문)
[RAG] comment=c-a22d4205-663a-4372-ae25-c6d2169f5504 post=159b31e0-7b5b-4653-abb7-71cd7cf063c6 text → 1청크
[RAG] comment=c-1e09e4db-9f08-4e6c-acfa-f30c3193ee0a post=159b31e0-7b5b-4653-abb7-71cd7cf063c6 text → 1청크
[RAG] 학습 진행률: 90% (댓글 본문)
[RAG] 저장 완료 — 41청크 / 0개 게시글 / 10개 댓글
[RAG] 학습 진행률: 100% (저장)
[2026-06-01T08:44:52.208Z][RAG-REBUILD] 댓글 배치 학습 42/57: 10건
/home/freegear/EasyDocStation/server/rag_train.py:112: DeprecationWarning: `langchain-community` is being sunset and is no longer actively maintained. See https://github.com/langchain-ai/langchain-community/issues/674 for details and migration guidance toward standalone integration packages.
  from langchain_community.document_loaders import Docx2txtLoader
[RAG] 테이블 생성 경합 감지, 기존 테이블 사용: Table 'my_rag_table' already exists
[RAG] comment=c-49b040d7-1dcf-421b-bea0-6ed05d24f37c post=312eab66-d808-4bd5-9c2f-9976088492c8 text → 4청크
[RAG] comment=c-d08a194f-3da5-40ca-b807-9debced5232c post=312eab66-d808-4bd5-9c2f-9976088492c8 text → 1청크
[RAG] 학습 진행률: 10% (댓글 본문)
[RAG] comment=c-01efca1d-5782-4f2d-87cb-753ddf417169 post=312eab66-d808-4bd5-9c2f-9976088492c8 text → 2청크
[RAG] 학습 진행률: 20% (댓글 본문)
[RAG] comment=c-58d48d73-91e0-4a0b-b2a6-7777aac30c49 post=312eab66-d808-4bd5-9c2f-9976088492c8 text → 3청크
[RAG] 학습 진행률: 30% (댓글 본문)
[RAG] comment=c-79286f5d-0e60-4ee0-bd75-12cc74f8a169 post=312eab66-d808-4bd5-9c2f-9976088492c8 text → 8청크
[RAG] 학습 진행률: 40% (댓글 본문)
[RAG] comment=c-aa41e275-4a03-4931-bd23-54a1693b9ef3 post=312eab66-d808-4bd5-9c2f-9976088492c8 text → 8청크
[RAG] 학습 진행률: 50% (댓글 본문)
[RAG] comment=c-f7ec11d3-b7c1-4bdc-a759-333a8c34aa03 post=312eab66-d808-4bd5-9c2f-9976088492c8 text → 17청크
[RAG] 학습 진행률: 60% (댓글 본문)
[RAG] comment=c-51e875d1-5dc5-4a68-a5e8-7f5aa7fda153 post=312eab66-d808-4bd5-9c2f-9976088492c8 text → 25청크
[RAG] 학습 진행률: 70% (댓글 본문)
[RAG] comment=c-2f8b1ff1-af9a-42f9-9f5b-5cb634af7e94 post=312eab66-d808-4bd5-9c2f-9976088492c8 text → 2청크
[RAG] 학습 진행률: 80% (댓글 본문)
[RAG] comment=c-506c2abd-3ba9-49ed-b376-73eadd266eb8 post=312eab66-d808-4bd5-9c2f-9976088492c8 text → 1청크
[RAG] 학습 진행률: 90% (댓글 본문)
[RAG] 저장 완료 — 71청크 / 0개 게시글 / 10개 댓글
[RAG] 학습 진행률: 100% (저장)
[2026-06-01T08:44:59.493Z][RAG-REBUILD] 댓글 배치 학습 43/57: 10건
/home/freegear/EasyDocStation/server/rag_train.py:112: DeprecationWarning: `langchain-community` is being sunset and is no longer actively maintained. See https://github.com/langchain-ai/langchain-community/issues/674 for details and migration guidance toward standalone integration packages.
  from langchain_community.document_loaders import Docx2txtLoader
[RAG] 테이블 생성 경합 감지, 기존 테이블 사용: Table 'my_rag_table' already exists
[RAG] comment=c-2d555c2e-76bd-4152-8891-6417eba6d129 post=312eab66-d808-4bd5-9c2f-9976088492c8 text → 1청크
[RAG] comment=c-c04fc920-33dd-40af-9767-a3ada851b96e post=312eab66-d808-4bd5-9c2f-9976088492c8 text → 1청크
[RAG] 학습 진행률: 10% (댓글 본문)
[RAG] comment=c-59e7238d-3cf7-4a9b-b196-2a713254c0dc post=312eab66-d808-4bd5-9c2f-9976088492c8 text → 1청크
[RAG] 학습 진행률: 20% (댓글 본문)
[RAG] comment=c-445fcff2-9836-4db9-9bec-6170342a76b1 post=34cf17f1-161f-43d5-8be2-623c22d00806 text → 2청크
[RAG] 학습 진행률: 30% (댓글 본문)
[RAG] comment=c-a738ea76-3924-40d6-8a81-f7aa771652a3 post=1614d9d3-2164-497c-8d30-770475ecb18b text → 4청크
[RAG] 학습 진행률: 40% (댓글 본문)
[RAG] comment=c-cb3ee8f1-b9e8-4883-8b96-84424c805af1 post=1614d9d3-2164-497c-8d30-770475ecb18b text → 4청크
[RAG] 학습 진행률: 50% (댓글 본문)
[RAG] comment=c-0da014bb-bf05-4fac-a216-a0380cc04c28 post=a3be764d-ce46-4660-8d15-466d87018c69 text → 4청크
[RAG] 학습 진행률: 60% (댓글 본문)
[RAG] comment=c-be2a5ee0-ac80-41ef-b94d-b3ece59b7533 post=a3be764d-ce46-4660-8d15-466d87018c69 text → 1청크
[RAG] 학습 진행률: 70% (댓글 본문)
[RAG] comment=c-2d6f35fa-d061-4253-9177-00dbaee26ad5 post=a3be764d-ce46-4660-8d15-466d87018c69 text → 5청크
[RAG] 학습 진행률: 80% (댓글 본문)
[RAG] comment=c-1fc43e0e-7b6a-468b-8f58-765baa1a4a8f post=a3be764d-ce46-4660-8d15-466d87018c69 text → 2청크
[RAG] 학습 진행률: 90% (댓글 본문)
[RAG] 저장 완료 — 25청크 / 0개 게시글 / 10개 댓글
[RAG] 학습 진행률: 100% (저장)
[2026-06-01T08:45:05.833Z][RAG-REBUILD] 댓글 배치 학습 44/57: 10건
/home/freegear/EasyDocStation/server/rag_train.py:112: DeprecationWarning: `langchain-community` is being sunset and is no longer actively maintained. See https://github.com/langchain-ai/langchain-community/issues/674 for details and migration guidance toward standalone integration packages.
  from langchain_community.document_loaders import Docx2txtLoader
[RAG] 테이블 생성 경합 감지, 기존 테이블 사용: Table 'my_rag_table' already exists
[RAG] comment=c-0bfacd6f-183b-4dfb-bec9-a74a09d50d47 post=a3be764d-ce46-4660-8d15-466d87018c69 text → 1청크
[RAG] comment=c-c1574573-f4fe-4a49-9f2b-9469fd762597 post=a3be764d-ce46-4660-8d15-466d87018c69 text → 1청크
[RAG] 학습 진행률: 10% (댓글 본문)
[RAG] comment=c-6b75e263-9927-4056-8fcc-b1c75e3f5b40 post=a3be764d-ce46-4660-8d15-466d87018c69 text → 2청크
[RAG] 학습 진행률: 20% (댓글 본문)
[RAG] comment=c-b20969e6-ea1d-4cbd-a341-5fa1c99ec2f2 post=a3be764d-ce46-4660-8d15-466d87018c69 text → 2청크
[RAG] 학습 진행률: 30% (댓글 본문)
[RAG] comment=c-d6120c88-0ab6-409b-92ca-db3e5c977e46 post=a3be764d-ce46-4660-8d15-466d87018c69 text → 1청크
[RAG] 학습 진행률: 40% (댓글 본문)
[RAG] comment=c-6289bfca-53c6-4381-881a-eaaa0249be94 post=a3be764d-ce46-4660-8d15-466d87018c69 text → 1청크
[RAG] 학습 진행률: 50% (댓글 본문)
[RAG] comment=c-8d78f917-9a4b-446f-8129-161cf9355aa0 post=f96f19df-6321-4128-911f-72c0486e4bc4 text → 2청크
[RAG] 학습 진행률: 60% (댓글 본문)
[RAG] comment=c-c7e9f921-7a9c-476a-90d5-ecbe155065c8 post=f96f19df-6321-4128-911f-72c0486e4bc4 text → 2청크
[RAG] 학습 진행률: 70% (댓글 본문)
[RAG] comment=c-2dfdd351-145b-4137-89fd-53561aea1940 post=dd682bfb-5cac-4937-a7e9-23d11755a723 text → 1청크
[RAG] 학습 진행률: 80% (댓글 본문)
[RAG] comment=c-b7debe36-2d0e-42d6-b1ff-5abf015b7721 post=9402b316-4889-4b21-9252-b5124e7fe8cd text → 1청크
[RAG] 학습 진행률: 90% (댓글 본문)
[RAG] 저장 완료 — 14청크 / 0개 게시글 / 10개 댓글
[RAG] 학습 진행률: 100% (저장)
[2026-06-01T08:45:11.780Z][RAG-REBUILD] 댓글 배치 학습 45/57: 10건
/home/freegear/EasyDocStation/server/rag_train.py:112: DeprecationWarning: `langchain-community` is being sunset and is no longer actively maintained. See https://github.com/langchain-ai/langchain-community/issues/674 for details and migration guidance toward standalone integration packages.
  from langchain_community.document_loaders import Docx2txtLoader
[RAG] 테이블 생성 경합 감지, 기존 테이블 사용: Table 'my_rag_table' already exists
[RAG] comment=c-23ab293c-e92e-4c73-a1a6-a70d3602dfb0 post=9402b316-4889-4b21-9252-b5124e7fe8cd text → 1청크
[RAG] comment=c-0e72b4dc-b2dc-4c63-9a4e-53f6e0a758ab post=9402b316-4889-4b21-9252-b5124e7fe8cd text → 1청크
[RAG] 학습 진행률: 10% (댓글 본문)
[RAG] comment=c-70125170-4daf-4c31-9480-84fcb33bcc92 post=9402b316-4889-4b21-9252-b5124e7fe8cd text → 2청크
[RAG] comment=c-7e7fef92-692f-43bd-903c-ef96eb27ce5a post=51b874c3-2d5b-4b83-92ac-4b6681f38832 text → 1청크
[RAG] 학습 진행률: 20% (댓글 본문)
[RAG] 이미지 학습 시작: 스크린샷 2026-05-02 오후 12.04.17.png
[RAG] Gemma 이미지 설명 완료 (page=1, 39.5s): 2037자
[RAG] 이미지 학습 완료: 스크린샷 2026-05-02 오후 12.04.17.png (4청크)
[RAG] 이미지 학습 시작: 스크린샷 2026-05-02 오후 12.04.30.png
[RAG] Gemma 이미지 설명 완료 (page=1, 43.0s): 2282자
[RAG] 이미지 학습 완료: 스크린샷 2026-05-02 오후 12.04.30.png (4청크)
[RAG] 학습 진행률: 30% (댓글 이미지)
[RAG] 이미지 학습 시작: 스크린샷 2026-05-02 오후 12.04.53.png
[RAG] Gemma 이미지 설명 완료 (page=1, 40.5s): 2188자
[RAG] 이미지 학습 완료: 스크린샷 2026-05-02 오후 12.04.53.png (4청크)
[RAG] 이미지 학습 시작: 스크린샷 2026-05-02 오후 12.05.03.png
[RAG] Gemma 이미지 설명 완료 (page=1, 46.2s): 2120자
[RAG] 이미지 학습 완료: 스크린샷 2026-05-02 오후 12.05.03.png (3청크)
[RAG] 학습 진행률: 40% (댓글 이미지)
[RAG] 이미지 학습 시작: 스크린샷 2026-05-02 오후 12.05.14.png
[RAG] Gemma 이미지 설명 완료 (page=1, 44.6s): 2014자
[RAG] 이미지 학습 완료: 스크린샷 2026-05-02 오후 12.05.14.png (3청크)
[RAG] 이미지 학습 시작: 스크린샷 2026-05-02 오후 12.05.27.png
[RAG] Gemma 이미지 설명 완료 (page=1, 41.8s): 2640자
[RAG] 이미지 학습 완료: 스크린샷 2026-05-02 오후 12.05.27.png (4청크)
[RAG] 학습 진행률: 50% (댓글 이미지)
[RAG] 이미지 학습 시작: 스크린샷 2026-05-02 오후 12.05.33.png
[RAG] Gemma 이미지 설명 완료 (page=1, 39.2s): 1977자
[RAG] 이미지 학습 완료: 스크린샷 2026-05-02 오후 12.05.33.png (3청크)
[RAG] comment=c-726b56a2-5507-4a9b-8447-e83b4779105b post=51b874c3-2d5b-4b83-92ac-4b6681f38832 text → 1청크
[RAG] 학습 진행률: 60% (댓글 본문)
[RAG] comment=c-bc781999-2047-4949-90e4-62f20426cb19 post=1767346f-bb9d-4e26-bc79-ea4577eb0da0 text → 1청크
[RAG] comment=c-99e0126e-e02d-4830-86b3-3de7d9893b19 post=1767346f-bb9d-4e26-bc79-ea4577eb0da0 text → 1청크
[RAG] 학습 진행률: 70% (댓글 본문)
[RAG] comment=c-62109d03-d5c3-480a-b6b5-d861f00e2238 post=1767346f-bb9d-4e26-bc79-ea4577eb0da0 text → 2청크
[RAG] comment=c-38bc9075-4572-477f-90cb-900a41faaf10 post=2a60c351-f949-4c0a-82d5-7973d415c0e9 text → 1청크
[RAG] 학습 진행률: 80% (댓글 본문)
[RAG] 이미지 학습 시작: 스크린샷 2026-05-11 오전 12.32.05.png
[RAG] Gemma 이미지 설명 완료 (page=1, 29.7s): 2058자
[RAG] 이미지 학습 완료: 스크린샷 2026-05-11 오전 12.32.05.png (3청크)
[RAG] comment=c-28895c8c-921f-404f-b08b-0f675a26af26 post=2a60c351-f949-4c0a-82d5-7973d415c0e9 text → 1청크
[RAG] 학습 진행률: 90% (댓글 본문)
[RAG] 이미지 학습 시작: 스크린샷 2026-05-11 오전 12.51.51.png
[RAG] Gemma 이미지 설명 완료 (page=1, 40.7s): 2488자
[RAG] 이미지 학습 완료: 스크린샷 2026-05-11 오전 12.51.51.png (4청크)
[RAG] 저장 완료 — 44청크 / 0개 게시글 / 10개 댓글
[RAG] 학습 진행률: 100% (저장)
[2026-06-01T08:51:23.928Z][RAG-REBUILD] 댓글 배치 학습 46/57: 10건
/home/freegear/EasyDocStation/server/rag_train.py:112: DeprecationWarning: `langchain-community` is being sunset and is no longer actively maintained. See https://github.com/langchain-ai/langchain-community/issues/674 for details and migration guidance toward standalone integration packages.
  from langchain_community.document_loaders import Docx2txtLoader
[RAG] 테이블 생성 경합 감지, 기존 테이블 사용: Table 'my_rag_table' already exists
[RAG] comment=c-99072c3f-7351-43dd-bb10-3d460b1aa678 post=2a60c351-f949-4c0a-82d5-7973d415c0e9 text → 1청크
[RAG] 이미지 학습 시작: 스크린샷 2026-05-11 오전 12.55.23.png
[RAG] Gemma 이미지 설명 완료 (page=1, 32.1s): 2065자
[RAG] 이미지 학습 완료: 스크린샷 2026-05-11 오전 12.55.23.png (4청크)
[RAG] 학습 진행률: 10% (댓글 이미지)
[RAG] 이미지 학습 시작: 스크린샷 2026-05-11 오전 12.55.30.png
[RAG] Gemma 이미지 설명 완료 (page=1, 30.7s): 2238자
[RAG] 이미지 학습 완료: 스크린샷 2026-05-11 오전 12.55.30.png (3청크)
[RAG] comment=c-6ce76e5c-6fa7-4a23-b07d-5a3a0db68f84 post=2a60c351-f949-4c0a-82d5-7973d415c0e9 text → 1청크
[RAG] 학습 진행률: 20% (댓글 본문)
[RAG] 이미지 학습 시작: 스크린샷 2026-05-11 오전 12.53.39.png
[RAG] Gemma 이미지 설명 완료 (page=1, 32.1s): 2062자
[RAG] 이미지 학습 완료: 스크린샷 2026-05-11 오전 12.53.39.png (4청크)
[RAG] comment=c-c82895ca-507a-44ac-948f-e3057c7f6a10 post=2a60c351-f949-4c0a-82d5-7973d415c0e9 text → 1청크
[RAG] 학습 진행률: 30% (댓글 본문)
[RAG] 이미지 학습 시작: 스크린샷 2026-05-11 오전 12.58.14.png
[RAG] Gemma 이미지 설명 완료 (page=1, 35.2s): 1967자
[RAG] 이미지 학습 완료: 스크린샷 2026-05-11 오전 12.58.14.png (3청크)
[RAG] comment=c-758459d9-f86e-4cf2-9783-3e3bc7172c15 post=2a60c351-f949-4c0a-82d5-7973d415c0e9 text → 1청크
[RAG] 학습 진행률: 40% (댓글 본문)
[RAG] 이미지 학습 시작: 스크린샷 2026-05-11 오전 1.04.54.png
[RAG] Gemma 이미지 설명 완료 (page=1, 41.5s): 2643자
[RAG] 이미지 학습 완료: 스크린샷 2026-05-11 오전 1.04.54.png (4청크)
[RAG] 이미지 학습 시작: 스크린샷 2026-05-11 오전 1.05.04.png
[RAG] Gemma 이미지 설명 완료 (page=1, 39.2s): 2566자
[RAG] 이미지 학습 완료: 스크린샷 2026-05-11 오전 1.05.04.png (4청크)
[RAG] 학습 진행률: 50% (댓글 이미지)
[RAG] 이미지 학습 시작: 스크린샷 2026-05-11 오전 1.05.29.png
[RAG] Gemma 이미지 설명 완료 (page=1, 34.7s): 2471자
[RAG] 이미지 학습 완료: 스크린샷 2026-05-11 오전 1.05.29.png (4청크)
[RAG] 이미지 학습 시작: 스크린샷 2026-05-11 오전 1.05.35.png
[RAG] Gemma 이미지 설명 완료 (page=1, 33.7s): 2463자
[RAG] 이미지 학습 완료: 스크린샷 2026-05-11 오전 1.05.35.png (4청크)
[RAG] 학습 진행률: 60% (댓글 이미지)
[RAG] comment=c-2472a382-4e43-43a5-8337-c3adf5da343e post=756bf068-7173-40b8-913a-72e7b756fe2e text → 2청크
[RAG] comment=c-dadc0b09-c2e1-4a6d-872a-e0d5c704a55d post=ea8edebe-4097-4b8e-8291-0814b52c7bbc text → 1청크
[RAG] 학습 진행률: 70% (댓글 본문)
[RAG] comment=c-f65839eb-d18f-40e6-9748-1c7f1f4ef4cf post=ea8edebe-4097-4b8e-8291-0814b52c7bbc text → 5청크
[RAG] comment=c-19308ddd-e4d1-4f58-9575-0730c4a0b707 post=ea8edebe-4097-4b8e-8291-0814b52c7bbc text → 1청크
[RAG] 학습 진행률: 80% (댓글 본문)
[RAG] comment=c-e29be0db-4eec-4593-9e1b-908e107555a0 post=ea8edebe-4097-4b8e-8291-0814b52c7bbc text → 4청크
[RAG] comment=c-06c60d63-ba22-4a18-9ef2-cc20b8900670 post=ea8edebe-4097-4b8e-8291-0814b52c7bbc text → 4청크
[RAG] 학습 진행률: 90% (댓글 본문)
[RAG] 저장 완료 — 51청크 / 0개 게시글 / 10개 댓글
[RAG] 학습 진행률: 100% (저장)
[2026-06-01T08:56:09.198Z][RAG-REBUILD] 댓글 배치 학습 47/57: 10건
/home/freegear/EasyDocStation/server/rag_train.py:112: DeprecationWarning: `langchain-community` is being sunset and is no longer actively maintained. See https://github.com/langchain-ai/langchain-community/issues/674 for details and migration guidance toward standalone integration packages.
  from langchain_community.document_loaders import Docx2txtLoader
[RAG] 테이블 생성 경합 감지, 기존 테이블 사용: Table 'my_rag_table' already exists
[RAG] comment=c-f17adbcd-d39d-43e2-8094-6ff3fa5be284 post=03bf9d4f-c3f1-4c02-928e-22792173fa89 text → 2청크
[RAG] comment=c-522c7ad3-47f7-44f5-902e-2c072a904114 post=03bf9d4f-c3f1-4c02-928e-22792173fa89 text → 1청크
[RAG] 학습 진행률: 10% (댓글 본문)
[RAG] comment=c-7518ffc9-1367-4d01-b730-fb40602a15d8 post=03bf9d4f-c3f1-4c02-928e-22792173fa89 text → 1청크
[RAG] 학습 진행률: 20% (댓글 본문)
[RAG] comment=c-ad01884a-9b8b-4dec-9d37-06c63e378c73 post=03bf9d4f-c3f1-4c02-928e-22792173fa89 text → 2청크
[RAG] 학습 진행률: 30% (댓글 본문)
[RAG] comment=c-62e34fdf-9fd6-4168-a680-85779848235a post=03bf9d4f-c3f1-4c02-928e-22792173fa89 text → 2청크
[RAG] comment=c-13cc87d1-f826-490f-ac32-fe0711c3bdf1 post=03bf9d4f-c3f1-4c02-928e-22792173fa89 text → 2청크
[RAG] 학습 진행률: 40% (댓글 본문)
[RAG] comment=c-d6e56281-a274-4652-a9e6-9fd741716356 post=6fdab6e1-55c2-476e-b6b2-50a306768082 text → 1청크
[RAG] 학습 진행률: 50% (댓글 본문)
[RAG] comment=c-c37cb32c-485e-41ad-b90b-14596d45e3f0 post=3a91e5f6-7afb-4291-ae72-ea6d8dac671b text → 2청크
[RAG] 학습 진행률: 60% (댓글 본문)
[RAG] comment=c-2e5e9783-e564-4ce0-afa2-70ccfb80bd0c post=c437a355-8c5f-4b71-8a6f-3921ec74f7e8 text → 1청크
[RAG] Word 학습 시작: LPR정보_API_V0_2026_02_05_16_12 (1).docx
[RAG] Word 학습 완료: LPR정보_API_V0_2026_02_05_16_12 (1).docx (1청크)
[RAG] 학습 진행률: 70% (댓글 Word)
[RAG] comment=c-15469eaa-d7d7-4472-8cd2-b3f3bf2243dc post=c437a355-8c5f-4b71-8a6f-3921ec74f7e8 text → 1청크
[RAG] 학습 진행률: 80% (댓글 본문)
[RAG] 이미지 학습 시작: 스크린샷 2026-05-10 오후 9.56.08.png
[RAG] Gemma 이미지 설명 완료 (page=1, 35.8s): 2336자
[RAG] 이미지 학습 완료: 스크린샷 2026-05-10 오후 9.56.08.png (4청크)
[RAG] 학습 진행률: 90% (댓글 이미지)
[RAG] 저장 완료 — 20청크 / 0개 게시글 / 10개 댓글
[RAG] 학습 진행률: 100% (저장)
[2026-06-01T08:56:51.344Z][RAG-REBUILD] 댓글 배치 학습 48/57: 10건
/home/freegear/EasyDocStation/server/rag_train.py:112: DeprecationWarning: `langchain-community` is being sunset and is no longer actively maintained. See https://github.com/langchain-ai/langchain-community/issues/674 for details and migration guidance toward standalone integration packages.
  from langchain_community.document_loaders import Docx2txtLoader
[RAG] 테이블 생성 경합 감지, 기존 테이블 사용: Table 'my_rag_table' already exists
[RAG] comment=c-f89c88f9-1820-477b-bc20-14c0d7563c17 post=c437a355-8c5f-4b71-8a6f-3921ec74f7e8 text → 1청크
[RAG] 이미지 학습 시작: 스크린샷 2026-05-10 오후 11.11.16.png
[RAG] Gemma 이미지 설명 완료 (page=1, 30.9s): 1780자
[RAG] 이미지 학습 완료: 스크린샷 2026-05-10 오후 11.11.16.png (3청크)
[RAG] 학습 진행률: 10% (댓글 이미지)
[RAG] comment=c-0d509c9d-b8c3-450d-8659-15290c673dac post=c437a355-8c5f-4b71-8a6f-3921ec74f7e8 text → 1청크
[RAG] 학습 진행률: 20% (댓글 본문)
[RAG] 이미지 학습 시작: 17-18-38_20mu4485.jpg
[RAG] Gemma 이미지 설명 완료 (page=1, 26.0s): 1684자
[RAG] 이미지 학습 완료: 17-18-38_20mu4485.jpg (3청크)
[RAG] comment=c-bcfa534a-6674-49a6-b3ae-994a3be167e0 post=c437a355-8c5f-4b71-8a6f-3921ec74f7e8 text → 1청크
[RAG] 학습 진행률: 30% (댓글 본문)
[RAG] 이미지 학습 시작: 20-07-32_14ro8788.jpg
[RAG] Gemma 이미지 설명 완료 (page=1, 26.2s): 1605자
[RAG] 이미지 학습 완료: 20-07-32_14ro8788.jpg (3청크)
[RAG] 학습 진행률: 40% (댓글 이미지)
[RAG] comment=c-d42a751c-b0e1-42b2-b196-00849fb9c352 post=5be267dc-c580-4b5c-86a7-adbe2e3aad7d text → 1청크
[RAG] comment=c-0c7f9b80-3b09-4e45-8739-7323741fbc93 post=cbeb277b-0ff6-4e4d-bfbb-236e94be5d33 text → 2청크
[RAG] 학습 진행률: 50% (댓글 본문)
[RAG] comment=c-e7b6d372-3336-4438-bed9-d91ab7a08c8f post=cbeb277b-0ff6-4e4d-bfbb-236e94be5d33 text → 1청크
[RAG] 학습 진행률: 60% (댓글 본문)
[RAG] comment=c-9617e823-2e48-4744-99fa-c72cc4656928 post=cbeb277b-0ff6-4e4d-bfbb-236e94be5d33 text → 1청크
[RAG] comment=c-7981b1c1-dfd7-4299-8551-3e458295be02 post=d94009c4-5c4c-4f68-93f5-8db691d44256 text → 1청크
[RAG] 학습 진행률: 70% (댓글 본문)
[RAG] PDF 학습 시작: 안전114_서비스_소개서_20250429_web.pdf
[RAG] PDF 파싱 시작 (Unstructured fast): 안전114_서비스_소개서_20250429_web.pdf
[RAG] PDF 파싱 완료 (Unstructured fast): 안전114_서비스_소개서_20250429_web.pdf / elements=331 / 1.0s
[RAG] PDF 학습 완료: 안전114_서비스_소개서_20250429_web.pdf (28청크)
[RAG] 분리 저장 완료: /home/freegear/EasyDocStation/Database/ObjectFile/FileTrainingData/d94009c4-5c4c-4f68-93f5-8db691d44256/c-7981b1c1-dfd7-4299-8551-3e458295be02/e5836403-9171-4864-abb7-68cae14f61bc/안전114_서비스_소개서_20250429_web.pdf
[RAG] 학습 진행률: 80% (댓글 PDF)
[RAG] comment=c-9698aad9-e90d-4aea-a847-165b8b936e60 post=d94009c4-5c4c-4f68-93f5-8db691d44256 text → 1청크
[RAG] comment=c-daf7f355-b9cb-46a9-88bf-bb231569313c post=d94009c4-5c4c-4f68-93f5-8db691d44256 text → 4청크
[RAG] 학습 진행률: 90% (댓글 본문)
[RAG] 저장 완료 — 51청크 / 0개 게시글 / 10개 댓글
[RAG] 학습 진행률: 100% (저장)
[2026-06-01T08:58:22.706Z][RAG-REBUILD] 댓글 배치 학습 49/57: 10건
/home/freegear/EasyDocStation/server/rag_train.py:112: DeprecationWarning: `langchain-community` is being sunset and is no longer actively maintained. See https://github.com/langchain-ai/langchain-community/issues/674 for details and migration guidance toward standalone integration packages.
  from langchain_community.document_loaders import Docx2txtLoader
[RAG] 테이블 생성 경합 감지, 기존 테이블 사용: Table 'my_rag_table' already exists
[RAG] comment=c-ce468116-278d-4e32-8b5a-7b4d1d7b443f post=d94009c4-5c4c-4f68-93f5-8db691d44256 text → 4청크
[RAG] comment=c-3adcfeae-e2a4-4d84-93c0-285958cbf14a post=d94009c4-5c4c-4f68-93f5-8db691d44256 text → 1청크
[RAG] 학습 진행률: 10% (댓글 본문)
[RAG] comment=c-aa807318-fb0a-4453-a4d4-2bcca47ac37e post=d94009c4-5c4c-4f68-93f5-8db691d44256 text → 1청크
[RAG] 학습 진행률: 20% (댓글 본문)
[RAG] comment=c-d633db2c-224b-4439-a3ee-b7fc384e3981 post=d94009c4-5c4c-4f68-93f5-8db691d44256 text → 1청크
[RAG] comment=c-6c817ff0-4027-4695-b002-c5ae1d5ba0bf post=d94009c4-5c4c-4f68-93f5-8db691d44256 text → 1청크
[RAG] 학습 진행률: 30% (댓글 본문)
[RAG] PDF 학습 시작: Anjeon114 x EasyAIStation AI Strategy.pdf
[RAG] PDF 파싱 시작 (Unstructured fast): Anjeon114 x EasyAIStation AI Strategy.pdf
[RAG] Tesseract OCR fallback 시작: lang=kor+eng, pages=13
[RAG] Tesseract OCR 진행: 1/13
[RAG] Tesseract OCR 진행: 5/13
[RAG] Tesseract OCR 진행: 10/13
[RAG] Tesseract OCR 진행: 13/13
[RAG] Tesseract OCR fallback 완료: 추출 페이지 13/13
[RAG] PDF 학습 완료: Anjeon114 x EasyAIStation AI Strategy.pdf (14청크)
[RAG] 분리 저장 완료: /home/freegear/EasyDocStation/Database/ObjectFile/FileTrainingData/d94009c4-5c4c-4f68-93f5-8db691d44256/c-6c817ff0-4027-4695-b002-c5ae1d5ba0bf/0a33d13f-9434-45cb-b818-b7f27554380b/Anjeon114_x_EasyAIStation_AI_Strategy.pdf
[RAG] 학습 진행률: 40% (댓글 PDF)
[RAG] comment=c-46425ac6-8e9d-44f3-983c-11faf510c78c post=d94009c4-5c4c-4f68-93f5-8db691d44256 text → 1청크
[RAG] comment=c-84c06fe8-2346-42dc-a9b4-1aeb45c6e8e1 post=d94009c4-5c4c-4f68-93f5-8db691d44256 text → 1청크
[RAG] 학습 진행률: 50% (댓글 본문)
[RAG] PDF 학습 시작: 모바일 현장 점검 시스템 제안.pdf
[RAG] PDF 파싱 시작 (Unstructured fast): 모바일 현장 점검 시스템 제안.pdf
[RAG] Tesseract OCR fallback 시작: lang=kor+eng, pages=13
[RAG] Tesseract OCR 진행: 1/13
[RAG] Tesseract OCR 진행: 5/13
[RAG] Tesseract OCR 진행: 10/13
[RAG] Tesseract OCR 진행: 13/13
[RAG] Tesseract OCR fallback 완료: 추출 페이지 13/13
[RAG] PDF 학습 완료: 모바일 현장 점검 시스템 제안.pdf (15청크)
[RAG] 분리 저장 완료: /home/freegear/EasyDocStation/Database/ObjectFile/FileTrainingData/d94009c4-5c4c-4f68-93f5-8db691d44256/c-84c06fe8-2346-42dc-a9b4-1aeb45c6e8e1/e0f397d7-d776-4bc4-9576-482c326e23d6/모바일_현장_점검_시스템_제안.pdf
[RAG] 학습 진행률: 60% (댓글 PDF)
[RAG] comment=c-eb1e557b-3430-499c-9875-3accc902691c post=d94009c4-5c4c-4f68-93f5-8db691d44256 text → 1청크
[RAG] comment=c-960ec911-923d-4552-becc-f4e43a7401f6 post=d94009c4-5c4c-4f68-93f5-8db691d44256 text → 1청크
[RAG] 학습 진행률: 70% (댓글 본문)
[RAG] 이미지 학습 시작: Gemini_Generated_Image_1uq6z21uq6z21uq6.png
[RAG] Gemma 이미지 설명 완료 (page=1, 30.1s): 2195자
[RAG] 이미지 학습 완료: Gemini_Generated_Image_1uq6z21uq6z21uq6.png (4청크)
[RAG] 학습 진행률: 80% (댓글 이미지)
[RAG] comment=c-14f56efe-9e38-404a-a3c3-ff2543e6ccb2 post=d94009c4-5c4c-4f68-93f5-8db691d44256 text → 1청크
[RAG] PDF 학습 시작: Mobile Field Inspection System.pdf
[RAG] PDF 파싱 시작 (Unstructured fast): Mobile Field Inspection System.pdf
[RAG] Tesseract OCR fallback 시작: lang=kor+eng, pages=13
[RAG] Tesseract OCR 진행: 1/13
[RAG] Tesseract OCR 진행: 5/13
[RAG] Tesseract OCR 진행: 10/13
[RAG] Tesseract OCR 진행: 13/13
[RAG] Tesseract OCR fallback 완료: 추출 페이지 12/13
[RAG] PDF 학습 완료: Mobile Field Inspection System.pdf (13청크)
[RAG] 분리 저장 완료: /home/freegear/EasyDocStation/Database/ObjectFile/FileTrainingData/d94009c4-5c4c-4f68-93f5-8db691d44256/c-14f56efe-9e38-404a-a3c3-ff2543e6ccb2/3daa02f4-fdf7-44dc-b696-7bf422300e95/Mobile_Field_Inspection_System.pdf
[RAG] 학습 진행률: 90% (댓글 PDF)
[RAG] 저장 완료 — 59청크 / 0개 게시글 / 10개 댓글
[RAG] 학습 진행률: 100% (저장)
[2026-06-01T09:00:44.808Z][RAG-REBUILD] 댓글 배치 학습 50/57: 10건
/home/freegear/EasyDocStation/server/rag_train.py:112: DeprecationWarning: `langchain-community` is being sunset and is no longer actively maintained. See https://github.com/langchain-ai/langchain-community/issues/674 for details and migration guidance toward standalone integration packages.
  from langchain_community.document_loaders import Docx2txtLoader
[RAG] 테이블 생성 경합 감지, 기존 테이블 사용: Table 'my_rag_table' already exists
[RAG] comment=c-a9b0a6b1-8c22-43e4-882e-27063b98880c post=489af2f1-e405-4afe-80f2-5376152438ef text → 1청크
[RAG] comment=c-c87b534d-a464-4916-8cda-ef919a513960 post=489af2f1-e405-4afe-80f2-5376152438ef text → 1청크
[RAG] 학습 진행률: 10% (댓글 본문)
[RAG] comment=c-83087f1a-f32c-4f95-9f7b-807863807d41 post=853ae316-c7d6-483a-b5ec-4f5e2a8b2834 text → 1청크
[RAG] 학습 진행률: 20% (댓글 본문)
[RAG] comment=c-a6fc9b4f-a7a2-4d3b-b8a0-3d9d3191caa5 post=f63b2339-3036-47b7-9ed6-bdf88d1c005f text → 1청크
[RAG] 학습 진행률: 30% (댓글 본문)
[RAG] comment=c-e70d71e1-b09c-4708-a28d-49785d09c0df post=f63b2339-3036-47b7-9ed6-bdf88d1c005f text → 1청크
[RAG] 학습 진행률: 40% (댓글 본문)
[RAG] comment=c-98104029-99fa-46d0-8330-48d6d959e2f8 post=f63b2339-3036-47b7-9ed6-bdf88d1c005f text → 1청크
[RAG] 학습 진행률: 50% (댓글 본문)
[RAG] comment=c-f65b8b71-ec05-4e7e-9fc7-25f357cc0274 post=f63b2339-3036-47b7-9ed6-bdf88d1c005f text → 1청크
[RAG] 학습 진행률: 60% (댓글 본문)
[RAG] comment=c-66a37f3c-4451-4622-a869-95c467c32200 post=7d992dd4-8208-4001-a30a-aef1060b17a1 text → 8청크
[RAG] 학습 진행률: 70% (댓글 본문)
[RAG] comment=c-c88e3028-22eb-4283-9a08-643dd6b0270b post=00d9404d-4097-4dda-86a3-81aaceff6bca text → 2청크
[RAG] 학습 진행률: 80% (댓글 본문)
[RAG] comment=c-f616989e-f72e-4b95-86c6-89a14d71566a post=00d9404d-4097-4dda-86a3-81aaceff6bca text → 2청크
[RAG] 학습 진행률: 90% (댓글 본문)
[RAG] 저장 완료 — 19청크 / 0개 게시글 / 10개 댓글
[RAG] 학습 진행률: 100% (저장)
[2026-06-01T09:00:50.856Z][RAG-REBUILD] 댓글 배치 학습 51/57: 10건
/home/freegear/EasyDocStation/server/rag_train.py:112: DeprecationWarning: `langchain-community` is being sunset and is no longer actively maintained. See https://github.com/langchain-ai/langchain-community/issues/674 for details and migration guidance toward standalone integration packages.
  from langchain_community.document_loaders import Docx2txtLoader
[RAG] 테이블 생성 경합 감지, 기존 테이블 사용: Table 'my_rag_table' already exists
[RAG] comment=c-ea7eddcf-9f32-450c-a9c9-1fe215d99705 post=01e1cab1-bbe1-4a0a-acff-d5def83b8f7b text → 1청크
[RAG] comment=c-8941a5e6-e183-48cb-a579-5bd760a83ea8 post=69608c7e-1980-418a-8d39-891a722bade8 text → 1청크
[RAG] 학습 진행률: 10% (댓글 본문)
[RAG] comment=c-3adfe5f3-f23e-41a4-8a16-6057b7d54051 post=f57b75aa-cb85-4040-a2ee-722c2e06ceee text → 2청크
[RAG] 학습 진행률: 20% (댓글 본문)
[RAG] comment=c-e0fd4559-a0ca-4124-a787-ef386adc3446 post=f57b75aa-cb85-4040-a2ee-722c2e06ceee text → 2청크
[RAG] 학습 진행률: 30% (댓글 본문)
[RAG] comment=c-654523f7-d790-4d1a-8986-01c67eafe3d1 post=d42b7857-7feb-4342-973e-4effd5e26ab6 text → 1청크
[RAG] 학습 진행률: 40% (댓글 본문)
[RAG] comment=c-15bcd339-7e96-40bb-bfc0-615b5f3b721d post=8950a51b-490b-4fa3-abb4-a99621aa79d0 text → 4청크
[RAG] 학습 진행률: 50% (댓글 본문)
[RAG] comment=c-0111064c-9fa2-4058-899f-c08b25a6c3dd post=fcfecb3f-3401-4938-bf63-0f1d7094d07d text → 1청크
[RAG] 학습 진행률: 60% (댓글 본문)
[RAG] comment=c-1c970bf2-d02d-4d09-9ae0-5172b621e61b post=88a5ba01-1cab-4d9f-be1d-5f90888ca83a text → 1청크
[RAG] 학습 진행률: 70% (댓글 본문)
[RAG] comment=c-452693d6-c507-414e-b930-69d83380d54a post=88a5ba01-1cab-4d9f-be1d-5f90888ca83a text → 1청크
[RAG] 학습 진행률: 80% (댓글 본문)
[RAG] comment=c-59a88435-bd22-4607-a78c-eed7dd4892aa post=53cf75a9-1233-4f4e-881d-4452c4122b94 text → 1청크
[RAG] 학습 진행률: 90% (댓글 본문)
[RAG] 저장 완료 — 15청크 / 0개 게시글 / 10개 댓글
[RAG] 학습 진행률: 100% (저장)
[2026-06-01T09:00:57.032Z][RAG-REBUILD] 댓글 배치 학습 52/57: 10건
/home/freegear/EasyDocStation/server/rag_train.py:112: DeprecationWarning: `langchain-community` is being sunset and is no longer actively maintained. See https://github.com/langchain-ai/langchain-community/issues/674 for details and migration guidance toward standalone integration packages.
  from langchain_community.document_loaders import Docx2txtLoader
[RAG] 테이블 생성 경합 감지, 기존 테이블 사용: Table 'my_rag_table' already exists
[RAG] comment=c-a6e4ee69-a9c6-4c87-86d9-9da55073997d post=53cf75a9-1233-4f4e-881d-4452c4122b94 text → 1청크
[RAG] comment=c-be0ad76c-170e-479f-b8de-48dc3c029363 post=53cf75a9-1233-4f4e-881d-4452c4122b94 text → 1청크
[RAG] 학습 진행률: 10% (댓글 본문)
[RAG] comment=c-3ae7213c-6a58-44a7-a294-806b217b2e6b post=254cddf1-dfb4-439e-9e1f-bd206d8ba327 text → 1청크
[RAG] 학습 진행률: 20% (댓글 본문)
[RAG] comment=c-d825196f-0d3e-4d9c-916a-c1fd4f652494 post=254cddf1-dfb4-439e-9e1f-bd206d8ba327 text → 1청크
[RAG] 학습 진행률: 30% (댓글 본문)
[RAG] comment=c-201e4864-2729-4124-944f-9746b8425eee post=254cddf1-dfb4-439e-9e1f-bd206d8ba327 text → 1청크
[RAG] 학습 진행률: 40% (댓글 본문)
[RAG] comment=c-94ac1f14-62f7-4bd6-8fce-8a332b2cf833 post=254cddf1-dfb4-439e-9e1f-bd206d8ba327 text → 1청크
[RAG] 학습 진행률: 50% (댓글 본문)
[RAG] comment=c-f0b6f05c-a103-49b7-99eb-f05bc998799f post=1a3ac459-34cf-44f1-8861-23b5cc01b071 text → 1청크
[RAG] comment=c-a8f933a8-8a37-41c0-acf7-00bf70f38b12 post=1a3ac459-34cf-44f1-8861-23b5cc01b071 text → 1청크
[RAG] 학습 진행률: 60% (댓글 본문)
[RAG] PDF 학습 시작: ELIM & EasyStation System Architecture.pdf
[RAG] PDF 파싱 시작 (Unstructured fast): ELIM & EasyStation System Architecture.pdf
[RAG] Tesseract OCR fallback 시작: lang=kor+eng, pages=9
[RAG] Tesseract OCR 진행: 1/9
[RAG] Tesseract OCR 진행: 5/9
[RAG] Tesseract OCR 진행: 9/9
[RAG] Tesseract OCR fallback 완료: 추출 페이지 9/9
[RAG] PDF 학습 완료: ELIM & EasyStation System Architecture.pdf (10청크)
[RAG] 분리 저장 완료: /home/freegear/EasyDocStation/Database/ObjectFile/FileTrainingData/1a3ac459-34cf-44f1-8861-23b5cc01b071/c-a8f933a8-8a37-41c0-acf7-00bf70f38b12/c33b4c3d-1b82-4a23-a112-55d521d3b940/ELIM_EasyStation_System_Architecture.pdf
[RAG] 학습 진행률: 70% (댓글 PDF)
[RAG] comment=c-5f722e71-0a98-4d77-bbbf-736a1deced70 post=1a3ac459-34cf-44f1-8861-23b5cc01b071 text → 1청크
[RAG] 학습 진행률: 80% (댓글 본문)
[RAG] comment=c-06e4addb-89c1-47a0-8957-4bb2a2016618 post=1a3ac459-34cf-44f1-8861-23b5cc01b071 text → 1청크
[RAG] 학습 진행률: 90% (댓글 본문)
[RAG] 저장 완료 — 20청크 / 0개 게시글 / 10개 댓글
[RAG] 학습 진행률: 100% (저장)
[2026-06-01T09:01:26.872Z][RAG-REBUILD] 댓글 배치 학습 53/57: 10건
/home/freegear/EasyDocStation/server/rag_train.py:112: DeprecationWarning: `langchain-community` is being sunset and is no longer actively maintained. See https://github.com/langchain-ai/langchain-community/issues/674 for details and migration guidance toward standalone integration packages.
  from langchain_community.document_loaders import Docx2txtLoader
[RAG] 테이블 생성 경합 감지, 기존 테이블 사용: Table 'my_rag_table' already exists
[RAG] comment=c-36e9d3dd-1d68-4cbd-a108-877777cea61c post=1a3ac459-34cf-44f1-8861-23b5cc01b071 text → 1청크
[RAG] PDF 학습 시작: ai_smart_callcenter_fsm_1.3.pdf
[RAG] PDF 파싱 시작 (Unstructured fast): ai_smart_callcenter_fsm_1.3.pdf
[RAG] PDF 파싱 완료 (Unstructured fast): ai_smart_callcenter_fsm_1.3.pdf / elements=372 / 1.3s
[RAG] PDF 학습 완료: ai_smart_callcenter_fsm_1.3.pdf (15청크)
[RAG] 분리 저장 완료: /home/freegear/EasyDocStation/Database/ObjectFile/FileTrainingData/1a3ac459-34cf-44f1-8861-23b5cc01b071/c-36e9d3dd-1d68-4cbd-a108-877777cea61c/640f7660-2bf9-4193-a20d-81dbe5bf96ae/ai_smart_callcenter_fsm_1.3.pdf
[RAG] 학습 진행률: 10% (댓글 PDF)
[RAG] comment=c-13904732-edc5-416f-8fc3-3501f4c2369e post=665163a3-da75-4682-8430-c87d203c4862 text → 1청크
[RAG] 학습 진행률: 20% (댓글 본문)
[RAG] comment=c-c60daca4-56ae-44ba-9e61-f75e7c7b9c0d post=665163a3-da75-4682-8430-c87d203c4862 text → 1청크
[RAG] 이미지 학습 시작: Gemini_Generated_Image_nqztn7nqztn7nqzt.png
[RAG] Gemma 이미지 설명 완료 (page=1, 40.9s): 3391자
[RAG] 이미지 학습 완료: Gemini_Generated_Image_nqztn7nqztn7nqzt.png (6청크)
[RAG] 학습 진행률: 30% (댓글 이미지)
[RAG] comment=c-3465f17b-fba2-4a20-b3f6-d8b444e57d06 post=d7858f9c-4247-41ee-9624-3c435197e2ed text → 1청크
[RAG] 학습 진행률: 40% (댓글 본문)
[RAG] PDF 학습 시작: 1. 연구개발계획서_트리포스_v1.4.pdf
[RAG] PDF 파싱 시작 (Unstructured fast): 1. 연구개발계획서_트리포스_v1.4.pdf
Ignoring wrong pointing object 6 0 (offset 0)
Ignoring wrong pointing object 10 0 (offset 0)
Ignoring wrong pointing object 12 0 (offset 0)
Ignoring wrong pointing object 14 0 (offset 0)
Ignoring wrong pointing object 48 0 (offset 0)
Ignoring wrong pointing object 148 0 (offset 0)
Ignoring wrong pointing object 155 0 (offset 0)
Ignoring wrong pointing object 190 0 (offset 0)
[RAG] PDF 학습 완료: 1. 연구개발계획서_트리포스_v1.4.pdf (98청크)
[RAG] 분리 저장 완료: /home/freegear/EasyDocStation/Database/ObjectFile/FileTrainingData/d7858f9c-4247-41ee-9624-3c435197e2ed/c-3465f17b-fba2-4a20-b3f6-d8b444e57d06/4d788302-1c10-4d2e-8017-82f2a29e8b16/1._연구개발계획서_트리포스_v1.4.pdf
[RAG] comment=c-1d821d61-a5a6-457a-9034-22f45e9c2e54 post=d7858f9c-4247-41ee-9624-3c435197e2ed text → 1청크
[RAG] 학습 진행률: 50% (댓글 본문)
[RAG] comment=c-39243754-e2d5-4a52-88a5-667ca7f15572 post=d7858f9c-4247-41ee-9624-3c435197e2ed text → 1청크
[RAG] 학습 진행률: 60% (댓글 본문)
[RAG] comment=c-a383994e-f6d6-4f38-ab00-b77ac43dd1d7 post=d7858f9c-4247-41ee-9624-3c435197e2ed text → 1청크
[RAG] comment=c-c14bda73-ec02-4711-9dc4-ed52de88b7a5 post=d7858f9c-4247-41ee-9624-3c435197e2ed text → 1청크
[RAG] 학습 진행률: 70% (댓글 본문)
[RAG] comment=c-c9dde90f-8a0b-48ba-8360-224f3fc4de2a post=d7858f9c-4247-41ee-9624-3c435197e2ed text → 1청크
[RAG] 학습 진행률: 80% (댓글 본문)
[RAG] PDF 학습 시작: 컨소시엄 확약서.pdf
[RAG] PDF 파싱 시작 (Unstructured fast): 컨소시엄 확약서.pdf
[RAG] Tesseract OCR fallback 시작: lang=kor+eng, pages=1
[RAG] Tesseract OCR 진행: 1/1
[RAG] Tesseract OCR fallback 완료: 추출 페이지 1/1
[RAG] PDF 학습 완료: 컨소시엄 확약서.pdf (1청크)
[RAG] 분리 저장 완료: /home/freegear/EasyDocStation/Database/ObjectFile/FileTrainingData/d7858f9c-4247-41ee-9624-3c435197e2ed/c-c9dde90f-8a0b-48ba-8360-224f3fc4de2a/e9364556-4063-4574-9c43-1b2bd99f45dd/컨소시엄_확약서.pdf
[RAG] comment=c-91c50247-9cca-423c-b162-b498695a1493 post=d7858f9c-4247-41ee-9624-3c435197e2ed text → 1청크
[RAG] 학습 진행률: 90% (댓글 본문)
[RAG] 저장 완료 — 130청크 / 0개 게시글 / 10개 댓글
[RAG] 학습 진행률: 100% (저장)
[2026-06-01T09:02:23.794Z][RAG-REBUILD] 댓글 배치 학습 54/57: 10건
/home/freegear/EasyDocStation/server/rag_train.py:112: DeprecationWarning: `langchain-community` is being sunset and is no longer actively maintained. See https://github.com/langchain-ai/langchain-community/issues/674 for details and migration guidance toward standalone integration packages.
  from langchain_community.document_loaders import Docx2txtLoader
[RAG] 테이블 생성 경합 감지, 기존 테이블 사용: Table 'my_rag_table' already exists
[RAG] comment=c-5783af99-cb0c-4550-9bd8-726affe64d7c post=d7858f9c-4247-41ee-9624-3c435197e2ed text → 1청크
[RAG] comment=c-3e30f73e-6f11-4352-b26f-096d39874ce7 post=d7858f9c-4247-41ee-9624-3c435197e2ed text → 1청크
[RAG] 학습 진행률: 10% (댓글 본문)
[RAG] PDF 학습 시작: 0452_001.pdf
[RAG] PDF 파싱 시작 (Unstructured fast): 0452_001.pdf
[RAG] Tesseract OCR fallback 시작: lang=kor+eng, pages=1
[RAG] Tesseract OCR 진행: 1/1
[RAG] Tesseract OCR fallback 완료: 추출 페이지 1/1
[RAG] PDF 학습 완료: 0452_001.pdf (3청크)
[RAG] 분리 저장 완료: /home/freegear/EasyDocStation/Database/ObjectFile/FileTrainingData/d7858f9c-4247-41ee-9624-3c435197e2ed/c-3e30f73e-6f11-4352-b26f-096d39874ce7/3246e8d5-9d55-4036-8232-40caaf1638dc/0452_001.pdf
[RAG] comment=c-da9abb92-483b-4dc6-93be-cc21f1871186 post=d7858f9c-4247-41ee-9624-3c435197e2ed text → 1청크
[RAG] 학습 진행률: 20% (댓글 본문)
[RAG] comment=c-0cabb5c4-513d-40bb-944b-860d91ea3250 post=d7858f9c-4247-41ee-9624-3c435197e2ed text → 1청크
[RAG] PDF 학습 시작: 0459_001.pdf
[RAG] PDF 파싱 시작 (Unstructured fast): 0459_001.pdf
[RAG] Tesseract OCR fallback 시작: lang=kor+eng, pages=1
[RAG] Tesseract OCR 진행: 1/1
[RAG] Tesseract OCR fallback 완료: 추출 페이지 1/1
[RAG] PDF 학습 완료: 0459_001.pdf (2청크)
[RAG] 분리 저장 완료: /home/freegear/EasyDocStation/Database/ObjectFile/FileTrainingData/d7858f9c-4247-41ee-9624-3c435197e2ed/c-0cabb5c4-513d-40bb-944b-860d91ea3250/3aca48fa-b650-48a7-b5ac-7d90502f8e4c/0459_001.pdf
[RAG] 학습 진행률: 30% (댓글 PDF)
[RAG] comment=c-dbc78717-711f-4710-b2d0-df5e54dc2a57 post=d7858f9c-4247-41ee-9624-3c435197e2ed text → 1청크
[RAG] PDF 학습 시작: 0458_001.pdf
[RAG] PDF 파싱 시작 (Unstructured fast): 0458_001.pdf
[RAG] Tesseract OCR fallback 시작: lang=kor+eng, pages=1
[RAG] Tesseract OCR 진행: 1/1
[RAG] Tesseract OCR fallback 완료: 추출 페이지 1/1
[RAG] PDF 학습 완료: 0458_001.pdf (2청크)
[RAG] 분리 저장 완료: /home/freegear/EasyDocStation/Database/ObjectFile/FileTrainingData/d7858f9c-4247-41ee-9624-3c435197e2ed/c-dbc78717-711f-4710-b2d0-df5e54dc2a57/f1c0da6e-67ae-4245-a528-6b10472fc448/0458_001.pdf
[RAG] 학습 진행률: 40% (댓글 PDF)
[RAG] comment=c-1249df05-2180-4cac-9cdc-5a0be3b1a79f post=d7858f9c-4247-41ee-9624-3c435197e2ed text → 1청크
[RAG] PDF 학습 시작: 0460_001.pdf
[RAG] PDF 파싱 시작 (Unstructured fast): 0460_001.pdf
[RAG] Tesseract OCR fallback 시작: lang=kor+eng, pages=1
[RAG] Tesseract OCR 진행: 1/1
[RAG] Tesseract OCR fallback 완료: 추출 페이지 1/1
[RAG] PDF 학습 완료: 0460_001.pdf (2청크)
[RAG] 분리 저장 완료: /home/freegear/EasyDocStation/Database/ObjectFile/FileTrainingData/d7858f9c-4247-41ee-9624-3c435197e2ed/c-1249df05-2180-4cac-9cdc-5a0be3b1a79f/21a51078-4e8b-46e4-8060-d63ac6f3260f/0460_001.pdf
[RAG] 학습 진행률: 50% (댓글 PDF)
[RAG] comment=c-1d092f57-e8c7-4317-b870-1aa591bb678b post=d7858f9c-4247-41ee-9624-3c435197e2ed text → 1청크
[RAG] PDF 학습 시작: 0460_001.pdf
[RAG] PDF 파싱 시작 (Unstructured fast): 0460_001.pdf
[RAG] Tesseract OCR fallback 시작: lang=kor+eng, pages=1
[RAG] Tesseract OCR 진행: 1/1
[RAG] Tesseract OCR fallback 완료: 추출 페이지 1/1
[RAG] PDF 학습 완료: 0460_001.pdf (2청크)
[RAG] 분리 저장 완료: /home/freegear/EasyDocStation/Database/ObjectFile/FileTrainingData/d7858f9c-4247-41ee-9624-3c435197e2ed/c-1d092f57-e8c7-4317-b870-1aa591bb678b/bc027a4f-a3ad-42b6-9baa-a52fb8440aa5/0460_001.pdf
[RAG] 학습 진행률: 60% (댓글 PDF)
[RAG] comment=c-d17c4ec6-08d8-48d5-b007-5892689ef68c post=d7858f9c-4247-41ee-9624-3c435197e2ed text → 1청크
[RAG] PDF 학습 시작: 컨소시엄_확약서.pdf
[RAG] PDF 파싱 시작 (Unstructured fast): 컨소시엄_확약서.pdf
[RAG] Tesseract OCR fallback 시작: lang=kor+eng, pages=1
[RAG] Tesseract OCR 진행: 1/1
[RAG] Tesseract OCR fallback 완료: 추출 페이지 1/1
[RAG] PDF 학습 완료: 컨소시엄_확약서.pdf (2청크)
[RAG] 분리 저장 완료: /home/freegear/EasyDocStation/Database/ObjectFile/FileTrainingData/d7858f9c-4247-41ee-9624-3c435197e2ed/c-d17c4ec6-08d8-48d5-b007-5892689ef68c/0bcbb012-7185-447a-8ba5-173b43791231/컨소시엄_확약서.pdf
[RAG] 학습 진행률: 70% (댓글 PDF)
[RAG] comment=c-c6d46029-18bc-4f71-8966-f349f2a7840c post=d7858f9c-4247-41ee-9624-3c435197e2ed text → 1청크
[RAG] PDF 학습 시작: 개인정보 수집 이용 동의자 목록.pdf
[RAG] PDF 파싱 시작 (Unstructured fast): 개인정보 수집 이용 동의자 목록.pdf
[RAG] Tesseract OCR fallback 시작: lang=kor+eng, pages=1
[RAG] Tesseract OCR 진행: 1/1
[RAG] Tesseract OCR fallback 완료: 추출 페이지 1/1
[RAG] PDF 학습 완료: 개인정보 수집 이용 동의자 목록.pdf (1청크)
[RAG] 분리 저장 완료: /home/freegear/EasyDocStation/Database/ObjectFile/FileTrainingData/d7858f9c-4247-41ee-9624-3c435197e2ed/c-c6d46029-18bc-4f71-8966-f349f2a7840c/76d51ff2-85c8-4c5e-9d3f-e71ee427cb26/개인정보_수집_이용_동의자_목록.pdf
[RAG] 학습 진행률: 80% (댓글 PDF)
[RAG] comment=c-3d50808b-31b9-48a5-aacf-60680e8d8163 post=d7858f9c-4247-41ee-9624-3c435197e2ed text → 1청크
[RAG] PDF 학습 시작: 보안등급 확인서.pdf
[RAG] PDF 파싱 시작 (Unstructured fast): 보안등급 확인서.pdf
[RAG] Tesseract OCR fallback 시작: lang=kor+eng, pages=1
[RAG] Tesseract OCR 진행: 1/1
[RAG] Tesseract OCR fallback 완료: 추출 페이지 1/1
[RAG] PDF 학습 완료: 보안등급 확인서.pdf (3청크)
[RAG] 분리 저장 완료: /home/freegear/EasyDocStation/Database/ObjectFile/FileTrainingData/d7858f9c-4247-41ee-9624-3c435197e2ed/c-3d50808b-31b9-48a5-aacf-60680e8d8163/d8a0ac21-7f08-415f-bd81-1bd5df395b31/보안등급_확인서.pdf
[RAG] 학습 진행률: 90% (댓글 PDF)
[RAG] 저장 완료 — 27청크 / 0개 게시글 / 10개 댓글
[RAG] 학습 진행률: 100% (저장)
[2026-06-01T09:02:45.624Z][RAG-REBUILD] 댓글 배치 학습 55/57: 10건
/home/freegear/EasyDocStation/server/rag_train.py:112: DeprecationWarning: `langchain-community` is being sunset and is no longer actively maintained. See https://github.com/langchain-ai/langchain-community/issues/674 for details and migration guidance toward standalone integration packages.
  from langchain_community.document_loaders import Docx2txtLoader
[RAG] 테이블 생성 경합 감지, 기존 테이블 사용: Table 'my_rag_table' already exists
[RAG] comment=c-dfbbec90-db3f-471b-8e08-79aa6613fd5a post=d7858f9c-4247-41ee-9624-3c435197e2ed text → 1청크
[RAG] PDF 학습 시작: 보안등급 분류 자체 점검표.pdf
[RAG] PDF 파싱 시작 (Unstructured fast): 보안등급 분류 자체 점검표.pdf
[RAG] Tesseract OCR fallback 시작: lang=kor+eng, pages=1
[RAG] Tesseract OCR 진행: 1/1
[RAG] Tesseract OCR fallback 완료: 추출 페이지 1/1
[RAG] PDF 학습 완료: 보안등급 분류 자체 점검표.pdf (3청크)
[RAG] 분리 저장 완료: /home/freegear/EasyDocStation/Database/ObjectFile/FileTrainingData/d7858f9c-4247-41ee-9624-3c435197e2ed/c-dfbbec90-db3f-471b-8e08-79aa6613fd5a/7ef720f0-c674-47f4-8dd3-9cf2d65281af/보안등급_분류_자체_점검표.pdf
[RAG] 학습 진행률: 10% (댓글 PDF)
[RAG] comment=c-ce29d01d-079f-45a9-8c15-aa5fecbec3bc post=d7858f9c-4247-41ee-9624-3c435197e2ed text → 1청크
[RAG] PDF 학습 시작: 보안등급 확약서.pdf
[RAG] PDF 파싱 시작 (Unstructured fast): 보안등급 확약서.pdf
[RAG] Tesseract OCR fallback 시작: lang=kor+eng, pages=1
[RAG] Tesseract OCR 진행: 1/1
[RAG] Tesseract OCR fallback 완료: 추출 페이지 1/1
[RAG] PDF 학습 완료: 보안등급 확약서.pdf (2청크)
[RAG] 분리 저장 완료: /home/freegear/EasyDocStation/Database/ObjectFile/FileTrainingData/d7858f9c-4247-41ee-9624-3c435197e2ed/c-ce29d01d-079f-45a9-8c15-aa5fecbec3bc/575304dc-f177-4947-91ae-9609eaab7a5d/보안등급_확약서.pdf
[RAG] 학습 진행률: 20% (댓글 PDF)
[RAG] comment=c-fd2c6e86-72d4-4302-85ba-539c7cd2b207 post=d7858f9c-4247-41ee-9624-3c435197e2ed text → 1청크
[RAG] 학습 진행률: 30% (댓글 본문)
[RAG] comment=c-322e556d-4e0d-45ba-9564-2bd1ea8527e5 post=d7858f9c-4247-41ee-9624-3c435197e2ed text → 1청크
[RAG] comment=c-dfa70134-332a-4a1c-875b-ef12a8c20551 post=d7858f9c-4247-41ee-9624-3c435197e2ed text → 1청크
[RAG] 학습 진행률: 40% (댓글 본문)
[RAG] comment=c-0c08b3f2-9cd8-4a49-8f2e-3779920b8da1 post=c29aec5a-2d32-4671-8f14-94af4b717f21 text → 1청크
[RAG] 학습 진행률: 50% (댓글 본문)
[RAG] comment=c-a1a85a9a-ed9b-45d9-9664-b81af895f6a2 post=c29aec5a-2d32-4671-8f14-94af4b717f21 text → 1청크
[RAG] Word 학습 시작: 업무협력 및 해외판매 계약서_1.2.docx
[RAG] Word 학습 완료: 업무협력 및 해외판매 계약서_1.2.docx (5청크)
[RAG] 학습 진행률: 60% (댓글 Word)
[RAG] comment=c-20ca9584-6896-4f64-92a3-1ac42bfbd49f post=c29aec5a-2d32-4671-8f14-94af4b717f21 text → 1청크
[RAG] Word 학습 시작: 위임장_동우화인켐_1.3.docx
[RAG] Word 학습 완료: 위임장_동우화인켐_1.3.docx (2청크)
[RAG] 학습 진행률: 70% (댓글 Word)
[RAG] comment=c-c820c350-9147-4e75-90a6-976a72ef3862 post=c29aec5a-2d32-4671-8f14-94af4b717f21 text → 1청크
[RAG] 학습 진행률: 80% (댓글 본문)
[RAG] Word 학습 시작: 위임장_동우화인켐_1.2.docx
[RAG] Word 학습 완료: 위임장_동우화인켐_1.2.docx (2청크)
[RAG] comment=c-79a192fd-a23d-40e3-9355-61ba2151ad3e post=6ffcb9b0-dd46-43fa-b152-f05c951adf3e text → 1청크
[RAG] 학습 진행률: 90% (댓글 본문)
[RAG] 저장 완료 — 24청크 / 0개 게시글 / 10개 댓글
[RAG] 학습 진행률: 100% (저장)
[2026-06-01T09:02:56.678Z][RAG-REBUILD] 댓글 배치 학습 56/57: 10건
/home/freegear/EasyDocStation/server/rag_train.py:112: DeprecationWarning: `langchain-community` is being sunset and is no longer actively maintained. See https://github.com/langchain-ai/langchain-community/issues/674 for details and migration guidance toward standalone integration packages.
  from langchain_community.document_loaders import Docx2txtLoader
[RAG] 테이블 생성 경합 감지, 기존 테이블 사용: Table 'my_rag_table' already exists
[RAG] comment=c-4ffa4b88-d3e6-46f0-91c6-da5cbad183ae post=6ffcb9b0-dd46-43fa-b152-f05c951adf3e text → 1청크
[RAG] comment=c-a6ea495b-a662-4051-bab2-f038340cda96 post=6ffcb9b0-dd46-43fa-b152-f05c951adf3e text → 1청크
[RAG] 학습 진행률: 10% (댓글 본문)
[RAG] PDF 학습 시작: on_device_ai_voice_interface_proposal_1.1.pdf
[RAG] PDF 파싱 시작 (Unstructured fast): on_device_ai_voice_interface_proposal_1.1.pdf
[RAG] PDF 파싱 완료 (Unstructured fast): on_device_ai_voice_interface_proposal_1.1.pdf / elements=306 / 1.3s
[RAG] PDF 학습 완료: on_device_ai_voice_interface_proposal_1.1.pdf (11청크)
[RAG] 분리 저장 완료: /home/freegear/EasyDocStation/Database/ObjectFile/FileTrainingData/6ffcb9b0-dd46-43fa-b152-f05c951adf3e/c-a6ea495b-a662-4051-bab2-f038340cda96/5b507e44-bcd3-4869-807e-34d65f180e7e/on_device_ai_voice_interface_proposal_1.1.pdf
[RAG] 학습 진행률: 20% (댓글 PDF)
[RAG] comment=c-4b1319e1-a133-4e5d-a5b4-30ea477df222 post=383e24a9-5a4a-455f-8a41-39caacf7b2b8 text → 1청크
[RAG] 학습 진행률: 30% (댓글 본문)
[RAG] comment=c-bf892fa7-8c12-442f-b276-a9467248c125 post=2ed49eeb-e83a-4cc3-bd56-d0f0cf53944a text → 2청크
[RAG] 학습 진행률: 40% (댓글 본문)
[RAG] comment=c-7e0ce8c7-cd14-4e96-b307-3afcc299a2a4 post=2ed49eeb-e83a-4cc3-bd56-d0f0cf53944a text → 3청크
[RAG] 학습 진행률: 50% (댓글 본문)
[RAG] comment=c-7b2f6c93-8f62-45d7-81f0-cefabe8825a7 post=2ed49eeb-e83a-4cc3-bd56-d0f0cf53944a text → 1청크
[RAG] comment=c-0697e620-39f8-441c-abda-81a9ab02037b post=4325b909-8501-4162-9e98-fe8e0014b116 text → 1청크
[RAG] 학습 진행률: 60% (댓글 본문)
[RAG] comment=c-5d073698-e46e-43d0-8f05-eaef28d6d98e post=4325b909-8501-4162-9e98-fe8e0014b116 text → 1청크
[RAG] 학습 진행률: 70% (댓글 본문)
[RAG] comment=c-929876ea-0c40-4076-8e07-4d0b7c246120 post=4325b909-8501-4162-9e98-fe8e0014b116 text → 1청크
[RAG] 학습 진행률: 80% (댓글 본문)
[RAG] comment=c-5ca80ed3-2bcf-4476-9611-2f86aa024253 post=4325b909-8501-4162-9e98-fe8e0014b116 text → 1청크
[RAG] 학습 진행률: 90% (댓글 본문)
[RAG] 저장 완료 — 24청크 / 0개 게시글 / 10개 댓글
[RAG] 학습 진행률: 100% (저장)
[2026-06-01T09:03:04.360Z][RAG-REBUILD] 댓글 배치 학습 57/57: 8건
/home/freegear/EasyDocStation/server/rag_train.py:112: DeprecationWarning: `langchain-community` is being sunset and is no longer actively maintained. See https://github.com/langchain-ai/langchain-community/issues/674 for details and migration guidance toward standalone integration packages.
  from langchain_community.document_loaders import Docx2txtLoader
[RAG] 테이블 생성 경합 감지, 기존 테이블 사용: Table 'my_rag_table' already exists
[RAG] comment=c-f0323d10-aa6f-44cb-a71f-86632cb7f68e post=cab9c9f1-5c78-4b78-ac98-37ba1a160cc8 text → 1청크
[RAG] 학습 진행률: 10% (댓글 본문)
[RAG] comment=c-9f51cb5b-26d3-4ce6-99cb-39fe0ceaac01 post=0bd8eebd-cf51-4ead-8992-2abe12f975ea text → 1청크
[RAG] 학습 진행률: 20% (댓글 본문)
[RAG] comment=c-db491bca-8954-404b-a73b-70d09de9a8d4 post=0bd8eebd-cf51-4ead-8992-2abe12f975ea text → 1청크
[RAG] 학습 진행률: 30% (댓글 본문)
[RAG] comment=c-a39b14d3-87a1-4574-9f82-52de2bd56c1f post=ae8e02bb-57a6-4c5a-b373-bfbb6dfa9277 text → 2청크
[RAG] 학습 진행률: 40% (댓글 본문)
[RAG] comment=c-4b2131e9-f11c-4f18-adeb-a0e63eb64fc3 post=ae8e02bb-57a6-4c5a-b373-bfbb6dfa9277 text → 2청크
[RAG] 학습 진행률: 50% (댓글 본문)
[RAG] comment=c-a024898e-b3ea-48ba-a7ba-1418ec9874d5 post=ae8e02bb-57a6-4c5a-b373-bfbb6dfa9277 text → 3청크
[RAG] 학습 진행률: 60% (댓글 본문)
[RAG] comment=c-a3055f6b-81c4-43be-b8ea-f26d7e9fd7fd post=ae8e02bb-57a6-4c5a-b373-bfbb6dfa9277 text → 3청크
[RAG] 학습 진행률: 70% (댓글 본문)
[RAG] comment=c-e68dd8ac-4efc-4769-934e-e8279646fbcb post=ae8e02bb-57a6-4c5a-b373-bfbb6dfa9277 text → 1청크
[RAG] 학습 진행률: 80% (댓글 본문)
[RAG] 저장 완료 — 14청크 / 0개 게시글 / 8개 댓글
[RAG] 학습 진행률: 100% (저장)
[2026-06-01T09:03:10.239Z][RAG-REBUILD] 전체 RAG 재학습 워커 완료
[20260601-18:03:11][RAG-REBUILD] 전체 RAG 재학습 정상 종료
[20260804-20:47:42][RAG-REBUILD] 전체 RAG 재학습 시작
[20260804-20:47:42][RAG-REBUILD] 로그 파일: /home/freegear/EasyDocStation/logs/rebuild-rag-all.log
[20260804-20:47:42][RAG-REBUILD] EASYDOC_REBUILD_KEEP_APP=1: 실행 중인 EasyDocStation은 유지합니다.
[20260804-20:47:42][RAG-REBUILD] 버전드 재학습: 전체 저장소 삭제 생략, 대상 테이블만 초기화 (my_rag_table_v4_docling)
[20260804-20:47:42][RAG-REBUILD] 모든 팀/채널 게시글, 댓글, 첨부 문서, 이미지 재학습
[2026-08-04T11:47:42.990Z][RAG-REBUILD] Python: /home/freegear/EasyDocStation/.venv/bin/python3
[2026-08-04T11:47:42.990Z][RAG-REBUILD] 배치 크기: 10
✅ Database migration complete.
[2026-08-04T11:47:43.261Z][RAG-REBUILD] 텔레그램 전송 오류: chat_id=66918210 fetch failed
[2026-08-04T11:47:43.261Z][RAG-REBUILD] "찾을 수 없습니다"류의 이전 AI 실패 답변은 RAG 오염 방지를 위해 제외합니다.
✅ Cassandra connected
✅ Cassandra schema initialized
[2026-08-04T11:47:43.296Z][RAG-REBUILD] ObjectFile Path: /home/freegear/EasyDocStation/Database/ObjectFile
[2026-08-04T11:47:43.296Z][RAG-REBUILD] LanceDB Path: /home/freegear/EasyDocStation/Database/LanceDB
[2026-08-04T11:47:43.296Z][RAG-REBUILD] RAG target table: my_rag_table_v4_docling (schema=3)
[2026-08-04T11:47:43.296Z][RAG-REBUILD] 배치 학습 시간 제한: 없음
[2026-08-04T11:47:43.299Z][RAG-REBUILD] 기존 RAG 임베딩 서버 사용: 127.0.0.1:5001
[2026-08-04T11:47:43.299Z][RAG-REBUILD] RAG 대상 테이블 초기화: my_rag_table_v4_docling
/home/freegear/EasyDocStation/server/rag_train.py:152: DeprecationWarning: `langchain-community` is being sunset and is no longer actively maintained. See https://github.com/langchain-ai/langchain-community/issues/674 for details and migration guidance toward standalone integration packages.
  from langchain_community.document_loaders import Docx2txtLoader
[2026-08-04T11:47:46Z WARN  lance::dataset::write::insert] No existing dataset at /home/freegear/EasyDocStation/Database/LanceDB/my_rag_table_v4_docling.lance, it will be created
[RAG] 테이블 초기화 완료: my_rag_table_v4_docling (dim=1024, schema=3)
[RAG] 저장할 레코드 없음
[RAG] 학습 진행률: 100% (저장)
[2026-08-04T11:47:47.325Z][RAG-REBUILD] 조회 완료: 게시글 926건, 댓글 1172건
[2026-08-04T11:47:47.341Z][RAG-REBUILD] 파싱 미지원 첨부 형식, 메타데이터만 본문에 포함 예정: KakaoTalk_20260422_140922251.mp4 (video/mp4)
[2026-08-04T11:47:47.342Z][RAG-REBUILD] 파싱 미지원 첨부 형식, 메타데이터만 본문에 포함 예정: KakaoTalk_20260119_110833374.mp4 (video/mp4)
[2026-08-04T11:47:47.342Z][RAG-REBUILD] 파싱 미지원 첨부 형식, 메타데이터만 본문에 포함 예정: KakaoTalk_20251117_145851003.mp4 (video/mp4)
[2026-08-04T11:47:47.343Z][RAG-REBUILD] 파싱 미지원 첨부 형식, 메타데이터만 본문에 포함 예정: KakaoTalk_20251016_184653386.mp4 (video/mp4)
[2026-08-04T11:47:47.343Z][RAG-REBUILD] 파싱 미지원 첨부 형식, 메타데이터만 본문에 포함 예정: KakaoTalk_20251013_152939797.mp4 (video/mp4)
[2026-08-04T11:47:47.344Z][RAG-REBUILD] 파싱 미지원 첨부 형식, 메타데이터만 본문에 포함 예정: G-TLD_Hongik University.mp4 (video/mp4)
[2026-08-04T11:47:47.344Z][RAG-REBUILD] 파싱 미지원 첨부 형식, 메타데이터만 본문에 포함 예정: G-TLD_Hoka.mp4 (video/mp4)
[2026-08-04T11:47:47.344Z][RAG-REBUILD] 파싱 미지원 첨부 형식, 메타데이터만 본문에 포함 예정: G-TLD_CES.mp4 (video/mp4)
[2026-08-04T11:47:47.344Z][RAG-REBUILD] 파싱 미지원 첨부 형식, 메타데이터만 본문에 포함 예정: G-TLD_BUS.mp4 (video/mp4)
[2026-08-04T11:47:47.345Z][RAG-REBUILD] 파싱 미지원 첨부 형식, 메타데이터만 본문에 포함 예정: 스미토모.mp4 (video/mp4)
[2026-08-04T11:47:47.346Z][RAG-REBUILD] 파싱 미지원 첨부 형식, 메타데이터만 본문에 포함 예정: 2025년 국립중앙박물관 COB1.53 설치 사례.mp4 (video/mp4)
[2026-08-04T11:47:47.349Z][RAG-REBUILD] 파싱 미지원 첨부 형식, 메타데이터만 본문에 포함 예정: KakaoTalk_Video_2026-07-28-09-22-28.mp4 (video/mp4)
[2026-08-04T11:47:47.349Z][RAG-REBUILD] 파싱 미지원 첨부 형식, 메타데이터만 본문에 포함 예정: KakaoTalk_Video_2026-07-28-09-22-35.mp4 (video/mp4)
[2026-08-04T11:47:47.349Z][RAG-REBUILD] 파싱 미지원 첨부 형식, 메타데이터만 본문에 포함 예정: KakaoTalk_Video_2026-07-28-09-22-41.mp4 (video/mp4)
[2026-08-04T11:47:47.349Z][RAG-REBUILD] 파싱 미지원 첨부 형식, 메타데이터만 본문에 포함 예정: KakaoTalk_Video_2026-07-28-09-22-48.mp4 (video/mp4)
[2026-08-04T11:47:47.349Z][RAG-REBUILD] 파싱 미지원 첨부 형식, 메타데이터만 본문에 포함 예정: KakaoTalk_Video_2026-07-28-09-22-54.mp4 (video/mp4)
[2026-08-04T11:47:47.349Z][RAG-REBUILD] 파싱 미지원 첨부 형식, 메타데이터만 본문에 포함 예정: KakaoTalk_Video_2026-07-28-09-23-05.mp4 (video/mp4)
[2026-08-04T11:47:47.350Z][RAG-REBUILD] 파싱 미지원 첨부 형식, 메타데이터만 본문에 포함 예정: KakaoTalk_Video_2026-07-28-09-23-11.mp4 (video/mp4)
[2026-08-04T11:47:47.350Z][RAG-REBUILD] 파싱 미지원 첨부 형식, 메타데이터만 본문에 포함 예정: KakaoTalk_Video_2026-07-28-16-46-11.mp4 (video/mp4)
[2026-08-04T11:47:47.350Z][RAG-REBUILD] 파싱 미지원 첨부 형식, 메타데이터만 본문에 포함 예정: KakaoTalk_Video_2026-07-28-16-46-46.mp4 (video/mp4)
[2026-08-04T11:47:47.351Z][RAG-REBUILD] 파싱 미지원 첨부 형식, 메타데이터만 본문에 포함 예정: 비밀유지및거래보호계약서(디플럭스-실리콘큐브).hwp (unknown)
[2026-08-04T11:47:47.352Z][RAG-REBUILD] 파싱 미지원 첨부 형식, 메타데이터만 본문에 포함 예정: 화면 기록 2026-06-20 오후 7.18.21.mov (video/quicktime)
[2026-08-04T11:47:47.355Z][RAG-REBUILD] 파싱 미지원 첨부 형식, 메타데이터만 본문에 포함 예정: KakaoTalk_Video_2026-05-10-14-25-25.mp4 (video/mp4)
[2026-08-04T11:47:47.367Z][RAG-REBUILD] 파싱 미지원 첨부 형식, 메타데이터만 본문에 포함 예정: CremaXample.exe (application/x-msdownload)
[2026-08-04T11:47:47.370Z][RAG-REBUILD] 파싱 미지원 첨부 형식, 메타데이터만 본문에 포함 예정: 화면 기록 2026-06-27 오전 6.59.15.mov (video/quicktime)
[2026-08-04T11:47:47.370Z][RAG-REBUILD] 파싱 미지원 첨부 형식, 메타데이터만 본문에 포함 예정: _talkf_wzc5u730qA_w0QcXNt3AR0NzRImDK2Ch0_f_e3e84459a45f 2.MP4 (video/mp4)
[2026-08-04T11:47:47.371Z][RAG-REBUILD] 파싱 미지원 첨부 형식, 메타데이터만 본문에 포함 예정: _talkf_wzc5u730qA_w0QcXNt3AR0NzRImDK2Ch0_f_e3e84459a45f.MP4 (video/mp4)
[2026-08-04T11:47:47.371Z][RAG-REBUILD] 파싱 미지원 첨부 형식, 메타데이터만 본문에 포함 예정: _talkf_wzc7lJZN7U_5LkTDBZz1x10BYxK7eP7Ik_f_e236cc9d6298 2.MP4 (video/mp4)
[2026-08-04T11:47:47.371Z][RAG-REBUILD] 파싱 미지원 첨부 형식, 메타데이터만 본문에 포함 예정: _talkf_wzc7lJZN7U_5LkTDBZz1x10BYxK7eP7Ik_f_e236cc9d6298.MP4 (video/mp4)
[2026-08-04T11:47:47.371Z][RAG-REBUILD] 파싱 미지원 첨부 형식, 메타데이터만 본문에 포함 예정: _talkf_wzM72BH2sd_PbWOThKHgsL9fpe4oQ91e1_f_81d284e251e6.mp4 (video/mp4)
[2026-08-04T11:47:47.372Z][RAG-REBUILD] 파싱 미지원 첨부 형식, 메타데이터만 본문에 포함 예정: Pop Girl.mp4 (video/mp4)
[2026-08-04T11:47:47.375Z][RAG-REBUILD] 파싱 미지원 첨부 형식, 메타데이터만 본문에 포함 예정: MG79RU5UfVYVqUhkjF9R5cQk4ME.avif (image/avif)
[2026-08-04T11:47:47.382Z][RAG-REBUILD] 파싱 미지원 첨부 형식, 메타데이터만 본문에 포함 예정: 구매자금 협조 요청서 .hwpx (unknown)
[2026-08-04T11:47:47.396Z][RAG-REBUILD] 파싱 미지원 첨부 형식, 메타데이터만 본문에 포함 예정: stock_recommend_quant.py (text/x-python-script)
[2026-08-04T11:47:47.399Z][RAG-REBUILD] 파싱 미지원 첨부 형식, 메타데이터만 본문에 포함 예정: 화면 기록 2026-05-17 오후 4.18.12.mov (video/quicktime)
[2026-08-04T11:47:47.431Z][RAG-REBUILD] 파싱 미지원 첨부 형식, 메타데이터만 본문에 포함 예정: _talkv_dJMcaFwQdZz_oqbpypnj9z1EyeIKUHUJDK_talkv_high.mp4 (video/mp4)
[2026-08-04T11:47:47.432Z][RAG-REBUILD] 파싱 미지원 첨부 형식, 메타데이터만 본문에 포함 예정: _talkv_dJMcaFXUAdx_DYZz62JRA0dVGDVCjZtXY1_talkv_high.mp4 (video/mp4)
[2026-08-04T11:47:47.432Z][RAG-REBUILD] 파싱 미지원 첨부 형식, 메타데이터만 본문에 포함 예정: _talkv_dJMcawNsvx1_PVh0aN4KKFkNVP7QCsjbk0_talkv_high.mp4 (video/mp4)
[2026-08-04T11:47:47.432Z][RAG-REBUILD] 파싱 미지원 첨부 형식, 메타데이터만 본문에 포함 예정: _talkv_dJMcaxevpwU_VPfd13QHUdhyvaLlvXX4Zk_talkv_high.mp4 (video/mp4)
[2026-08-04T11:47:47.433Z][RAG-REBUILD] 파싱 미지원 첨부 형식, 메타데이터만 본문에 포함 예정: _talkv_wzPwfZuyGG_xbNnSu4TlwSK41mhy6xoN1_talkv_high.mp4 (video/mp4)
[2026-08-04T11:47:47.433Z][RAG-REBUILD] 파싱 미지원 첨부 형식, 메타데이터만 본문에 포함 예정: IMG_1096.MOV (video/quicktime)
[2026-08-04T11:47:47.433Z][RAG-REBUILD] 파싱 미지원 첨부 형식, 메타데이터만 본문에 포함 예정: IMG_1097.MOV (video/quicktime)
[2026-08-04T11:47:47.434Z][RAG-REBUILD] 파싱 미지원 첨부 형식, 메타데이터만 본문에 포함 예정: IMG_1098.MOV (video/quicktime)
[2026-08-04T11:47:47.454Z][RAG-REBUILD] 파싱 미지원 첨부 형식, 메타데이터만 본문에 포함 예정: Manual_QNS-FC_5M_Jp.ai (application/postscript)
[2026-08-04T11:47:47.454Z][RAG-REBUILD] 파싱 미지원 첨부 형식, 메타데이터만 본문에 포함 예정: Label_MountingTemplate_QNS-FC_5M.ai (application/postscript)
[2026-08-04T11:47:47.458Z][RAG-REBUILD] 파싱 미지원 첨부 형식, 메타데이터만 본문에 포함 예정: IP-VAV_&_Wi-F260410韓国版.mp4 (video/mp4)
[2026-08-04T11:47:47.458Z][RAG-REBUILD] 파싱 미지원 첨부 형식, 메타데이터만 본문에 포함 예정: AIが創る、次世代のスマートオフィス韓国語字幕.mp4 (video/mp4)
[2026-08-04T11:47:47.460Z][RAG-REBUILD] 파싱 미지원 첨부 형식, 메타데이터만 본문에 포함 예정: 회의녹음_20260719_110055.mp3 (audio/mpeg)
[2026-08-04T11:47:47.460Z][RAG-REBUILD] 파싱 미지원 첨부 형식, 메타데이터만 본문에 포함 예정: 회의녹음_20260719_070135.mp3 (audio/mpeg)
[2026-08-04T11:47:47.476Z][RAG-REBUILD] 파싱 미지원 첨부 형식, 메타데이터만 본문에 포함 예정: 퇴사자_노하우를_살려내는_에이전틱_AI_집사.m4a (audio/x-m4a)
[2026-08-04T11:47:47.476Z][RAG-REBUILD] 파싱 미지원 첨부 형식, 메타데이터만 본문에 포함 예정: 매출_0원_선언한_정읍_AI의_폐쇄망_전략.m4a (audio/x-m4a)
[2026-08-04T11:47:47.477Z][RAG-REBUILD] 파싱 미지원 첨부 형식, 메타데이터만 본문에 포함 예정: LIG DNA 창업기업 사업계획서_3차 수정 (260802).hwp (unknown)
[2026-08-04T11:47:47.478Z][RAG-REBUILD] 파싱 미지원 첨부 형식, 메타데이터만 본문에 포함 예정: easystation_lig_ai_failure_dashboard_ui_video (1).svg (image/svg+xml)
[2026-08-04T11:47:47.478Z][RAG-REBUILD] 파싱 미지원 첨부 형식, 메타데이터만 본문에 포함 예정: easystation_lig_ai_failure_dashboard_ui_video.svg (image/svg+xml)
[2026-08-04T11:47:47.479Z][RAG-REBUILD] 파싱 미지원 첨부 형식, 메타데이터만 본문에 포함 예정: easystation_lig_ai_failure_dashboard_ui (1).svg (image/svg+xml)
[2026-08-04T11:47:47.479Z][RAG-REBUILD] 파싱 미지원 첨부 형식, 메타데이터만 본문에 포함 예정: easystation_lig_ai_failure_dashboard_ui.svg (image/svg+xml)
[2026-08-04T11:47:47.479Z][RAG-REBUILD] 파싱 미지원 첨부 형식, 메타데이터만 본문에 포함 예정: easystation_lig_ai_presentation_block_diagram (1).svg (image/svg+xml)
[2026-08-04T11:47:47.479Z][RAG-REBUILD] 파싱 미지원 첨부 형식, 메타데이터만 본문에 포함 예정: easystation_lig_ai_presentation_block_diagram.svg (image/svg+xml)
[2026-08-04T11:47:47.479Z][RAG-REBUILD] 파싱 미지원 첨부 형식, 메타데이터만 본문에 포함 예정: easystation_lig_failure_management_architecture (1).svg (image/svg+xml)
[2026-08-04T11:47:47.479Z][RAG-REBUILD] 파싱 미지원 첨부 형식, 메타데이터만 본문에 포함 예정: easystation_lig_failure_management_architecture.svg (image/svg+xml)
[2026-08-04T11:47:47.481Z][RAG-REBUILD] 파싱 미지원 첨부 형식, 메타데이터만 본문에 포함 예정: 1. 연구개발계획서_트리포스_v1.4.hwp (unknown)
[2026-08-04T11:47:47.481Z][RAG-REBUILD] 파싱 미지원 첨부 형식, 메타데이터만 본문에 포함 예정: 1. 연구개발계획서_트리포스_v1.5 (1).hwp (unknown)
[2026-08-04T11:47:47.481Z][RAG-REBUILD] 파싱 미지원 첨부 형식, 메타데이터만 본문에 포함 예정: 1. 연구개발계획서_트리포스_v1.7_SC.hwp (unknown)
[2026-08-04T11:47:47.481Z][RAG-REBUILD] 파싱 미지원 첨부 형식, 메타데이터만 본문에 포함 예정: 1. 연구개발계획서_트리포스_v1.7_SC.hwp (unknown)
[2026-08-04T11:47:47.481Z][RAG-REBUILD] 파싱 미지원 첨부 형식, 메타데이터만 본문에 포함 예정: 1. 연구개발계획서_트리포스_v1.99.hwp (unknown)
[2026-08-04T11:47:47.481Z][RAG-REBUILD] 파싱 미지원 첨부 형식, 메타데이터만 본문에 포함 예정: 1. 연구개발계획서_트리포스_v1.999.hwp (unknown)
[2026-08-04T11:47:47.481Z][RAG-REBUILD] 파싱 미지원 첨부 형식, 메타데이터만 본문에 포함 예정: 1. 연구개발계획서_트리포스_v1.9999_SC.hwp (unknown)
[2026-08-04T11:47:47.481Z][RAG-REBUILD] 파싱 미지원 첨부 형식, 메타데이터만 본문에 포함 예정: 1. 연구개발계획서_트리포스_v1.9999_SC.hwp (unknown)
[2026-08-04T11:47:47.481Z][RAG-REBUILD] 파싱 미지원 첨부 형식, 메타데이터만 본문에 포함 예정: 연구개발계획서_트리포스_최종.hwp (unknown)
[2026-08-04T11:47:47.481Z][RAG-REBUILD] 파싱 미지원 첨부 형식, 메타데이터만 본문에 포함 예정: 연구개발계획서_트리포스_최종-1.1.hwp (unknown)
[2026-08-04T11:47:47.482Z][RAG-REBUILD] 파싱 미지원 첨부 형식, 메타데이터만 본문에 포함 예정: [붙임 3] 4대 업무혁신 분야 및 품목개요서 (1).hwpx (unknown)
[2026-08-04T11:47:47.482Z][RAG-REBUILD] 파싱 미지원 첨부 형식, 메타데이터만 본문에 포함 예정: [붙임 1-1] 신청방법 및 신청 또는 지원 제외사항 등 유의사항.hwpx (unknown)
[2026-08-04T11:47:47.482Z][RAG-REBUILD] 파싱 미지원 첨부 형식, 메타데이터만 본문에 포함 예정: [붙임 1-2] 중소기업기술개발 지원사업 보안대책.hwpx (unknown)
[2026-08-04T11:47:47.482Z][RAG-REBUILD] 파싱 미지원 첨부 형식, 메타데이터만 본문에 포함 예정: [붙임 2] 2026년도 중소기업기술혁신개발(도메인특화AI모델개발) 세부 지원내용.hwpx (unknown)
[2026-08-04T11:47:47.482Z][RAG-REBUILD] 파싱 미지원 첨부 형식, 메타데이터만 본문에 포함 예정: [붙임 3] 4대 업무혁신 분야 및 품목개요서.hwpx (unknown)
[2026-08-04T11:47:47.482Z][RAG-REBUILD] 파싱 미지원 첨부 형식, 메타데이터만 본문에 포함 예정: 1. 연구개발계획서 양식.hwp (unknown)
[2026-08-04T11:47:47.482Z][RAG-REBUILD] 파싱 미지원 첨부 형식, 메타데이터만 본문에 포함 예정: 2. 신용상태 조회 정보활용 동의서.hwp (unknown)
[2026-08-04T11:47:47.482Z][RAG-REBUILD] 파싱 미지원 첨부 형식, 메타데이터만 본문에 포함 예정: 3. 중소기업기술개발사업 개인정보 수집이용 동의서.hwp (unknown)
[2026-08-04T11:47:47.482Z][RAG-REBUILD] 파싱 미지원 첨부 형식, 메타데이터만 본문에 포함 예정: 4. 외부기술도입비 현물산정 신청서.hwp (unknown)
[2026-08-04T11:47:47.482Z][RAG-REBUILD] 파싱 미지원 첨부 형식, 메타데이터만 본문에 포함 예정: 5. 컨소시엄 확약서.hwp (unknown)
[2026-08-04T11:47:47.482Z][RAG-REBUILD] 파싱 미지원 첨부 형식, 메타데이터만 본문에 포함 예정: spc 지비전K연새비상 주식회사 연세대 교직원식당 한경관 어울샘 관련 ai _1777854322831.hwp (unknown)
[2026-08-04T11:47:47.483Z][RAG-REBUILD] 파싱 미지원 첨부 형식, 메타데이터만 본문에 포함 예정: 최요한 연세대학교 상남경영관 관련내용 (1)_1777854341309.hwp (unknown)
[2026-08-04T11:47:47.483Z][RAG-REBUILD] 파싱 미지원 첨부 형식, 메타데이터만 본문에 포함 예정: 공모중점기술7종컨셉예시_yh수정.hwpx (unknown)
[2026-08-04T11:47:47.485Z][RAG-REBUILD] 파싱 미지원 첨부 형식, 메타데이터만 본문에 포함 예정: easystation_architecture_kr.svg (image/svg+xml)
[2026-08-04T11:47:47.486Z][RAG-REBUILD] 파싱 미지원 첨부 형식, 메타데이터만 본문에 포함 예정: 화면 기록 2026-07-02 오후 10.13.57.mov (video/quicktime)
[2026-08-04T11:47:47.489Z][RAG-REBUILD] 파싱 미지원 첨부 형식, 메타데이터만 본문에 포함 예정: 이_캐릭터_이미지를_사용하고_초동안_오른쪽_팔을_반.mp4 (video/mp4)
[2026-08-04T11:47:47.489Z][RAG-REBUILD] 파싱 미지원 첨부 형식, 메타데이터만 본문에 포함 예정: 이_캐릭터_이미지를_사용하고_초동안_오른쪽_팔을_반 (1).mp4 (video/mp4)
[2026-08-04T11:47:47.489Z][RAG-REBUILD] 파싱 미지원 첨부 형식, 메타데이터만 본문에 포함 예정: 이_캐릭터_이미지를_사용하고_초동안_오른쪽_팔을_반 (2).mp4 (video/mp4)
[2026-08-04T11:47:47.489Z][RAG-REBUILD] 파싱 미지원 첨부 형식, 메타데이터만 본문에 포함 예정: 화면 기록 2026-06-28 오후 12.14.49.mov (video/quicktime)
[2026-08-04T11:47:47.499Z][RAG-REBUILD] 파싱 미지원 첨부 형식, 메타데이터만 본문에 포함 예정: 통화 녹음 KC 하승한 부사장.성장전략실. 한홍규전무소개.더에이스테크.25.9.25.이성하대표님소개회사._260506_103303.m4a (audio/x-m4a)
[2026-08-04T11:47:47.499Z][RAG-REBUILD] 파싱 미지원 첨부 형식, 메타데이터만 본문에 포함 예정: AAA.m4a (audio/x-m4a)
[2026-08-04T11:47:47.500Z][RAG-REBUILD] 파싱 미지원 첨부 형식, 메타데이터만 본문에 포함 예정: _talkv_wy5gXQr7YD_In47ccAPApINSVeaf2STY1_talkv_high.mov (video/quicktime)
[2026-08-04T11:47:47.500Z][RAG-REBUILD] 파싱 미지원 첨부 형식, 메타데이터만 본문에 포함 예정: towel_sequence_hist_eq.mp4 (video/mp4)
[2026-08-04T11:47:47.500Z][RAG-REBUILD] 파싱 미지원 첨부 형식, 메타데이터만 본문에 포함 예정: SBS_AVM.mp4 (video/mp4)
[2026-08-04T11:47:47.500Z][RAG-REBUILD] 파싱 미지원 첨부 형식, 메타데이터만 본문에 포함 예정: 60504_090852 복사본.m4a (audio/x-m4a)
[2026-08-04T11:47:47.501Z][RAG-REBUILD] 파싱 미지원 첨부 형식, 메타데이터만 본문에 포함 예정: 60504_090852 복사본.m4a (audio/x-m4a)
[2026-08-04T11:47:47.501Z][RAG-REBUILD] 파싱 미지원 첨부 형식, 메타데이터만 본문에 포함 예정: 60504_090852 복사본.m4a (audio/x-m4a)
[2026-08-04T11:47:47.501Z][RAG-REBUILD] 파싱 미지원 첨부 형식, 메타데이터만 본문에 포함 예정: 60504_090852 복사본.m4a (audio/x-m4a)
[2026-08-04T11:47:47.502Z][RAG-REBUILD] 파싱 미지원 첨부 형식, 메타데이터만 본문에 포함 예정: 60504_090852.m4a (audio/x-m4a)
[2026-08-04T11:47:47.503Z][RAG-REBUILD] 첨부 파일 없음, 건너뜀: audio.m4a (/home/freegear/EasyDocStation/Database/ObjectFile/ch-1776440801214/c545d592-42ff-40e7-810f-d93a3a1eff2b/audio.m4a)
[2026-08-04T11:47:47.503Z][RAG-REBUILD] 첨부 파일 없음, 건너뜀: audio.m4a (/home/freegear/EasyDocStation/Database/ObjectFile/ch-1776440801214/5d296ced-64e8-4181-bb6f-b33f55ce3141/audio.m4a)
[2026-08-04T11:47:47.503Z][RAG-REBUILD] 첨부 파일 없음, 건너뜀: audio.m4a (/home/freegear/EasyDocStation/Database/ObjectFile/ch-1776440801214/cc2b7f02-f9c8-49d0-95c2-a9e2cc7491db/audio.m4a)
[2026-08-04T11:47:47.507Z][RAG-REBUILD] 파싱 미지원 첨부 형식, 메타데이터만 본문에 포함 예정: KakaoTalk_Video_2026-07-22-17-37-46.mp4 (video/mp4)
[2026-08-04T11:47:47.507Z][RAG-REBUILD] 파싱 미지원 첨부 형식, 메타데이터만 본문에 포함 예정: KakaoTalk_Video_2026-07-22-17-37-52.mp4 (video/mp4)
[2026-08-04T11:47:47.519Z][RAG-REBUILD] 파싱 미지원 첨부 형식, 메타데이터만 본문에 포함 예정: media1.mp4 (video/mp4)
[2026-08-04T11:47:47.521Z][RAG-REBUILD] 파싱 미지원 첨부 형식, 메타데이터만 본문에 포함 예정: KakaoTalk_Video_2026-06-20-09-42-35.mp4 (video/mp4)
[2026-08-04T11:47:47.557Z][RAG-REBUILD] 파싱 미지원 첨부 형식, 메타데이터만 본문에 포함 예정: 이_캐릭터_이미지를_사용하고_초동안_오른쪽_팔을_반.mp4 (video/mp4)
[2026-08-04T11:47:47.561Z][RAG-REBUILD] 파싱 미지원 첨부 형식, 메타데이터만 본문에 포함 예정: 이_캐릭터_이미지를_사용하고_초동안_오른쪽_팔을_반 (1).mp4 (video/mp4)
[2026-08-04T11:47:47.563Z][RAG-REBUILD] 파싱 미지원 첨부 형식, 메타데이터만 본문에 포함 예정: 이_캐릭터_이미지를_사용하고_초동안_오른쪽_팔을_반 (2).mp4 (video/mp4)
[2026-08-04T11:47:47.565Z][RAG-REBUILD] 파싱 미지원 첨부 형식, 메타데이터만 본문에 포함 예정: 화면 기록 2026-06-28 오후 12.14.49.mov (video/quicktime)
[2026-08-04T11:47:47.641Z][RAG-REBUILD] 파싱 미지원 첨부 형식, 메타데이터만 본문에 포함 예정: 2026년 예비창업패키지 사업계획서_1.1.hwp (unknown)
[2026-08-04T11:47:47.642Z][RAG-REBUILD] 파싱 미지원 첨부 형식, 메타데이터만 본문에 포함 예정: 2026년 예비창업패키지 사업계획서_1.2.hwp (unknown)
[2026-08-04T11:47:47.643Z][RAG-REBUILD] 파싱 미지원 첨부 형식, 메타데이터만 본문에 포함 예정: 2026년 예비창업패키지 사업계획서_1.3.hwp (unknown)
[2026-08-04T11:47:47.677Z][RAG-REBUILD] 파싱 미지원 첨부 형식, 메타데이터만 본문에 포함 예정: 화면 기록 2026-05-02 오후 11.32.16.mov (video/quicktime)
[2026-08-04T11:47:47.679Z][RAG-REBUILD] 파싱 미지원 첨부 형식, 메타데이터만 본문에 포함 예정: 화면 기록 2026-05-02 오전 9.51.34.mp4 (video/mp4)
[2026-08-04T11:47:47.719Z][RAG-REBUILD] 파싱 미지원 첨부 형식, 메타데이터만 본문에 포함 예정: 화면 기록 2026-05-02 오전 9.51.34.mov (video/quicktime)
[2026-08-04T11:47:47.857Z][RAG-REBUILD] 파싱 미지원 첨부 형식, 메타데이터만 본문에 포함 예정: CremaXample.exe (application/x-msdownload)
[2026-08-04T11:47:47.872Z][RAG-REBUILD] 파싱 미지원 첨부 형식, 메타데이터만 본문에 포함 예정: media1.mp4 (video/mp4)
[2026-08-04T11:47:47.885Z][RAG-REBUILD] 파싱 미지원 첨부 형식, 메타데이터만 본문에 포함 예정: spc 지비전K연새비상 주식회사 연세대 교직원식당 한경관 어울샘 관련 ai _1777854322831.hwp (unknown)
[2026-08-04T11:47:47.903Z][RAG-REBUILD] 파싱 미지원 첨부 형식, 메타데이터만 본문에 포함 예정: _talkv_wy5gXQr7YD_In47ccAPApINSVeaf2STY1_talkv_high.mov (video/quicktime)
[2026-08-04T11:47:47.904Z][RAG-REBUILD] 파싱 미지원 첨부 형식, 메타데이터만 본문에 포함 예정: towel_sequence_hist_eq.mp4 (video/mp4)
[2026-08-04T11:47:47.905Z][RAG-REBUILD] 파싱 미지원 첨부 형식, 메타데이터만 본문에 포함 예정: SBS_AVM.mp4 (video/mp4)
[2026-08-04T11:47:47.921Z][RAG-REBUILD] 파싱 미지원 첨부 형식, 메타데이터만 본문에 포함 예정: [붙임 1-1] 신청방법 및 신청 또는 지원 제외사항 등 유의사항.hwpx (unknown)
[2026-08-04T11:47:47.921Z][RAG-REBUILD] 파싱 미지원 첨부 형식, 메타데이터만 본문에 포함 예정: [붙임 1-2] 중소기업기술개발 지원사업 보안대책.hwpx (unknown)
[2026-08-04T11:47:47.921Z][RAG-REBUILD] 파싱 미지원 첨부 형식, 메타데이터만 본문에 포함 예정: [붙임 2] 2026년도 중소기업기술혁신개발(도메인특화AI모델개발) 세부 지원내용.hwpx (unknown)
[2026-08-04T11:47:47.921Z][RAG-REBUILD] 파싱 미지원 첨부 형식, 메타데이터만 본문에 포함 예정: [붙임 3] 4대 업무혁신 분야 및 품목개요서.hwpx (unknown)
[2026-08-04T11:47:47.922Z][RAG-REBUILD] 파싱 미지원 첨부 형식, 메타데이터만 본문에 포함 예정: 1. 연구개발계획서 양식.hwp (unknown)
[2026-08-04T11:47:47.922Z][RAG-REBUILD] 파싱 미지원 첨부 형식, 메타데이터만 본문에 포함 예정: 2. 신용상태 조회 정보활용 동의서.hwp (unknown)
[2026-08-04T11:47:47.922Z][RAG-REBUILD] 파싱 미지원 첨부 형식, 메타데이터만 본문에 포함 예정: 3. 중소기업기술개발사업 개인정보 수집이용 동의서.hwp (unknown)
[2026-08-04T11:47:47.922Z][RAG-REBUILD] 파싱 미지원 첨부 형식, 메타데이터만 본문에 포함 예정: 4. 외부기술도입비 현물산정 신청서.hwp (unknown)
[2026-08-04T11:47:47.922Z][RAG-REBUILD] 파싱 미지원 첨부 형식, 메타데이터만 본문에 포함 예정: 5. 컨소시엄 확약서.hwp (unknown)
[2026-08-04T11:47:47.930Z][RAG-REBUILD] 파싱 미지원 첨부 형식, 메타데이터만 본문에 포함 예정: KakaoTalk_Video_2026-07-28-16-46-11.mp4 (video/mp4)
[2026-08-04T11:47:47.930Z][RAG-REBUILD] 파싱 미지원 첨부 형식, 메타데이터만 본문에 포함 예정: KakaoTalk_Video_2026-07-28-16-46-46.mp4 (video/mp4)
[2026-08-04T11:47:48.005Z][RAG-REBUILD] 파싱 미지원 첨부 형식, 메타데이터만 본문에 포함 예정: easystation_architecture_kr.svg (image/svg+xml)
[2026-08-04T11:47:48.025Z][RAG-REBUILD] 파싱 미지원 첨부 형식, 메타데이터만 본문에 포함 예정: 1. 연구개발계획서_트리포스_v1.5 (1).hwp (unknown)
[2026-08-04T11:47:48.025Z][RAG-REBUILD] 파싱 미지원 첨부 형식, 메타데이터만 본문에 포함 예정: 1. 연구개발계획서_트리포스_v1.7_SC.hwp (unknown)
[2026-08-04T11:47:48.026Z][RAG-REBUILD] 파싱 미지원 첨부 형식, 메타데이터만 본문에 포함 예정: 1. 연구개발계획서_트리포스_v1.7_SC.hwp (unknown)
[2026-08-04T11:47:48.026Z][RAG-REBUILD] 파싱 미지원 첨부 형식, 메타데이터만 본문에 포함 예정: 1. 연구개발계획서_트리포스_v1.99.hwp (unknown)
[2026-08-04T11:47:48.026Z][RAG-REBUILD] 파싱 미지원 첨부 형식, 메타데이터만 본문에 포함 예정: 1. 연구개발계획서_트리포스_v1.999.hwp (unknown)
[2026-08-04T11:47:48.026Z][RAG-REBUILD] 파싱 미지원 첨부 형식, 메타데이터만 본문에 포함 예정: 1. 연구개발계획서_트리포스_v1.9999_SC.hwp (unknown)
[2026-08-04T11:47:48.027Z][RAG-REBUILD] 파싱 미지원 첨부 형식, 메타데이터만 본문에 포함 예정: 1. 연구개발계획서_트리포스_v1.9999_SC.hwp (unknown)
[2026-08-04T11:47:48.028Z][RAG-REBUILD] 파싱 미지원 첨부 형식, 메타데이터만 본문에 포함 예정: 연구개발계획서_트리포스_최종.hwp (unknown)
[2026-08-04T11:47:48.029Z][RAG-REBUILD] 파싱 미지원 첨부 형식, 메타데이터만 본문에 포함 예정: 연구개발계획서_트리포스_최종-1.1.hwp (unknown)
[2026-08-04T11:47:48.060Z][RAG-REBUILD] 파싱 미지원 첨부 형식, 메타데이터만 본문에 포함 예정: MG79RU5UfVYVqUhkjF9R5cQk4ME.avif (image/avif)
[2026-08-04T11:47:48.068Z][RAG-REBUILD] 학습 대상: 게시글 926건, 댓글 1172건, 첨부 1688건
[2026-08-04T11:47:48.323Z][RAG-REBUILD] 텔레그램 전송 오류: chat_id=66918210 fetch failed
[2026-08-04T11:47:48.577Z][RAG-REBUILD] 텔레그램 전송 오류: chat_id=66918210 fetch failed
[2026-08-04T11:47:48.578Z][RAG-REBUILD] 게시글 배치 학습 1/93: 10건
[2026-08-04T11:47:48.831Z][RAG-REBUILD] 텔레그램 전송 오류: chat_id=66918210 fetch failed
/home/freegear/EasyDocStation/server/rag_train.py:152: DeprecationWarning: `langchain-community` is being sunset and is no longer actively maintained. See https://github.com/langchain-ai/langchain-community/issues/674 for details and migration guidance toward standalone integration packages.
  from langchain_community.document_loaders import Docx2txtLoader
[RAG] 테이블 생성 경합 감지, 기존 테이블 사용: Table 'my_rag_table_v4_docling' already exists
[RAG] post=0d4a6b15-d0ad-4dea-a52b-893077b4b858 text → 1청크
[RAG] post=be4ff771-e4b9-4872-8885-8e3b7e546097 text → 1청크
[RAG] 이미지 학습 시작: ChatGPT Image 2026년 7월 12일 오후 08_20_44.png
[RAG] Gemma 이미지 설명 완료 (page=1, 43.6s): 2580자
[RAG] 이미지 학습 완료: ChatGPT Image 2026년 7월 12일 오후 08_20_44.png (5청크)
[RAG] 학습 진행률: 10% (게시글 이미지)
[RAG] post=aee9f15a-38b5-4c46-b055-3c3969497e36 text → 1청크
[RAG] PDF 학습 시작: 2026-07-11-엠텍비전.xlsx.pdf
[RAG] PDF 파싱 시작 (Unstructured fast): 2026-07-11-엠텍비전.xlsx.pdf
[RAG] PDF 파싱 완료 (Unstructured fast): 2026-07-11-엠텍비전.xlsx.pdf / elements=45 / 0.6s
[RAG] PDF 학습 완료: 2026-07-11-엠텍비전.xlsx.pdf (2청크)
[RAG] 분리 저장 완료: /home/freegear/EasyDocStation/Database/ObjectFile/FileTrainingData/aee9f15a-38b5-4c46-b055-3c3969497e36/no_comment/13162897-a750-47a4-be75-f4ef76e1431a/2026-07-11-엠텍비전.xlsx.pdf
[RAG] 학습 진행률: 20% (게시글 PDF)
[RAG] docling 학습 시작: 2026-07-11-엠텍비전.xlsx (excel)
[RAG] 문서 학습 완료: 2026-07-11-엠텍비전.xlsx (docling, 97청크, 2.8s)
[RAG] post=892d4b66-1227-48bc-acb1-508f699308ff text → 3청크
[RAG] 학습 진행률: 30% (게시글 본문)
[RAG] PDF 학습 시작: 2026_0708_ 'AI 활용 RTL 설계·검증 자동화 플랫폼' 구축 미팅(w_SiliconCube).pdf
[RAG] PDF 파싱 시작 (Unstructured fast): 2026_0708_ 'AI 활용 RTL 설계·검증 자동화 플랫폼' 구축 미팅(w_SiliconCube).pdf
Could not get FontBBox from font descriptor because None cannot be parsed as 4 floats
Could not get FontBBox from font descriptor because None cannot be parsed as 4 floats
Could not get FontBBox from font descriptor because None cannot be parsed as 4 floats
[RAG] PDF 파싱 완료 (Unstructured fast): 2026_0708_ 'AI 활용 RTL 설계·검증 자동화 플랫폼' 구축 미팅(w_SiliconCube).pdf / elements=71 / 0.1s
[RAG] PDF 학습 완료: 2026_0708_ 'AI 활용 RTL 설계·검증 자동화 플랫폼' 구축 미팅(w_SiliconCube).pdf (5청크)
[RAG] 분리 저장 완료: /home/freegear/EasyDocStation/Database/ObjectFile/FileTrainingData/892d4b66-1227-48bc-acb1-508f699308ff/no_comment/80e3e42b-34af-4ef9-9d55-e27261267505/2026_0708__AI_활용_RTL_설계_검증_자동화_플랫폼_구축_미팅_w_SiliconCube_.pdf
[RAG] PDF 학습 시작: 2026.07 MTekVision 제안서.pdf
[RAG] PDF 파싱 시작 (Unstructured fast): 2026.07 MTekVision 제안서.pdf
[RAG] PDF 파싱 완료 (Unstructured fast): 2026.07 MTekVision 제안서.pdf / elements=52 / 0.1s
[RAG] PDF 학습 완료: 2026.07 MTekVision 제안서.pdf (4청크)
[RAG] 분리 저장 완료: /home/freegear/EasyDocStation/Database/ObjectFile/FileTrainingData/892d4b66-1227-48bc-acb1-508f699308ff/no_comment/b2afe148-3072-4a62-afdf-89da9da61940/2026.07_MTekVision_제안서.pdf
[RAG] PDF 학습 시작: 2026-07-11-엠텍비전.pdf
[RAG] PDF 파싱 시작 (Unstructured fast): 2026-07-11-엠텍비전.pdf
[RAG] PDF 파싱 완료 (Unstructured fast): 2026-07-11-엠텍비전.pdf / elements=45 / 0.0s
[RAG] PDF 학습 완료: 2026-07-11-엠텍비전.pdf (2청크)
[RAG] 분리 저장 완료: /home/freegear/EasyDocStation/Database/ObjectFile/FileTrainingData/892d4b66-1227-48bc-acb1-508f699308ff/no_comment/4b5c44c2-696a-4c53-a5a4-cdd0621c5b2d/2026-07-11-엠텍비전.pdf
[RAG] 학습 진행률: 40% (게시글 PDF)
[RAG] PDF 학습 시작: 2026-07-11-엠텍비전.pdf
[RAG] PDF 파싱 시작 (Unstructured fast): 2026-07-11-엠텍비전.pdf
[RAG] PDF 파싱 완료 (Unstructured fast): 2026-07-11-엠텍비전.pdf / elements=46 / 0.0s
[RAG] PDF 학습 완료: 2026-07-11-엠텍비전.pdf (2청크)
[RAG] 분리 저장 완료: /home/freegear/EasyDocStation/Database/ObjectFile/FileTrainingData/892d4b66-1227-48bc-acb1-508f699308ff/no_comment/ac6cfec8-df40-46e7-b1e7-6000d6e06ffd/2026-07-11-엠텍비전.pdf
[RAG] PDF 학습 시작: 2026.07 MTekVision 제안서.pdf
[RAG] PDF 파싱 시작 (Unstructured fast): 2026.07 MTekVision 제안서.pdf
[RAG] PDF 파싱 완료 (Unstructured fast): 2026.07 MTekVision 제안서.pdf / elements=52 / 0.0s
[RAG] PDF 학습 완료: 2026.07 MTekVision 제안서.pdf (4청크)
[RAG] 분리 저장 완료: /home/freegear/EasyDocStation/Database/ObjectFile/FileTrainingData/892d4b66-1227-48bc-acb1-508f699308ff/no_comment/cb14c9d8-af9c-41b1-9ef0-470701a9d076/2026.07_MTekVision_제안서.pdf
[RAG] 학습 진행률: 50% (게시글 PDF)
[RAG] 이미지 학습 시작: Gemini_Generated_Image_8a2t818a2t818a2t.png
[2026-08-04T11:48:50.334Z][RAG-REBUILD] 실패: Error: rag_train.py 실패 / exit code=none / signal=SIGTERM / timeout=없음

stderr:
/home/freegear/EasyDocStation/server/rag_train.py:152: DeprecationWarning: `langchain-community` is being sunset and is no longer actively maintained. See https://github.com/langchain-ai/langchain-community/issues/674 for details and migration guidance toward standalone integration packages.
  from langchain_community.document_loaders import Docx2txtLoader
Could not get FontBBox from font descriptor because None cannot be parsed as 4 floats
Could not get FontBBox from font descriptor because None cannot be parsed as 4 floats
Could not get FontBBox from font descriptor because None cannot be parsed as 4 floats
    at ChildProcess.<anonymous> (/home/freegear/EasyDocStation/server/scripts/rebuild-rag-all.js:553:16)
    at ChildProcess.emit (node:events:519:28)
    at maybeClose (node:internal/child_process:1101:16)
    at ChildProcess._handle.onexit (node:internal/child_process:304:5)
[2026-08-04T11:48:50.594Z][RAG-REBUILD] 텔레그램 전송 오류: chat_id=66918210 fetch failed
[20260804-20:48:50][RAG-REBUILD] 전체 RAG 재학습 실패 또는 중단 (exit=1)
[20260804-20:48:56][RAG-REBUILD] 전체 RAG 재학습 시작
[20260804-20:48:56][RAG-REBUILD] 로그 파일: /home/freegear/EasyDocStation/logs/rebuild-rag-all.log
[20260804-20:48:57][RAG-REBUILD] EASYDOC_REBUILD_KEEP_APP=1: 실행 중인 EasyDocStation은 유지합니다.
[20260804-20:48:57][RAG-REBUILD] 버전드 재학습: 전체 저장소 삭제 생략, 대상 테이블만 초기화 (my_rag_table_v4_docling)
[20260804-20:48:57][RAG-REBUILD] 모든 팀/채널 게시글, 댓글, 첨부 문서, 이미지 재학습
[2026-08-04T11:48:57.301Z][RAG-REBUILD] Python: /home/freegear/EasyDocStation/.venv/bin/python3
[2026-08-04T11:48:57.301Z][RAG-REBUILD] 배치 크기: 10
✅ Database migration complete.
[2026-08-04T11:48:58.475Z][RAG-REBUILD] "찾을 수 없습니다"류의 이전 AI 실패 답변은 RAG 오염 방지를 위해 제외합니다.
✅ Cassandra connected
✅ Cassandra schema initialized
[2026-08-04T11:48:58.517Z][RAG-REBUILD] ObjectFile Path: /home/freegear/EasyDocStation/Database/ObjectFile
[2026-08-04T11:48:58.517Z][RAG-REBUILD] LanceDB Path: /home/freegear/EasyDocStation/Database/LanceDB
[2026-08-04T11:48:58.517Z][RAG-REBUILD] RAG target table: my_rag_table_v4_docling (schema=3)
[2026-08-04T11:48:58.518Z][RAG-REBUILD] 배치 학습 시간 제한: 없음
[2026-08-04T11:48:58.520Z][RAG-REBUILD] 기존 RAG 임베딩 서버 사용: 127.0.0.1:5001
[2026-08-04T11:48:58.520Z][RAG-REBUILD] RAG 대상 테이블 초기화: my_rag_table_v4_docling
/home/freegear/EasyDocStation/server/rag_train.py:152: DeprecationWarning: `langchain-community` is being sunset and is no longer actively maintained. See https://github.com/langchain-ai/langchain-community/issues/674 for details and migration guidance toward standalone integration packages.
  from langchain_community.document_loaders import Docx2txtLoader
[RAG] 테이블 초기화 완료: my_rag_table_v4_docling (dim=1024, schema=3)
[RAG] 저장할 레코드 없음
[RAG] 학습 진행률: 100% (저장)
[2026-08-04T11:49:03.979Z][RAG-REBUILD] 조회 완료: 게시글 926건, 댓글 1172건
[2026-08-04T11:49:03.992Z][RAG-REBUILD] 파싱 미지원 첨부 형식, 메타데이터만 본문에 포함 예정: KakaoTalk_20260422_140922251.mp4 (video/mp4)
[2026-08-04T11:49:03.993Z][RAG-REBUILD] 파싱 미지원 첨부 형식, 메타데이터만 본문에 포함 예정: KakaoTalk_20260119_110833374.mp4 (video/mp4)
[2026-08-04T11:49:03.993Z][RAG-REBUILD] 파싱 미지원 첨부 형식, 메타데이터만 본문에 포함 예정: KakaoTalk_20251117_145851003.mp4 (video/mp4)
[2026-08-04T11:49:03.993Z][RAG-REBUILD] 파싱 미지원 첨부 형식, 메타데이터만 본문에 포함 예정: KakaoTalk_20251016_184653386.mp4 (video/mp4)
[2026-08-04T11:49:03.994Z][RAG-REBUILD] 파싱 미지원 첨부 형식, 메타데이터만 본문에 포함 예정: KakaoTalk_20251013_152939797.mp4 (video/mp4)
[2026-08-04T11:49:03.994Z][RAG-REBUILD] 파싱 미지원 첨부 형식, 메타데이터만 본문에 포함 예정: G-TLD_Hongik University.mp4 (video/mp4)
[2026-08-04T11:49:03.994Z][RAG-REBUILD] 파싱 미지원 첨부 형식, 메타데이터만 본문에 포함 예정: G-TLD_Hoka.mp4 (video/mp4)
[2026-08-04T11:49:03.995Z][RAG-REBUILD] 파싱 미지원 첨부 형식, 메타데이터만 본문에 포함 예정: G-TLD_CES.mp4 (video/mp4)
[2026-08-04T11:49:03.995Z][RAG-REBUILD] 파싱 미지원 첨부 형식, 메타데이터만 본문에 포함 예정: G-TLD_BUS.mp4 (video/mp4)
[2026-08-04T11:49:03.995Z][RAG-REBUILD] 파싱 미지원 첨부 형식, 메타데이터만 본문에 포함 예정: 스미토모.mp4 (video/mp4)
[2026-08-04T11:49:03.996Z][RAG-REBUILD] 파싱 미지원 첨부 형식, 메타데이터만 본문에 포함 예정: 2025년 국립중앙박물관 COB1.53 설치 사례.mp4 (video/mp4)
[2026-08-04T11:49:03.998Z][RAG-REBUILD] 파싱 미지원 첨부 형식, 메타데이터만 본문에 포함 예정: KakaoTalk_Video_2026-07-28-09-22-28.mp4 (video/mp4)
[2026-08-04T11:49:03.998Z][RAG-REBUILD] 파싱 미지원 첨부 형식, 메타데이터만 본문에 포함 예정: KakaoTalk_Video_2026-07-28-09-22-35.mp4 (video/mp4)
[2026-08-04T11:49:03.998Z][RAG-REBUILD] 파싱 미지원 첨부 형식, 메타데이터만 본문에 포함 예정: KakaoTalk_Video_2026-07-28-09-22-41.mp4 (video/mp4)
[2026-08-04T11:49:03.998Z][RAG-REBUILD] 파싱 미지원 첨부 형식, 메타데이터만 본문에 포함 예정: KakaoTalk_Video_2026-07-28-09-22-48.mp4 (video/mp4)
[2026-08-04T11:49:03.998Z][RAG-REBUILD] 파싱 미지원 첨부 형식, 메타데이터만 본문에 포함 예정: KakaoTalk_Video_2026-07-28-09-22-54.mp4 (video/mp4)
[2026-08-04T11:49:03.998Z][RAG-REBUILD] 파싱 미지원 첨부 형식, 메타데이터만 본문에 포함 예정: KakaoTalk_Video_2026-07-28-09-23-05.mp4 (video/mp4)
[2026-08-04T11:49:03.998Z][RAG-REBUILD] 파싱 미지원 첨부 형식, 메타데이터만 본문에 포함 예정: KakaoTalk_Video_2026-07-28-09-23-11.mp4 (video/mp4)
[2026-08-04T11:49:03.998Z][RAG-REBUILD] 파싱 미지원 첨부 형식, 메타데이터만 본문에 포함 예정: KakaoTalk_Video_2026-07-28-16-46-11.mp4 (video/mp4)
[2026-08-04T11:49:03.998Z][RAG-REBUILD] 파싱 미지원 첨부 형식, 메타데이터만 본문에 포함 예정: KakaoTalk_Video_2026-07-28-16-46-46.mp4 (video/mp4)
[2026-08-04T11:49:03.999Z][RAG-REBUILD] 파싱 미지원 첨부 형식, 메타데이터만 본문에 포함 예정: 비밀유지및거래보호계약서(디플럭스-실리콘큐브).hwp (unknown)
[2026-08-04T11:49:04.001Z][RAG-REBUILD] 파싱 미지원 첨부 형식, 메타데이터만 본문에 포함 예정: 화면 기록 2026-06-20 오후 7.18.21.mov (video/quicktime)
[2026-08-04T11:49:04.003Z][RAG-REBUILD] 파싱 미지원 첨부 형식, 메타데이터만 본문에 포함 예정: KakaoTalk_Video_2026-05-10-14-25-25.mp4 (video/mp4)
[2026-08-04T11:49:04.013Z][RAG-REBUILD] 파싱 미지원 첨부 형식, 메타데이터만 본문에 포함 예정: CremaXample.exe (application/x-msdownload)
[2026-08-04T11:49:04.018Z][RAG-REBUILD] 파싱 미지원 첨부 형식, 메타데이터만 본문에 포함 예정: 화면 기록 2026-06-27 오전 6.59.15.mov (video/quicktime)
[2026-08-04T11:49:04.019Z][RAG-REBUILD] 파싱 미지원 첨부 형식, 메타데이터만 본문에 포함 예정: _talkf_wzc5u730qA_w0QcXNt3AR0NzRImDK2Ch0_f_e3e84459a45f 2.MP4 (video/mp4)
[2026-08-04T11:49:04.019Z][RAG-REBUILD] 파싱 미지원 첨부 형식, 메타데이터만 본문에 포함 예정: _talkf_wzc5u730qA_w0QcXNt3AR0NzRImDK2Ch0_f_e3e84459a45f.MP4 (video/mp4)
[2026-08-04T11:49:04.019Z][RAG-REBUILD] 파싱 미지원 첨부 형식, 메타데이터만 본문에 포함 예정: _talkf_wzc7lJZN7U_5LkTDBZz1x10BYxK7eP7Ik_f_e236cc9d6298 2.MP4 (video/mp4)
[2026-08-04T11:49:04.019Z][RAG-REBUILD] 파싱 미지원 첨부 형식, 메타데이터만 본문에 포함 예정: _talkf_wzc7lJZN7U_5LkTDBZz1x10BYxK7eP7Ik_f_e236cc9d6298.MP4 (video/mp4)
[2026-08-04T11:49:04.020Z][RAG-REBUILD] 파싱 미지원 첨부 형식, 메타데이터만 본문에 포함 예정: _talkf_wzM72BH2sd_PbWOThKHgsL9fpe4oQ91e1_f_81d284e251e6.mp4 (video/mp4)
[2026-08-04T11:49:04.020Z][RAG-REBUILD] 파싱 미지원 첨부 형식, 메타데이터만 본문에 포함 예정: Pop Girl.mp4 (video/mp4)
[2026-08-04T11:49:04.025Z][RAG-REBUILD] 파싱 미지원 첨부 형식, 메타데이터만 본문에 포함 예정: MG79RU5UfVYVqUhkjF9R5cQk4ME.avif (image/avif)
[2026-08-04T11:49:04.034Z][RAG-REBUILD] 파싱 미지원 첨부 형식, 메타데이터만 본문에 포함 예정: 구매자금 협조 요청서 .hwpx (unknown)
[2026-08-04T11:49:04.057Z][RAG-REBUILD] 파싱 미지원 첨부 형식, 메타데이터만 본문에 포함 예정: stock_recommend_quant.py (text/x-python-script)
[2026-08-04T11:49:04.064Z][RAG-REBUILD] 파싱 미지원 첨부 형식, 메타데이터만 본문에 포함 예정: 화면 기록 2026-05-17 오후 4.18.12.mov (video/quicktime)
[2026-08-04T11:49:04.110Z][RAG-REBUILD] 파싱 미지원 첨부 형식, 메타데이터만 본문에 포함 예정: _talkv_dJMcaFwQdZz_oqbpypnj9z1EyeIKUHUJDK_talkv_high.mp4 (video/mp4)
[2026-08-04T11:49:04.110Z][RAG-REBUILD] 파싱 미지원 첨부 형식, 메타데이터만 본문에 포함 예정: _talkv_dJMcaFXUAdx_DYZz62JRA0dVGDVCjZtXY1_talkv_high.mp4 (video/mp4)
[2026-08-04T11:49:04.111Z][RAG-REBUILD] 파싱 미지원 첨부 형식, 메타데이터만 본문에 포함 예정: _talkv_dJMcawNsvx1_PVh0aN4KKFkNVP7QCsjbk0_talkv_high.mp4 (video/mp4)
[2026-08-04T11:49:04.111Z][RAG-REBUILD] 파싱 미지원 첨부 형식, 메타데이터만 본문에 포함 예정: _talkv_dJMcaxevpwU_VPfd13QHUdhyvaLlvXX4Zk_talkv_high.mp4 (video/mp4)
[2026-08-04T11:49:04.112Z][RAG-REBUILD] 파싱 미지원 첨부 형식, 메타데이터만 본문에 포함 예정: _talkv_wzPwfZuyGG_xbNnSu4TlwSK41mhy6xoN1_talkv_high.mp4 (video/mp4)
[2026-08-04T11:49:04.112Z][RAG-REBUILD] 파싱 미지원 첨부 형식, 메타데이터만 본문에 포함 예정: IMG_1096.MOV (video/quicktime)
[2026-08-04T11:49:04.112Z][RAG-REBUILD] 파싱 미지원 첨부 형식, 메타데이터만 본문에 포함 예정: IMG_1097.MOV (video/quicktime)
[2026-08-04T11:49:04.113Z][RAG-REBUILD] 파싱 미지원 첨부 형식, 메타데이터만 본문에 포함 예정: IMG_1098.MOV (video/quicktime)
[2026-08-04T11:49:04.139Z][RAG-REBUILD] 파싱 미지원 첨부 형식, 메타데이터만 본문에 포함 예정: Manual_QNS-FC_5M_Jp.ai (application/postscript)
[2026-08-04T11:49:04.139Z][RAG-REBUILD] 파싱 미지원 첨부 형식, 메타데이터만 본문에 포함 예정: Label_MountingTemplate_QNS-FC_5M.ai (application/postscript)
[2026-08-04T11:49:04.140Z][RAG-REBUILD] 파싱 미지원 첨부 형식, 메타데이터만 본문에 포함 예정: IP-VAV_&_Wi-F260410韓国版.mp4 (video/mp4)
[2026-08-04T11:49:04.140Z][RAG-REBUILD] 파싱 미지원 첨부 형식, 메타데이터만 본문에 포함 예정: AIが創る、次世代のスマートオフィス韓国語字幕.mp4 (video/mp4)
[2026-08-04T11:49:04.141Z][RAG-REBUILD] 파싱 미지원 첨부 형식, 메타데이터만 본문에 포함 예정: 회의녹음_20260719_110055.mp3 (audio/mpeg)
[2026-08-04T11:49:04.141Z][RAG-REBUILD] 파싱 미지원 첨부 형식, 메타데이터만 본문에 포함 예정: 회의녹음_20260719_070135.mp3 (audio/mpeg)
[2026-08-04T11:49:04.174Z][RAG-REBUILD] 파싱 미지원 첨부 형식, 메타데이터만 본문에 포함 예정: 퇴사자_노하우를_살려내는_에이전틱_AI_집사.m4a (audio/x-m4a)
[2026-08-04T11:49:04.174Z][RAG-REBUILD] 파싱 미지원 첨부 형식, 메타데이터만 본문에 포함 예정: 매출_0원_선언한_정읍_AI의_폐쇄망_전략.m4a (audio/x-m4a)
[2026-08-04T11:49:04.176Z][RAG-REBUILD] 파싱 미지원 첨부 형식, 메타데이터만 본문에 포함 예정: LIG DNA 창업기업 사업계획서_3차 수정 (260802).hwp (unknown)
[2026-08-04T11:49:04.178Z][RAG-REBUILD] 파싱 미지원 첨부 형식, 메타데이터만 본문에 포함 예정: easystation_lig_ai_failure_dashboard_ui_video (1).svg (image/svg+xml)
[2026-08-04T11:49:04.178Z][RAG-REBUILD] 파싱 미지원 첨부 형식, 메타데이터만 본문에 포함 예정: easystation_lig_ai_failure_dashboard_ui_video.svg (image/svg+xml)
[2026-08-04T11:49:04.179Z][RAG-REBUILD] 파싱 미지원 첨부 형식, 메타데이터만 본문에 포함 예정: easystation_lig_ai_failure_dashboard_ui (1).svg (image/svg+xml)
[2026-08-04T11:49:04.179Z][RAG-REBUILD] 파싱 미지원 첨부 형식, 메타데이터만 본문에 포함 예정: easystation_lig_ai_failure_dashboard_ui.svg (image/svg+xml)
[2026-08-04T11:49:04.179Z][RAG-REBUILD] 파싱 미지원 첨부 형식, 메타데이터만 본문에 포함 예정: easystation_lig_ai_presentation_block_diagram (1).svg (image/svg+xml)
[2026-08-04T11:49:04.179Z][RAG-REBUILD] 파싱 미지원 첨부 형식, 메타데이터만 본문에 포함 예정: easystation_lig_ai_presentation_block_diagram.svg (image/svg+xml)
[2026-08-04T11:49:04.179Z][RAG-REBUILD] 파싱 미지원 첨부 형식, 메타데이터만 본문에 포함 예정: easystation_lig_failure_management_architecture (1).svg (image/svg+xml)
[2026-08-04T11:49:04.179Z][RAG-REBUILD] 파싱 미지원 첨부 형식, 메타데이터만 본문에 포함 예정: easystation_lig_failure_management_architecture.svg (image/svg+xml)
[2026-08-04T11:49:04.183Z][RAG-REBUILD] 파싱 미지원 첨부 형식, 메타데이터만 본문에 포함 예정: 1. 연구개발계획서_트리포스_v1.4.hwp (unknown)
[2026-08-04T11:49:04.183Z][RAG-REBUILD] 파싱 미지원 첨부 형식, 메타데이터만 본문에 포함 예정: 1. 연구개발계획서_트리포스_v1.5 (1).hwp (unknown)
[2026-08-04T11:49:04.183Z][RAG-REBUILD] 파싱 미지원 첨부 형식, 메타데이터만 본문에 포함 예정: 1. 연구개발계획서_트리포스_v1.7_SC.hwp (unknown)
[2026-08-04T11:49:04.183Z][RAG-REBUILD] 파싱 미지원 첨부 형식, 메타데이터만 본문에 포함 예정: 1. 연구개발계획서_트리포스_v1.7_SC.hwp (unknown)
[2026-08-04T11:49:04.183Z][RAG-REBUILD] 파싱 미지원 첨부 형식, 메타데이터만 본문에 포함 예정: 1. 연구개발계획서_트리포스_v1.99.hwp (unknown)
[2026-08-04T11:49:04.183Z][RAG-REBUILD] 파싱 미지원 첨부 형식, 메타데이터만 본문에 포함 예정: 1. 연구개발계획서_트리포스_v1.999.hwp (unknown)
[2026-08-04T11:49:04.183Z][RAG-REBUILD] 파싱 미지원 첨부 형식, 메타데이터만 본문에 포함 예정: 1. 연구개발계획서_트리포스_v1.9999_SC.hwp (unknown)
[2026-08-04T11:49:04.183Z][RAG-REBUILD] 파싱 미지원 첨부 형식, 메타데이터만 본문에 포함 예정: 1. 연구개발계획서_트리포스_v1.9999_SC.hwp (unknown)
[2026-08-04T11:49:04.183Z][RAG-REBUILD] 파싱 미지원 첨부 형식, 메타데이터만 본문에 포함 예정: 연구개발계획서_트리포스_최종.hwp (unknown)
[2026-08-04T11:49:04.183Z][RAG-REBUILD] 파싱 미지원 첨부 형식, 메타데이터만 본문에 포함 예정: 연구개발계획서_트리포스_최종-1.1.hwp (unknown)
[2026-08-04T11:49:04.184Z][RAG-REBUILD] 파싱 미지원 첨부 형식, 메타데이터만 본문에 포함 예정: [붙임 3] 4대 업무혁신 분야 및 품목개요서 (1).hwpx (unknown)
[2026-08-04T11:49:04.184Z][RAG-REBUILD] 파싱 미지원 첨부 형식, 메타데이터만 본문에 포함 예정: [붙임 1-1] 신청방법 및 신청 또는 지원 제외사항 등 유의사항.hwpx (unknown)
[2026-08-04T11:49:04.184Z][RAG-REBUILD] 파싱 미지원 첨부 형식, 메타데이터만 본문에 포함 예정: [붙임 1-2] 중소기업기술개발 지원사업 보안대책.hwpx (unknown)
[2026-08-04T11:49:04.184Z][RAG-REBUILD] 파싱 미지원 첨부 형식, 메타데이터만 본문에 포함 예정: [붙임 2] 2026년도 중소기업기술혁신개발(도메인특화AI모델개발) 세부 지원내용.hwpx (unknown)
[2026-08-04T11:49:04.184Z][RAG-REBUILD] 파싱 미지원 첨부 형식, 메타데이터만 본문에 포함 예정: [붙임 3] 4대 업무혁신 분야 및 품목개요서.hwpx (unknown)
[2026-08-04T11:49:04.184Z][RAG-REBUILD] 파싱 미지원 첨부 형식, 메타데이터만 본문에 포함 예정: 1. 연구개발계획서 양식.hwp (unknown)
[2026-08-04T11:49:04.184Z][RAG-REBUILD] 파싱 미지원 첨부 형식, 메타데이터만 본문에 포함 예정: 2. 신용상태 조회 정보활용 동의서.hwp (unknown)
[2026-08-04T11:49:04.184Z][RAG-REBUILD] 파싱 미지원 첨부 형식, 메타데이터만 본문에 포함 예정: 3. 중소기업기술개발사업 개인정보 수집이용 동의서.hwp (unknown)
[2026-08-04T11:49:04.184Z][RAG-REBUILD] 파싱 미지원 첨부 형식, 메타데이터만 본문에 포함 예정: 4. 외부기술도입비 현물산정 신청서.hwp (unknown)
[2026-08-04T11:49:04.184Z][RAG-REBUILD] 파싱 미지원 첨부 형식, 메타데이터만 본문에 포함 예정: 5. 컨소시엄 확약서.hwp (unknown)
[2026-08-04T11:49:04.184Z][RAG-REBUILD] 파싱 미지원 첨부 형식, 메타데이터만 본문에 포함 예정: spc 지비전K연새비상 주식회사 연세대 교직원식당 한경관 어울샘 관련 ai _1777854322831.hwp (unknown)
[2026-08-04T11:49:04.185Z][RAG-REBUILD] 파싱 미지원 첨부 형식, 메타데이터만 본문에 포함 예정: 최요한 연세대학교 상남경영관 관련내용 (1)_1777854341309.hwp (unknown)
[2026-08-04T11:49:04.185Z][RAG-REBUILD] 파싱 미지원 첨부 형식, 메타데이터만 본문에 포함 예정: 공모중점기술7종컨셉예시_yh수정.hwpx (unknown)
[2026-08-04T11:49:04.189Z][RAG-REBUILD] 파싱 미지원 첨부 형식, 메타데이터만 본문에 포함 예정: easystation_architecture_kr.svg (image/svg+xml)
[2026-08-04T11:49:04.191Z][RAG-REBUILD] 파싱 미지원 첨부 형식, 메타데이터만 본문에 포함 예정: 화면 기록 2026-07-02 오후 10.13.57.mov (video/quicktime)
[2026-08-04T11:49:04.196Z][RAG-REBUILD] 파싱 미지원 첨부 형식, 메타데이터만 본문에 포함 예정: 이_캐릭터_이미지를_사용하고_초동안_오른쪽_팔을_반.mp4 (video/mp4)
[2026-08-04T11:49:04.196Z][RAG-REBUILD] 파싱 미지원 첨부 형식, 메타데이터만 본문에 포함 예정: 이_캐릭터_이미지를_사용하고_초동안_오른쪽_팔을_반 (1).mp4 (video/mp4)
[2026-08-04T11:49:04.196Z][RAG-REBUILD] 파싱 미지원 첨부 형식, 메타데이터만 본문에 포함 예정: 이_캐릭터_이미지를_사용하고_초동안_오른쪽_팔을_반 (2).mp4 (video/mp4)
[2026-08-04T11:49:04.196Z][RAG-REBUILD] 파싱 미지원 첨부 형식, 메타데이터만 본문에 포함 예정: 화면 기록 2026-06-28 오후 12.14.49.mov (video/quicktime)
[2026-08-04T11:49:04.216Z][RAG-REBUILD] 파싱 미지원 첨부 형식, 메타데이터만 본문에 포함 예정: 통화 녹음 KC 하승한 부사장.성장전략실. 한홍규전무소개.더에이스테크.25.9.25.이성하대표님소개회사._260506_103303.m4a (audio/x-m4a)
[2026-08-04T11:49:04.216Z][RAG-REBUILD] 파싱 미지원 첨부 형식, 메타데이터만 본문에 포함 예정: AAA.m4a (audio/x-m4a)
[2026-08-04T11:49:04.216Z][RAG-REBUILD] 파싱 미지원 첨부 형식, 메타데이터만 본문에 포함 예정: _talkv_wy5gXQr7YD_In47ccAPApINSVeaf2STY1_talkv_high.mov (video/quicktime)
[2026-08-04T11:49:04.216Z][RAG-REBUILD] 파싱 미지원 첨부 형식, 메타데이터만 본문에 포함 예정: towel_sequence_hist_eq.mp4 (video/mp4)
[2026-08-04T11:49:04.216Z][RAG-REBUILD] 파싱 미지원 첨부 형식, 메타데이터만 본문에 포함 예정: SBS_AVM.mp4 (video/mp4)
[2026-08-04T11:49:04.217Z][RAG-REBUILD] 파싱 미지원 첨부 형식, 메타데이터만 본문에 포함 예정: 60504_090852 복사본.m4a (audio/x-m4a)
[2026-08-04T11:49:04.218Z][RAG-REBUILD] 파싱 미지원 첨부 형식, 메타데이터만 본문에 포함 예정: 60504_090852 복사본.m4a (audio/x-m4a)
[2026-08-04T11:49:04.218Z][RAG-REBUILD] 파싱 미지원 첨부 형식, 메타데이터만 본문에 포함 예정: 60504_090852 복사본.m4a (audio/x-m4a)
[2026-08-04T11:49:04.218Z][RAG-REBUILD] 파싱 미지원 첨부 형식, 메타데이터만 본문에 포함 예정: 60504_090852 복사본.m4a (audio/x-m4a)
[2026-08-04T11:49:04.218Z][RAG-REBUILD] 파싱 미지원 첨부 형식, 메타데이터만 본문에 포함 예정: 60504_090852.m4a (audio/x-m4a)
[2026-08-04T11:49:04.219Z][RAG-REBUILD] 첨부 파일 없음, 건너뜀: audio.m4a (/home/freegear/EasyDocStation/Database/ObjectFile/ch-1776440801214/c545d592-42ff-40e7-810f-d93a3a1eff2b/audio.m4a)
[2026-08-04T11:49:04.219Z][RAG-REBUILD] 첨부 파일 없음, 건너뜀: audio.m4a (/home/freegear/EasyDocStation/Database/ObjectFile/ch-1776440801214/5d296ced-64e8-4181-bb6f-b33f55ce3141/audio.m4a)
[2026-08-04T11:49:04.220Z][RAG-REBUILD] 첨부 파일 없음, 건너뜀: audio.m4a (/home/freegear/EasyDocStation/Database/ObjectFile/ch-1776440801214/cc2b7f02-f9c8-49d0-95c2-a9e2cc7491db/audio.m4a)
[2026-08-04T11:49:04.224Z][RAG-REBUILD] 파싱 미지원 첨부 형식, 메타데이터만 본문에 포함 예정: KakaoTalk_Video_2026-07-22-17-37-46.mp4 (video/mp4)
[2026-08-04T11:49:04.224Z][RAG-REBUILD] 파싱 미지원 첨부 형식, 메타데이터만 본문에 포함 예정: KakaoTalk_Video_2026-07-22-17-37-52.mp4 (video/mp4)
[2026-08-04T11:49:04.233Z][RAG-REBUILD] 파싱 미지원 첨부 형식, 메타데이터만 본문에 포함 예정: media1.mp4 (video/mp4)
[2026-08-04T11:49:04.235Z][RAG-REBUILD] 파싱 미지원 첨부 형식, 메타데이터만 본문에 포함 예정: KakaoTalk_Video_2026-06-20-09-42-35.mp4 (video/mp4)
[2026-08-04T11:49:04.301Z][RAG-REBUILD] 파싱 미지원 첨부 형식, 메타데이터만 본문에 포함 예정: 이_캐릭터_이미지를_사용하고_초동안_오른쪽_팔을_반.mp4 (video/mp4)
[2026-08-04T11:49:04.303Z][RAG-REBUILD] 파싱 미지원 첨부 형식, 메타데이터만 본문에 포함 예정: 이_캐릭터_이미지를_사용하고_초동안_오른쪽_팔을_반 (1).mp4 (video/mp4)
[2026-08-04T11:49:04.304Z][RAG-REBUILD] 파싱 미지원 첨부 형식, 메타데이터만 본문에 포함 예정: 이_캐릭터_이미지를_사용하고_초동안_오른쪽_팔을_반 (2).mp4 (video/mp4)
[2026-08-04T11:49:04.305Z][RAG-REBUILD] 파싱 미지원 첨부 형식, 메타데이터만 본문에 포함 예정: 화면 기록 2026-06-28 오후 12.14.49.mov (video/quicktime)
[2026-08-04T11:49:04.363Z][RAG-REBUILD] 파싱 미지원 첨부 형식, 메타데이터만 본문에 포함 예정: 2026년 예비창업패키지 사업계획서_1.1.hwp (unknown)
[2026-08-04T11:49:04.364Z][RAG-REBUILD] 파싱 미지원 첨부 형식, 메타데이터만 본문에 포함 예정: 2026년 예비창업패키지 사업계획서_1.2.hwp (unknown)
[2026-08-04T11:49:04.364Z][RAG-REBUILD] 파싱 미지원 첨부 형식, 메타데이터만 본문에 포함 예정: 2026년 예비창업패키지 사업계획서_1.3.hwp (unknown)
[2026-08-04T11:49:04.390Z][RAG-REBUILD] 파싱 미지원 첨부 형식, 메타데이터만 본문에 포함 예정: 화면 기록 2026-05-02 오후 11.32.16.mov (video/quicktime)
[2026-08-04T11:49:04.390Z][RAG-REBUILD] 파싱 미지원 첨부 형식, 메타데이터만 본문에 포함 예정: 화면 기록 2026-05-02 오전 9.51.34.mp4 (video/mp4)
[2026-08-04T11:49:04.442Z][RAG-REBUILD] 파싱 미지원 첨부 형식, 메타데이터만 본문에 포함 예정: 화면 기록 2026-05-02 오전 9.51.34.mov (video/quicktime)
[2026-08-04T11:49:04.613Z][RAG-REBUILD] 파싱 미지원 첨부 형식, 메타데이터만 본문에 포함 예정: CremaXample.exe (application/x-msdownload)
[2026-08-04T11:49:04.634Z][RAG-REBUILD] 파싱 미지원 첨부 형식, 메타데이터만 본문에 포함 예정: media1.mp4 (video/mp4)
[2026-08-04T11:49:04.655Z][RAG-REBUILD] 파싱 미지원 첨부 형식, 메타데이터만 본문에 포함 예정: spc 지비전K연새비상 주식회사 연세대 교직원식당 한경관 어울샘 관련 ai _1777854322831.hwp (unknown)
[2026-08-04T11:49:04.691Z][RAG-REBUILD] 파싱 미지원 첨부 형식, 메타데이터만 본문에 포함 예정: _talkv_wy5gXQr7YD_In47ccAPApINSVeaf2STY1_talkv_high.mov (video/quicktime)
[2026-08-04T11:49:04.692Z][RAG-REBUILD] 파싱 미지원 첨부 형식, 메타데이터만 본문에 포함 예정: towel_sequence_hist_eq.mp4 (video/mp4)
[2026-08-04T11:49:04.693Z][RAG-REBUILD] 파싱 미지원 첨부 형식, 메타데이터만 본문에 포함 예정: SBS_AVM.mp4 (video/mp4)
[2026-08-04T11:49:04.709Z][RAG-REBUILD] 파싱 미지원 첨부 형식, 메타데이터만 본문에 포함 예정: [붙임 1-1] 신청방법 및 신청 또는 지원 제외사항 등 유의사항.hwpx (unknown)
[2026-08-04T11:49:04.709Z][RAG-REBUILD] 파싱 미지원 첨부 형식, 메타데이터만 본문에 포함 예정: [붙임 1-2] 중소기업기술개발 지원사업 보안대책.hwpx (unknown)
[2026-08-04T11:49:04.709Z][RAG-REBUILD] 파싱 미지원 첨부 형식, 메타데이터만 본문에 포함 예정: [붙임 2] 2026년도 중소기업기술혁신개발(도메인특화AI모델개발) 세부 지원내용.hwpx (unknown)
[2026-08-04T11:49:04.709Z][RAG-REBUILD] 파싱 미지원 첨부 형식, 메타데이터만 본문에 포함 예정: [붙임 3] 4대 업무혁신 분야 및 품목개요서.hwpx (unknown)
[2026-08-04T11:49:04.710Z][RAG-REBUILD] 파싱 미지원 첨부 형식, 메타데이터만 본문에 포함 예정: 1. 연구개발계획서 양식.hwp (unknown)
[2026-08-04T11:49:04.710Z][RAG-REBUILD] 파싱 미지원 첨부 형식, 메타데이터만 본문에 포함 예정: 2. 신용상태 조회 정보활용 동의서.hwp (unknown)
[2026-08-04T11:49:04.710Z][RAG-REBUILD] 파싱 미지원 첨부 형식, 메타데이터만 본문에 포함 예정: 3. 중소기업기술개발사업 개인정보 수집이용 동의서.hwp (unknown)
[2026-08-04T11:49:04.710Z][RAG-REBUILD] 파싱 미지원 첨부 형식, 메타데이터만 본문에 포함 예정: 4. 외부기술도입비 현물산정 신청서.hwp (unknown)
[2026-08-04T11:49:04.710Z][RAG-REBUILD] 파싱 미지원 첨부 형식, 메타데이터만 본문에 포함 예정: 5. 컨소시엄 확약서.hwp (unknown)
[2026-08-04T11:49:04.732Z][RAG-REBUILD] 파싱 미지원 첨부 형식, 메타데이터만 본문에 포함 예정: KakaoTalk_Video_2026-07-28-16-46-11.mp4 (video/mp4)
[2026-08-04T11:49:04.732Z][RAG-REBUILD] 파싱 미지원 첨부 형식, 메타데이터만 본문에 포함 예정: KakaoTalk_Video_2026-07-28-16-46-46.mp4 (video/mp4)
[2026-08-04T11:49:04.853Z][RAG-REBUILD] 파싱 미지원 첨부 형식, 메타데이터만 본문에 포함 예정: easystation_architecture_kr.svg (image/svg+xml)
[2026-08-04T11:49:04.908Z][RAG-REBUILD] 파싱 미지원 첨부 형식, 메타데이터만 본문에 포함 예정: 1. 연구개발계획서_트리포스_v1.5 (1).hwp (unknown)
[2026-08-04T11:49:04.908Z][RAG-REBUILD] 파싱 미지원 첨부 형식, 메타데이터만 본문에 포함 예정: 1. 연구개발계획서_트리포스_v1.7_SC.hwp (unknown)
[2026-08-04T11:49:04.910Z][RAG-REBUILD] 파싱 미지원 첨부 형식, 메타데이터만 본문에 포함 예정: 1. 연구개발계획서_트리포스_v1.7_SC.hwp (unknown)
[2026-08-04T11:49:04.911Z][RAG-REBUILD] 파싱 미지원 첨부 형식, 메타데이터만 본문에 포함 예정: 1. 연구개발계획서_트리포스_v1.99.hwp (unknown)
[2026-08-04T11:49:04.914Z][RAG-REBUILD] 파싱 미지원 첨부 형식, 메타데이터만 본문에 포함 예정: 1. 연구개발계획서_트리포스_v1.999.hwp (unknown)
[2026-08-04T11:49:04.916Z][RAG-REBUILD] 파싱 미지원 첨부 형식, 메타데이터만 본문에 포함 예정: 1. 연구개발계획서_트리포스_v1.9999_SC.hwp (unknown)
[2026-08-04T11:49:04.919Z][RAG-REBUILD] 파싱 미지원 첨부 형식, 메타데이터만 본문에 포함 예정: 1. 연구개발계획서_트리포스_v1.9999_SC.hwp (unknown)
[2026-08-04T11:49:04.931Z][RAG-REBUILD] 파싱 미지원 첨부 형식, 메타데이터만 본문에 포함 예정: 연구개발계획서_트리포스_최종.hwp (unknown)
[2026-08-04T11:49:04.933Z][RAG-REBUILD] 파싱 미지원 첨부 형식, 메타데이터만 본문에 포함 예정: 연구개발계획서_트리포스_최종-1.1.hwp (unknown)
[2026-08-04T11:49:04.969Z][RAG-REBUILD] 파싱 미지원 첨부 형식, 메타데이터만 본문에 포함 예정: MG79RU5UfVYVqUhkjF9R5cQk4ME.avif (image/avif)
[2026-08-04T11:49:04.987Z][RAG-REBUILD] 학습 대상: 게시글 926건, 댓글 1172건, 첨부 1688건
[2026-08-04T11:49:06.472Z][RAG-REBUILD] 게시글 배치 학습 1/93: 10건
/home/freegear/EasyDocStation/server/rag_train.py:152: DeprecationWarning: `langchain-community` is being sunset and is no longer actively maintained. See https://github.com/langchain-ai/langchain-community/issues/674 for details and migration guidance toward standalone integration packages.
  from langchain_community.document_loaders import Docx2txtLoader
[RAG] 테이블 생성 경합 감지, 기존 테이블 사용: Table 'my_rag_table_v4_docling' already exists
[RAG] post=0d4a6b15-d0ad-4dea-a52b-893077b4b858 text → 1청크
[RAG] post=be4ff771-e4b9-4872-8885-8e3b7e546097 text → 1청크
[RAG] 이미지 학습 시작: ChatGPT Image 2026년 7월 12일 오후 08_20_44.png
[RAG] Gemma 이미지 설명 완료 (page=1, 36.6s): 2737자
[RAG] 이미지 학습 완료: ChatGPT Image 2026년 7월 12일 오후 08_20_44.png (5청크)
[RAG] 학습 진행률: 10% (게시글 이미지)
[RAG] post=aee9f15a-38b5-4c46-b055-3c3969497e36 text → 1청크
[RAG] PDF 학습 시작: 2026-07-11-엠텍비전.xlsx.pdf
[RAG] PDF 파싱 시작 (Unstructured fast): 2026-07-11-엠텍비전.xlsx.pdf
[RAG] PDF 파싱 완료 (Unstructured fast): 2026-07-11-엠텍비전.xlsx.pdf / elements=45 / 0.5s
[RAG] PDF 학습 완료: 2026-07-11-엠텍비전.xlsx.pdf (2청크)
[RAG] 분리 저장 완료: /home/freegear/EasyDocStation/Database/ObjectFile/FileTrainingData/aee9f15a-38b5-4c46-b055-3c3969497e36/no_comment/13162897-a750-47a4-be75-f4ef76e1431a/2026-07-11-엠텍비전.xlsx.pdf
[RAG] 학습 진행률: 20% (게시글 PDF)
[RAG] docling 학습 시작: 2026-07-11-엠텍비전.xlsx (excel)
[RAG] 문서 학습 완료: 2026-07-11-엠텍비전.xlsx (docling, 97청크, 2.4s)
[RAG] post=892d4b66-1227-48bc-acb1-508f699308ff text → 3청크
[RAG] 학습 진행률: 30% (게시글 본문)
[RAG] PDF 학습 시작: 2026_0708_ 'AI 활용 RTL 설계·검증 자동화 플랫폼' 구축 미팅(w_SiliconCube).pdf
[RAG] PDF 파싱 시작 (Unstructured fast): 2026_0708_ 'AI 활용 RTL 설계·검증 자동화 플랫폼' 구축 미팅(w_SiliconCube).pdf
Could not get FontBBox from font descriptor because None cannot be parsed as 4 floats
Could not get FontBBox from font descriptor because None cannot be parsed as 4 floats
Could not get FontBBox from font descriptor because None cannot be parsed as 4 floats
[RAG] PDF 파싱 완료 (Unstructured fast): 2026_0708_ 'AI 활용 RTL 설계·검증 자동화 플랫폼' 구축 미팅(w_SiliconCube).pdf / elements=71 / 0.1s
[RAG] PDF 학습 완료: 2026_0708_ 'AI 활용 RTL 설계·검증 자동화 플랫폼' 구축 미팅(w_SiliconCube).pdf (5청크)
[RAG] 분리 저장 완료: /home/freegear/EasyDocStation/Database/ObjectFile/FileTrainingData/892d4b66-1227-48bc-acb1-508f699308ff/no_comment/80e3e42b-34af-4ef9-9d55-e27261267505/2026_0708__AI_활용_RTL_설계_검증_자동화_플랫폼_구축_미팅_w_SiliconCube_.pdf
[RAG] PDF 학습 시작: 2026.07 MTekVision 제안서.pdf
[RAG] PDF 파싱 시작 (Unstructured fast): 2026.07 MTekVision 제안서.pdf
[RAG] PDF 파싱 완료 (Unstructured fast): 2026.07 MTekVision 제안서.pdf / elements=52 / 0.1s
[RAG] PDF 학습 완료: 2026.07 MTekVision 제안서.pdf (4청크)
[RAG] 분리 저장 완료: /home/freegear/EasyDocStation/Database/ObjectFile/FileTrainingData/892d4b66-1227-48bc-acb1-508f699308ff/no_comment/b2afe148-3072-4a62-afdf-89da9da61940/2026.07_MTekVision_제안서.pdf
[RAG] PDF 학습 시작: 2026-07-11-엠텍비전.pdf
[RAG] PDF 파싱 시작 (Unstructured fast): 2026-07-11-엠텍비전.pdf
[RAG] PDF 파싱 완료 (Unstructured fast): 2026-07-11-엠텍비전.pdf / elements=45 / 0.0s
[RAG] PDF 학습 완료: 2026-07-11-엠텍비전.pdf (2청크)
[RAG] 분리 저장 완료: /home/freegear/EasyDocStation/Database/ObjectFile/FileTrainingData/892d4b66-1227-48bc-acb1-508f699308ff/no_comment/4b5c44c2-696a-4c53-a5a4-cdd0621c5b2d/2026-07-11-엠텍비전.pdf
[RAG] 학습 진행률: 40% (게시글 PDF)
[RAG] PDF 학습 시작: 2026-07-11-엠텍비전.pdf
[RAG] PDF 파싱 시작 (Unstructured fast): 2026-07-11-엠텍비전.pdf
[RAG] PDF 파싱 완료 (Unstructured fast): 2026-07-11-엠텍비전.pdf / elements=46 / 0.0s
[RAG] PDF 학습 완료: 2026-07-11-엠텍비전.pdf (2청크)
[RAG] 분리 저장 완료: /home/freegear/EasyDocStation/Database/ObjectFile/FileTrainingData/892d4b66-1227-48bc-acb1-508f699308ff/no_comment/ac6cfec8-df40-46e7-b1e7-6000d6e06ffd/2026-07-11-엠텍비전.pdf
[RAG] PDF 학습 시작: 2026.07 MTekVision 제안서.pdf
[RAG] PDF 파싱 시작 (Unstructured fast): 2026.07 MTekVision 제안서.pdf
[RAG] PDF 파싱 완료 (Unstructured fast): 2026.07 MTekVision 제안서.pdf / elements=52 / 0.0s
[RAG] PDF 학습 완료: 2026.07 MTekVision 제안서.pdf (4청크)
[RAG] 분리 저장 완료: /home/freegear/EasyDocStation/Database/ObjectFile/FileTrainingData/892d4b66-1227-48bc-acb1-508f699308ff/no_comment/cb14c9d8-af9c-41b1-9ef0-470701a9d076/2026.07_MTekVision_제안서.pdf
[RAG] 학습 진행률: 50% (게시글 PDF)
[RAG] 이미지 학습 시작: Gemini_Generated_Image_8a2t818a2t818a2t.png
[RAG] Gemma 이미지 설명 완료 (page=1, 42.4s): 3253자
[RAG] 이미지 학습 완료: Gemini_Generated_Image_8a2t818a2t818a2t.png (5청크)
[RAG] post=cb82fd88-3a05-40c7-9cd5-36a0e1c44ac1 text → 1청크
[RAG] 학습 진행률: 60% (게시글 본문)
[RAG] post=a775b934-f510-41b4-afaa-693dfb345078 text → 1청크
[RAG] post=2f87ee3b-5a3f-496f-a13e-06083d75930f text → 1청크
[RAG] 이미지 학습 시작: 스크린샷 2026-06-26 오전 4.00.41.png
[RAG] Gemma 이미지 설명 완료 (page=1, 44.7s): 2805자
[RAG] 이미지 학습 완료: 스크린샷 2026-06-26 오전 4.00.41.png (5청크)
[RAG] 학습 진행률: 70% (게시글 이미지)
[RAG] docling 학습 시작: EasyDocStation (offline) (1).html (html)
[RAG] 문서 학습 완료: EasyDocStation (offline) (1).html (docling, 1청크, 0.1s)
[RAG] post=dff62c12-47e7-4e2f-a2c6-fc33f9dc0e82 text → 5청크
[RAG] 학습 진행률: 80% (게시글 본문)
[RAG] post=5db304e1-7831-4a78-8a32-b442cf63cef1 text → 1청크
[RAG] post=e96b2108-b952-4974-84e3-42324436e266 text → 1청크
[RAG] 학습 진행률: 90% (게시글 본문)
[RAG] docling 학습 시작: slides_20260603015702.pptx (presentation)
[RAG] 문서 학습 완료: slides_20260603015702.pptx (docling, 8청크, 0.3s)
[RAG] 저장 완료 — 156청크 / 10개 게시글 / 0개 댓글 / 0개 폴더문서
[RAG] 학습 진행률: 100% (저장)
[2026-08-04T11:51:23.814Z][RAG-REBUILD] 게시글 배치 학습 2/93: 10건
/home/freegear/EasyDocStation/server/rag_train.py:152: DeprecationWarning: `langchain-community` is being sunset and is no longer actively maintained. See https://github.com/langchain-ai/langchain-community/issues/674 for details and migration guidance toward standalone integration packages.
  from langchain_community.document_loaders import Docx2txtLoader
[RAG] 테이블 생성 경합 감지, 기존 테이블 사용: Table 'my_rag_table_v4_docling' already exists
[RAG] post=81de8c45-1b3c-4655-8239-1a71751f5f2e text → 1청크
[RAG] docling 학습 시작: 임종윤대표.xls (excel)
[RAG] 문서 학습 완료: 임종윤대표.xls (docling, 11청크, 2.0s)
[RAG] post=85a541a2-46b0-43a6-9f63-4b5648bd6f65 text → 1청크
[RAG] 학습 진행률: 10% (게시글 본문)
[RAG] PDF 학습 시작: 2026-GTLDkey.pdf
[RAG] PDF 파싱 시작 (Unstructured fast): 2026-GTLDkey.pdf
Ignoring wrong pointing object 36 0 (offset 0)
Ignoring wrong pointing object 37 0 (offset 0)
[RAG] PDF 학습 완료: 2026-GTLDkey.pdf (3청크)
[RAG] 분리 저장 완료: /home/freegear/EasyDocStation/Database/ObjectFile/FileTrainingData/85a541a2-46b0-43a6-9f63-4b5648bd6f65/no_comment/7486c51d-0df9-424f-b633-a56faba44f75/2026-GTLDkey.pdf
[RAG] docling 학습 시작: 2026-GTLDkey.pptx (presentation)
/home/freegear/EasyDocStation/.venv/lib/python3.12/site-packages/docling_core/types/doc/document.py:310: UserWarning: Provenance bbox coordinate t on page 4 is outside page bounds: value=13854073.0 > hi=13716000.0; clamping to 13716000.0
  prov.bbox = cls._clamp_bbox_to_page(
[RAG] 문서 학습 완료: 2026-GTLDkey.pptx (docling, 2청크, 0.7s)
[RAG] post=4e2ee88e-b7cc-445c-8249-1e7a825ae5c0 text → 1청크
[RAG] 학습 진행률: 20% (게시글 본문)
[RAG] docling 학습 시작: SEE BEYOND THE SCREEN .pptx (presentation)
[RAG] 문서 학습 완료: SEE BEYOND THE SCREEN .pptx (docling, 15청크, 0.5s)
[RAG] post=fc9cfec0-335d-4a09-a3ba-a6824264026a text → 1청크
[RAG] docling 학습 시작: G-TLD 일본 단가표_수정 (1).xlsx (excel)
[RAG] 문서 학습 완료: G-TLD 일본 단가표_수정 (1).xlsx (docling, 15청크, 0.3s)
[RAG] 학습 진행률: 30% (게시글 Excel)
[RAG] docling 학습 시작: G-TLD 일본 단가표_수정_1.1.xlsx (excel)
[RAG] 문서 학습 완료: G-TLD 일본 단가표_수정_1.1.xlsx (docling, 15청크, 0.4s)
[RAG] post=c29aec5a-2d32-4671-8f14-94af4b717f21 text → 1청크
[RAG] Word docling 학습 시작: 업무협력 및 해외판매 계약서_1.2.docx
[RAG] Word 학습 완료: 업무협력 및 해외판매 계약서_1.2.docx (docling, 6청크)
[RAG] 학습 진행률: 40% (게시글 Word)
[RAG] Word docling 학습 시작: 위임장_동우화인켐_1.3.docx
[RAG] Word 학습 완료: 위임장_동우화인켐_1.3.docx (docling, 5청크)
[RAG] Word docling 학습 시작: 위임장_동우화인켐_1.2.docx
[RAG] Word 학습 완료: 위임장_동우화인켐_1.2.docx (docling, 5청크)
[RAG] 학습 진행률: 50% (게시글 Word)
[RAG] post=6b1455a2-0a28-4b5b-82b1-cfac5e768b6a text → 1청크
[RAG] Word docling 학습 시작: 업무협력 및 해외판매 계약서.docx
[RAG] Word 학습 완료: 업무협력 및 해외판매 계약서.docx (docling, 6청크)
[RAG] post=d407acd9-0803-41f0-83e6-c8e002a66c7a text → 1청크
[RAG] 학습 진행률: 60% (게시글 본문)
[RAG] Word docling 학습 시작: 위임장_DongWoo_1.2.docx
[RAG] Word 학습 완료: 위임장_DongWoo_1.2.docx (docling, 5청크)
[RAG] post=f7e94527-e499-4188-88a8-8d7907872b94 text → 3청크
[RAG] post=92ab1e0b-56e8-4997-a403-c081271e778c text → 1청크
[RAG] 학습 진행률: 70% (게시글 본문)
[RAG] PDF 학습 시작: GTLD leaflet.pdf
[RAG] PDF 파싱 시작 (Unstructured fast): GTLD leaflet.pdf
[RAG] PDF 파싱 완료 (Unstructured fast): GTLD leaflet.pdf / elements=528 / 1.9s
[RAG] PDF 학습 완료: GTLD leaflet.pdf (21청크)
[RAG] 분리 저장 완료: /home/freegear/EasyDocStation/Database/ObjectFile/FileTrainingData/92ab1e0b-56e8-4997-a403-c081271e778c/no_comment/7db94e5b-1ff4-4a0b-9a40-601bd94fc316/GTLD_leaflet.pdf
[RAG] PDF 학습 시작: GTLD.pdf
[RAG] PDF 파싱 시작 (Unstructured fast): GTLD.pdf
[RAG] PDF 파싱 완료 (Unstructured fast): GTLD.pdf / elements=189 / 0.3s
[RAG] PDF 학습 완료: GTLD.pdf (10청크)
[RAG] 분리 저장 완료: /home/freegear/EasyDocStation/Database/ObjectFile/FileTrainingData/92ab1e0b-56e8-4997-a403-c081271e778c/no_comment/bb314fb3-8b43-4098-b65d-508a33b338ed/GTLD.pdf
[RAG] PDF 학습 시작: 2026 DFLUX CATALOGUE_V1.pdf
[RAG] PDF 파싱 시작 (Unstructured fast): 2026 DFLUX CATALOGUE_V1.pdf
[RAG] PDF 학습 완료: 2026 DFLUX CATALOGUE_V1.pdf (60청크)
[RAG] 분리 저장 완료: /home/freegear/EasyDocStation/Database/ObjectFile/FileTrainingData/92ab1e0b-56e8-4997-a403-c081271e778c/no_comment/e2e5d161-785b-4784-8fd8-342a8e247cf5/2026_DFLUX_CATALOGUE_V1.pdf
[RAG] 학습 진행률: 80% (게시글 PDF)
[RAG] PDF 학습 시작: 2026 DFLUX CATALOGUE_V2_JP Version.pdf
[RAG] PDF 파싱 시작 (Unstructured fast): 2026 DFLUX CATALOGUE_V2_JP Version.pdf
Cannot set non-stroke color because expected 4 components but got [1]
Cannot set non-stroke color because expected 4 components but got [1]
Cannot set non-stroke color because expected 4 components but got [1]
Cannot set non-stroke color because expected 4 components but got [1]
Cannot set non-stroke color because expected 4 components but got [1]
[RAG] PDF 학습 완료: 2026 DFLUX CATALOGUE_V2_JP Version.pdf (28청크)
[RAG] 분리 저장 완료: /home/freegear/EasyDocStation/Database/ObjectFile/FileTrainingData/92ab1e0b-56e8-4997-a403-c081271e778c/no_comment/8b893328-d3f4-40d3-95e3-970431877161/2026_DFLUX_CATALOGUE_V2_JP_Version.pdf
[RAG] PDF 학습 시작: 2026 DFLUX CATALOGUE_V2.pdf
[RAG] PDF 파싱 시작 (Unstructured fast): 2026 DFLUX CATALOGUE_V2.pdf
Cannot set non-stroke color because expected 4 components but got [1]
Cannot set non-stroke color because expected 4 components but got [1]
Cannot set non-stroke color because expected 4 components but got [1]
Cannot set non-stroke color because expected 4 components but got [1]
Cannot set non-stroke color because expected 4 components but got [1]
[RAG] PDF 학습 완료: 2026 DFLUX CATALOGUE_V2.pdf (26청크)
[RAG] 분리 저장 완료: /home/freegear/EasyDocStation/Database/ObjectFile/FileTrainingData/92ab1e0b-56e8-4997-a403-c081271e778c/no_comment/c923b889-8348-4834-855b-e9c577fb6e57/2026_DFLUX_CATALOGUE_V2.pdf
[RAG] PDF 학습 시작: 2026 DFLUX CATALOGUE_V3.pdf
[RAG] PDF 파싱 시작 (Unstructured fast): 2026 DFLUX CATALOGUE_V3.pdf
Cannot set non-stroke color because expected 3 components but got [1]
Cannot set non-stroke color because expected 3 components but got [1]
Cannot set non-stroke color because expected 3 components but got [1]
Cannot set non-stroke color because expected 3 components but got [1]
Cannot set non-stroke color because expected 3 components but got [1]
[RAG] PDF 파싱 완료 (Unstructured fast): 2026 DFLUX CATALOGUE_V3.pdf / elements=430 / 1.2s
[RAG] PDF 학습 완료: 2026 DFLUX CATALOGUE_V3.pdf (36청크)
[RAG] 분리 저장 완료: /home/freegear/EasyDocStation/Database/ObjectFile/FileTrainingData/92ab1e0b-56e8-4997-a403-c081271e778c/no_comment/4052cf28-773d-4b34-9477-af7af86cc5d1/2026_DFLUX_CATALOGUE_V3.pdf
[RAG] 학습 진행률: 90% (게시글 PDF)
[RAG] post=8f1507f7-fb8f-42bc-a121-deb4b4352d28 text → 1청크
[RAG] 저장 완료 — 281청크 / 10개 게시글 / 0개 댓글 / 0개 폴더문서
[RAG] 학습 진행률: 100% (저장)
[2026-08-04T11:51:51.745Z][RAG-REBUILD] 게시글 배치 학습 3/93: 10건
/home/freegear/EasyDocStation/server/rag_train.py:152: DeprecationWarning: `langchain-community` is being sunset and is no longer actively maintained. See https://github.com/langchain-ai/langchain-community/issues/674 for details and migration guidance toward standalone integration packages.
  from langchain_community.document_loaders import Docx2txtLoader
[RAG] 테이블 생성 경합 감지, 기존 테이블 사용: Table 'my_rag_table_v4_docling' already exists
[RAG] post=39380665-9606-40cd-8466-93a657d7dd57 text → 1청크
[RAG] post=756dc9b5-18cd-4384-b9b5-f83e51e654ce text → 1청크
[RAG] 학습 진행률: 10% (게시글 본문)
[RAG] post=404a196e-ccfc-4f4c-84f7-ba3cbd5de038 text → 1청크
[RAG] 학습 진행률: 20% (게시글 본문)
[RAG] post=6763087d-f1d6-4092-a47d-ae5cf20d1046 text → 1청크
[RAG] 학습 진행률: 30% (게시글 본문)
[RAG] post=843f34ac-eada-46de-a1bd-9be823f9d6a9 text → 1청크
[RAG] 학습 진행률: 40% (게시글 본문)
[RAG] post=7d22e279-9742-4ced-89d4-f3c2755f917d text → 1청크
[RAG] 학습 진행률: 50% (게시글 본문)
[RAG] post=1207ef61-ae8f-49f3-991e-9ab2b60f5b7f text → 1청크
[RAG] post=eaeb3e2d-d4cd-4d3f-8f8b-043f1261a625 text → 1청크
[RAG] 학습 진행률: 60% (게시글 본문)
[RAG] post=500d2109-feab-46fe-9a0b-e180be093fd1 text → 1청크
[RAG] 학습 진행률: 70% (게시글 본문)
[RAG] post=e096671a-da0a-4907-a5a4-0dbf5209c696 text → 1청크
[RAG] 학습 진행률: 80% (게시글 본문)
[RAG] docling 학습 시작: 202604 G-TLD 표준제안서.pptx (presentation)
/home/freegear/EasyDocStation/.venv/lib/python3.12/site-packages/docling_core/types/doc/document.py:310: UserWarning: Provenance bbox coordinate r on page 1 is outside page bounds: value=19442677.0 > hi=18288000.0; clamping to 18288000.0
  prov.bbox = cls._clamp_bbox_to_page(
/home/freegear/EasyDocStation/.venv/lib/python3.12/site-packages/docling_core/types/doc/document.py:310: UserWarning: Provenance bbox coordinate l on page 3 is outside page bounds: value=-342604.0 < lo=0.0; clamping to 0.0
  prov.bbox = cls._clamp_bbox_to_page(
/home/freegear/EasyDocStation/.venv/lib/python3.12/site-packages/docling_core/types/doc/document.py:310: UserWarning: Provenance bbox coordinate l on page 3 is outside page bounds: value=-655762.0 < lo=0.0; clamping to 0.0
  prov.bbox = cls._clamp_bbox_to_page(
/home/freegear/EasyDocStation/.venv/lib/python3.12/site-packages/docling_core/types/doc/document.py:310: UserWarning: Provenance bbox coordinate l on page 4 is outside page bounds: value=-342604.0 < lo=0.0; clamping to 0.0
  prov.bbox = cls._clamp_bbox_to_page(
/home/freegear/EasyDocStation/.venv/lib/python3.12/site-packages/docling_core/types/doc/document.py:310: UserWarning: Provenance bbox coordinate l on page 5 is outside page bounds: value=-342604.0 < lo=0.0; clamping to 0.0
  prov.bbox = cls._clamp_bbox_to_page(
/home/freegear/EasyDocStation/.venv/lib/python3.12/site-packages/docling_core/types/doc/document.py:310: UserWarning: Provenance bbox coordinate l on page 6 is outside page bounds: value=-342604.0 < lo=0.0; clamping to 0.0
  prov.bbox = cls._clamp_bbox_to_page(
/home/freegear/EasyDocStation/.venv/lib/python3.12/site-packages/docling_core/types/doc/document.py:310: UserWarning: Provenance bbox coordinate l on page 7 is outside page bounds: value=-342604.0 < lo=0.0; clamping to 0.0
  prov.bbox = cls._clamp_bbox_to_page(
/home/freegear/EasyDocStation/.venv/lib/python3.12/site-packages/docling_core/types/doc/document.py:310: UserWarning: Provenance bbox coordinate l on page 8 is outside page bounds: value=-342604.0 < lo=0.0; clamping to 0.0
  prov.bbox = cls._clamp_bbox_to_page(
/home/freegear/EasyDocStation/.venv/lib/python3.12/site-packages/docling_core/types/doc/document.py:310: UserWarning: Provenance bbox coordinate l on page 9 is outside page bounds: value=-342604.0 < lo=0.0; clamping to 0.0
  prov.bbox = cls._clamp_bbox_to_page(
/home/freegear/EasyDocStation/.venv/lib/python3.12/site-packages/docling_core/types/doc/document.py:310: UserWarning: Provenance bbox coordinate l on page 10 is outside page bounds: value=-342604.0 < lo=0.0; clamping to 0.0
  prov.bbox = cls._clamp_bbox_to_page(
/home/freegear/EasyDocStation/.venv/lib/python3.12/site-packages/docling_core/types/doc/document.py:310: UserWarning: Provenance bbox coordinate l on page 11 is outside page bounds: value=-342604.0 < lo=0.0; clamping to 0.0
  prov.bbox = cls._clamp_bbox_to_page(
/home/freegear/EasyDocStation/.venv/lib/python3.12/site-packages/docling_core/types/doc/document.py:310: UserWarning: Provenance bbox coordinate l on page 12 is outside page bounds: value=-342604.0 < lo=0.0; clamping to 0.0
  prov.bbox = cls._clamp_bbox_to_page(
/home/freegear/EasyDocStation/.venv/lib/python3.12/site-packages/docling_core/types/doc/document.py:310: UserWarning: Provenance bbox coordinate l on page 13 is outside page bounds: value=-342604.0 < lo=0.0; clamping to 0.0
  prov.bbox = cls._clamp_bbox_to_page(
[RAG] 문서 학습 완료: 202604 G-TLD 표준제안서.pptx (docling, 12청크, 2.7s)
[RAG] 학습 진행률: 90% (게시글 PPT)
[RAG] 저장 완료 — 22청크 / 10개 게시글 / 0개 댓글 / 0개 폴더문서
[RAG] 학습 진행률: 100% (저장)
[2026-08-04T11:52:00.247Z][RAG-REBUILD] 게시글 배치 학습 4/93: 10건
/home/freegear/EasyDocStation/server/rag_train.py:152: DeprecationWarning: `langchain-community` is being sunset and is no longer actively maintained. See https://github.com/langchain-ai/langchain-community/issues/674 for details and migration guidance toward standalone integration packages.
  from langchain_community.document_loaders import Docx2txtLoader
[RAG] 테이블 생성 경합 감지, 기존 테이블 사용: Table 'my_rag_table_v4_docling' already exists
[RAG] post=f6a32f35-6618-474e-a95e-af1ae4b7a1ab text → 1청크
[RAG] post=230819f2-bdd8-4a83-a9db-234b7397e5a8 text → 1청크
[RAG] PDF 학습 시작: IR_포지티브섬_외부공유용_V202601pdf.pdf
[RAG] PDF 파싱 시작 (Unstructured fast): IR_포지티브섬_외부공유용_V202601pdf.pdf
[RAG] PDF 파싱 완료 (Unstructured fast): IR_포지티브섬_외부공유용_V202601pdf.pdf / elements=416 / 2.0s
[RAG] PDF 학습 완료: IR_포지티브섬_외부공유용_V202601pdf.pdf (22청크)
[RAG] 분리 저장 완료: /home/freegear/EasyDocStation/Database/ObjectFile/FileTrainingData/230819f2-bdd8-4a83-a9db-234b7397e5a8/no_comment/1a9e3432-782a-4886-a1b2-dcac6a599384/IR_포지티브섬_외부공유용_V202601pdf.pdf
[RAG] post=3d239121-50a7-4247-8853-f02216c75261 text → 1청크
[RAG] 학습 진행률: 10% (게시글 본문)
[RAG] PDF 학습 시작: DFlux_회사(제품)소개서.pdf
[RAG] PDF 파싱 시작 (Unstructured fast): DFlux_회사(제품)소개서.pdf
Cannot set non-stroke color because expected 3 components but got [1]
Cannot set non-stroke color because expected 3 components but got [1]
Cannot set non-stroke color because expected 3 components but got [1]
Cannot set non-stroke color because expected 3 components but got [1]
Cannot set non-stroke color because expected 3 components but got [1]
[RAG] PDF 파싱 완료 (Unstructured fast): DFlux_회사(제품)소개서.pdf / elements=430 / 0.9s
[RAG] PDF 학습 완료: DFlux_회사(제품)소개서.pdf (36청크)
[RAG] 분리 저장 완료: /home/freegear/EasyDocStation/Database/ObjectFile/FileTrainingData/3d239121-50a7-4247-8853-f02216c75261/no_comment/c8958b8f-2898-4e01-bd27-3e0ab709defc/DFlux_회사_제품_소개서.pdf
[RAG] post=e6541993-1842-483d-b1e8-974525a562db text → 1청크
[RAG] PDF 학습 시작: 2026 DFlux Company Introduction (1).pdf
[RAG] PDF 파싱 시작 (Unstructured fast): 2026 DFlux Company Introduction (1).pdf
[RAG] PDF 파싱 완료 (Unstructured fast): 2026 DFlux Company Introduction (1).pdf / elements=4 / 0.6s
[RAG] PDF 학습 완료: 2026 DFlux Company Introduction (1).pdf (3청크)
[RAG] 분리 저장 완료: /home/freegear/EasyDocStation/Database/ObjectFile/FileTrainingData/e6541993-1842-483d-b1e8-974525a562db/no_comment/2eaad6a4-a4fb-4649-a7fe-8659f3a10d7e/2026_DFlux_Company_Introduction_1_.pdf
[RAG] PDF 학습 시작: 2026 DFLUX DIGITAL SIGNAGE CATALOGUE (1).pdf
[RAG] PDF 파싱 시작 (Unstructured fast): 2026 DFLUX DIGITAL SIGNAGE CATALOGUE (1).pdf
Cannot set non-stroke color because expected 4 components but got [1]
Cannot set non-stroke color because expected 4 components but got [1]
Cannot set non-stroke color because expected 4 components but got [1]
Cannot set non-stroke color because expected 4 components but got [1]
Cannot set non-stroke color because expected 4 components but got [1]
[RAG] PDF 학습 완료: 2026 DFLUX DIGITAL SIGNAGE CATALOGUE (1).pdf (26청크)
[RAG] 분리 저장 완료: /home/freegear/EasyDocStation/Database/ObjectFile/FileTrainingData/e6541993-1842-483d-b1e8-974525a562db/no_comment/c788e747-0908-4914-bad3-0646c2817bd5/2026_DFLUX_DIGITAL_SIGNAGE_CATALOGUE_1_.pdf
[RAG] 학습 진행률: 20% (게시글 PDF)
[RAG] post=f953d222-7234-454b-a68c-e068adb567b2 text → 1청크
[RAG] post=8786bd5b-368b-4fea-8a04-439e9ec0c709 text → 1청크
[RAG] PDF 학습 시작: Formolight AGOB-ACOB Product Global 2025 1.3(ACOB AGOB-T).pdf
[RAG] PDF 파싱 시작 (Unstructured fast): Formolight AGOB-ACOB Product Global 2025 1.3(ACOB AGOB-T).pdf
[RAG] PDF 파싱 완료 (Unstructured fast): Formolight AGOB-ACOB Product Global 2025 1.3(ACOB AGOB-T).pdf / elements=30 / 0.2s
[RAG] PDF 학습 완료: Formolight AGOB-ACOB Product Global 2025 1.3(ACOB AGOB-T).pdf (16청크)
[RAG] 분리 저장 완료: /home/freegear/EasyDocStation/Database/ObjectFile/FileTrainingData/8786bd5b-368b-4fea-8a04-439e9ec0c709/no_comment/af9c799f-db76-4d4d-b01f-7f9b4e697c3e/Formolight_AGOB-ACOB_Product_Global_2025_1.3_ACOB_AGOB-T_.pdf
[RAG] PDF 학습 시작: Quotation-transparent-LED-display_20260628.pdf
[RAG] PDF 파싱 시작 (Unstructured fast): Quotation-transparent-LED-display_20260628.pdf
[RAG] PDF 파싱 완료 (Unstructured fast): Quotation-transparent-LED-display_20260628.pdf / elements=32 / 0.0s
[RAG] PDF 학습 완료: Quotation-transparent-LED-display_20260628.pdf (1청크)
[RAG] 분리 저장 완료: /home/freegear/EasyDocStation/Database/ObjectFile/FileTrainingData/8786bd5b-368b-4fea-8a04-439e9ec0c709/no_comment/dff86bd3-0cc0-42ac-8884-26a951765310/Quotation-transparent-LED-display_20260628.pdf
[RAG] 학습 진행률: 30% (게시글 PDF)
[RAG] docling 학습 시작: flexible_transparent_display_for_glass_EN.pptx (presentation)
/home/freegear/EasyDocStation/.venv/lib/python3.12/site-packages/docling/backend/mspowerpoint_backend.py:1264: UserWarning: Skipping malformed picture shape: cannot find loader for this WMF file
  self._handle_pictures(
/home/freegear/EasyDocStation/.venv/lib/python3.12/site-packages/docling/backend/mspowerpoint_backend.py:1264: UserWarning: Skipping malformed picture shape: cannot find loader for this WMF file
  self._handle_pictures(
/home/freegear/EasyDocStation/.venv/lib/python3.12/site-packages/docling/backend/mspowerpoint_backend.py:1264: UserWarning: Skipping malformed picture shape: cannot find loader for this WMF file
  self._handle_pictures(
/home/freegear/EasyDocStation/.venv/lib/python3.12/site-packages/docling/backend/mspowerpoint_backend.py:1264: UserWarning: Skipping malformed picture shape: cannot find loader for this WMF file
  self._handle_pictures(
/home/freegear/EasyDocStation/.venv/lib/python3.12/site-packages/docling_core/types/doc/document.py:310: UserWarning: Provenance bbox coordinate l on page 4 is outside page bounds: value=-182420.0 < lo=0.0; clamping to 0.0
  prov.bbox = cls._clamp_bbox_to_page(
[RAG] 문서 학습 완료: flexible_transparent_display_for_glass_EN.pptx (docling, 5청크, 0.8s)
[RAG] post=a91a4b49-ab76-422c-a8ed-679692129bdd text → 1청크
[RAG] PDF 학습 시작: Company_introduction.pptx (1).pdf
[RAG] PDF 파싱 시작 (Unstructured fast): Company_introduction.pptx (1).pdf
[RAG] PDF 파싱 완료 (Unstructured fast): Company_introduction.pptx (1).pdf / elements=255 / 0.6s
[RAG] PDF 학습 완료: Company_introduction.pptx (1).pdf (24청크)
[RAG] 분리 저장 완료: /home/freegear/EasyDocStation/Database/ObjectFile/FileTrainingData/a91a4b49-ab76-422c-a8ed-679692129bdd/no_comment/cbf8af84-cdb4-43e0-8a68-6cf84edd4e02/Company_introduction.pptx_1_.pdf
[RAG] post=4b318672-e8f6-4732-855d-f6ede18b606f text → 1청크
[RAG] 학습 진행률: 40% (게시글 본문)
[RAG] PDF 학습 시작: 감사 추적 인증서.pdf
[RAG] PDF 파싱 시작 (Unstructured fast): 감사 추적 인증서.pdf
[RAG] PDF 파싱 완료 (Unstructured fast): 감사 추적 인증서.pdf / elements=76 / 0.1s
[RAG] PDF 학습 완료: 감사 추적 인증서.pdf (3청크)
[RAG] 분리 저장 완료: /home/freegear/EasyDocStation/Database/ObjectFile/FileTrainingData/4b318672-e8f6-4732-855d-f6ede18b606f/no_comment/7d7febdd-470d-45ac-8c7f-e11b065d0fc2/감사_추적_인증서.pdf
[RAG] PDF 학습 시작: 비밀유지 및 거래보호 계약서(디플럭스-실리콘큐브).pdf
[RAG] PDF 파싱 시작 (Unstructured fast): 비밀유지 및 거래보호 계약서(디플럭스-실리콘큐브).pdf
[RAG] PDF 파싱 완료 (Unstructured fast): 비밀유지 및 거래보호 계약서(디플럭스-실리콘큐브).pdf / elements=75 / 0.2s
[RAG] PDF 학습 완료: 비밀유지 및 거래보호 계약서(디플럭스-실리콘큐브).pdf (4청크)
[RAG] 분리 저장 완료: /home/freegear/EasyDocStation/Database/ObjectFile/FileTrainingData/4b318672-e8f6-4732-855d-f6ede18b606f/no_comment/aa2a8900-bb53-4327-a716-8dfd54161884/비밀유지_및_거래보호_계약서_디플럭스-실리콘큐브_.pdf
[RAG] PDF 학습 시작: 감사 추적 인증서 (1).pdf
[RAG] PDF 파싱 시작 (Unstructured fast): 감사 추적 인증서 (1).pdf
[RAG] PDF 파싱 완료 (Unstructured fast): 감사 추적 인증서 (1).pdf / elements=76 / 0.1s
[RAG] PDF 학습 완료: 감사 추적 인증서 (1).pdf (3청크)
[RAG] 분리 저장 완료: /home/freegear/EasyDocStation/Database/ObjectFile/FileTrainingData/4b318672-e8f6-4732-855d-f6ede18b606f/no_comment/b544377b-2895-4064-9dfa-0336166dac42/감사_추적_인증서_1_.pdf
[RAG] PDF 학습 시작: 해외판매협력계약서 (실리콘큐브-디플럭스).pdf
[RAG] PDF 파싱 시작 (Unstructured fast): 해외판매협력계약서 (실리콘큐브-디플럭스).pdf
[RAG] PDF 파싱 완료 (Unstructured fast): 해외판매협력계약서 (실리콘큐브-디플럭스).pdf / elements=133 / 0.3s
[RAG] PDF 학습 완료: 해외판매협력계약서 (실리콘큐브-디플럭스).pdf (12청크)
[RAG] 분리 저장 완료: /home/freegear/EasyDocStation/Database/ObjectFile/FileTrainingData/4b318672-e8f6-4732-855d-f6ede18b606f/no_comment/fa341b38-10e8-48a0-a68f-bab9ebb96300/해외판매협력계약서_실리콘큐브-디플럭스_.pdf
[RAG] 학습 진행률: 50% (게시글 PDF)
[RAG] post=59f560e7-e262-44b8-b5ee-5f2b5d580484 text → 1청크
[RAG] 이미지 학습 시작: KakaoTalk_Photo_2026-07-28-16-43-10 001.jpeg
[RAG] Gemma 이미지 설명 완료 (page=1, 35.3s): 2179자
[RAG] 이미지 학습 완료: KakaoTalk_Photo_2026-07-28-16-43-10 001.jpeg (4청크)
[RAG] 이미지 학습 시작: KakaoTalk_Photo_2026-07-28-16-43-11 002.jpeg
[RAG] Gemma 이미지 설명 완료 (page=1, 35.0s): 2130자
[RAG] 이미지 학습 완료: KakaoTalk_Photo_2026-07-28-16-43-11 002.jpeg (4청크)
[RAG] 이미지 학습 시작: KakaoTalk_Photo_2026-07-28-16-43-11 003.jpeg
[RAG] Gemma 이미지 설명 완료 (page=1, 34.7s): 2015자
[RAG] 이미지 학습 완료: KakaoTalk_Photo_2026-07-28-16-43-11 003.jpeg (3청크)
[RAG] 학습 진행률: 60% (게시글 이미지)
[RAG] 이미지 학습 시작: KakaoTalk_Photo_2026-07-28-16-43-11 004.jpeg
[RAG] Gemma 이미지 설명 완료 (page=1, 37.9s): 2269자
[RAG] 이미지 학습 완료: KakaoTalk_Photo_2026-07-28-16-43-11 004.jpeg (3청크)
[RAG] 이미지 학습 시작: KakaoTalk_Photo_2026-07-28-16-43-11 005.jpeg
[RAG] Gemma 이미지 설명 완료 (page=1, 39.5s): 2509자
[RAG] 이미지 학습 완료: KakaoTalk_Photo_2026-07-28-16-43-11 005.jpeg (5청크)
[RAG] 이미지 학습 시작: KakaoTalk_Photo_2026-07-28-16-43-11 006.jpeg
[RAG] Gemma 이미지 설명 완료 (page=1, 38.5s): 2224자
[RAG] 이미지 학습 완료: KakaoTalk_Photo_2026-07-28-16-43-11 006.jpeg (4청크)
[RAG] 이미지 학습 시작: KakaoTalk_Photo_2026-07-28-16-43-11 007.jpeg
[RAG] Gemma 이미지 설명 완료 (page=1, 36.2s): 2124자
[RAG] 이미지 학습 완료: KakaoTalk_Photo_2026-07-28-16-43-11 007.jpeg (3청크)
[RAG] 학습 진행률: 70% (게시글 이미지)
[RAG] 이미지 학습 시작: KakaoTalk_Photo_2026-07-28-16-43-11 008.jpeg
[RAG] Gemma 이미지 설명 완료 (page=1, 35.7s): 2066자
[RAG] 이미지 학습 완료: KakaoTalk_Photo_2026-07-28-16-43-11 008.jpeg (4청크)
[RAG] 이미지 학습 시작: KakaoTalk_Photo_2026-07-28-16-43-11 009.jpeg
[RAG] Gemma 이미지 설명 완료 (page=1, 32.6s): 2038자
[RAG] 이미지 학습 완료: KakaoTalk_Photo_2026-07-28-16-43-11 009.jpeg (4청크)
[RAG] 이미지 학습 시작: KakaoTalk_Photo_2026-07-28-16-43-11 010.jpeg
[RAG] Gemma 이미지 설명 완료 (page=1, 35.0s): 2179자
[RAG] 이미지 학습 완료: KakaoTalk_Photo_2026-07-28-16-43-11 010.jpeg (5청크)
[RAG] 이미지 학습 시작: KakaoTalk_Photo_2026-07-28-16-43-11 011.jpeg
[RAG] Gemma 이미지 설명 완료 (page=1, 34.9s): 2328자
[RAG] 이미지 학습 완료: KakaoTalk_Photo_2026-07-28-16-43-11 011.jpeg (3청크)
[RAG] 학습 진행률: 80% (게시글 이미지)
[RAG] 이미지 학습 시작: KakaoTalk_Photo_2026-07-28-16-43-11 012.jpeg
[RAG] Gemma 이미지 설명 완료 (page=1, 35.2s): 2262자
[RAG] 이미지 학습 완료: KakaoTalk_Photo_2026-07-28-16-43-11 012.jpeg (4청크)
[RAG] 이미지 학습 시작: KakaoTalk_Photo_2026-07-28-16-43-11 013.jpeg
[RAG] Gemma 이미지 설명 완료 (page=1, 34.1s): 2230자
[RAG] 이미지 학습 완료: KakaoTalk_Photo_2026-07-28-16-43-11 013.jpeg (3청크)
[RAG] post=28532a44-c7f1-4f79-b0b5-05f41220b743 text → 1청크
[RAG] 이미지 학습 시작: KakaoTalk_Photo_2026-07-28-09-21-54 001.jpeg
[RAG] Gemma 이미지 설명 완료 (page=1, 37.0s): 2283자
[RAG] 이미지 학습 완료: KakaoTalk_Photo_2026-07-28-09-21-54 001.jpeg (4청크)
[RAG] 학습 진행률: 90% (게시글 이미지)
[RAG] 이미지 학습 시작: KakaoTalk_Photo_2026-07-28-09-21-54 002.jpeg
[RAG] Gemma 이미지 설명 완료 (page=1, 34.7s): 1987자
[RAG] 이미지 학습 완료: KakaoTalk_Photo_2026-07-28-09-21-54 002.jpeg (4청크)
[RAG] 이미지 학습 시작: KakaoTalk_Photo_2026-07-28-09-21-54 003.jpeg
[RAG] Gemma 이미지 설명 완료 (page=1, 36.2s): 2193자
[RAG] 이미지 학습 완료: KakaoTalk_Photo_2026-07-28-09-21-54 003.jpeg (4청크)
[RAG] 이미지 학습 시작: KakaoTalk_Photo_2026-07-28-09-21-55 004.jpeg
[RAG] Gemma 이미지 설명 완료 (page=1, 37.4s): 2158자
[RAG] 이미지 학습 완료: KakaoTalk_Photo_2026-07-28-09-21-55 004.jpeg (4청크)
[RAG] 저장 완료 — 230청크 / 10개 게시글 / 0개 댓글 / 0개 폴더문서
[RAG] 학습 진행률: 100% (저장)
[2026-08-04T12:02:29.793Z][RAG-REBUILD] 게시글 배치 학습 5/93: 10건
/home/freegear/EasyDocStation/server/rag_train.py:152: DeprecationWarning: `langchain-community` is being sunset and is no longer actively maintained. See https://github.com/langchain-ai/langchain-community/issues/674 for details and migration guidance toward standalone integration packages.
  from langchain_community.document_loaders import Docx2txtLoader
[RAG] 테이블 생성 경합 감지, 기존 테이블 사용: Table 'my_rag_table_v4_docling' already exists
[RAG] post=db658281-5bfb-4026-bec3-8e067699b358 text → 1청크
[RAG] Word docling 학습 시작: 실리콘큐브_해외판매협력계약서 (1).docx
[RAG] Word 학습 완료: 실리콘큐브_해외판매협력계약서 (1).docx (docling, 8청크)
[RAG] 학습 진행률: 10% (게시글 Word)
[RAG] Word docling 학습 시작: 비밀유지 및 거래보호 계약서.docx
[RAG] Word 학습 완료: 비밀유지 및 거래보호 계약서.docx (docling, 3청크)
[RAG] post=121e8498-db74-4320-b490-ec825092278d text → 1청크
[RAG] 학습 진행률: 20% (게시글 본문)
[RAG] Word docling 학습 시작: 실리콘큐브_해외판매협력계약서.docx
[RAG] Word 학습 완료: 실리콘큐브_해외판매협력계약서.docx (docling, 8청크)
[RAG] post=11f57778-ceac-41a1-8e79-019a9470aad3 text → 1청크
[RAG] 학습 진행률: 30% (게시글 본문)
[RAG] post=aafa615c-799f-4e7c-9ea2-b9f1304e675f text → 1청크
[RAG] 학습 진행률: 40% (게시글 본문)
[RAG] post=9f8bc680-219a-4812-bb69-9c2b1ef5cffa text → 1청크
[RAG] Word docling 학습 시작: 업무협력 및 해외판매 계약서_1.3.docx
[RAG] Word 학습 완료: 업무협력 및 해외판매 계약서_1.3.docx (docling, 6청크)
[RAG] 학습 진행률: 50% (게시글 Word)
[RAG] post=fabf571f-1722-48ab-ae57-9f2977355d86 text → 1청크
[RAG] Word docling 학습 시작: 업무협력 및 해외판매 계약서_1.2.docx
[RAG] Word 학습 완료: 업무협력 및 해외판매 계약서_1.2.docx (docling, 6청크)
[RAG] 학습 진행률: 60% (게시글 Word)
[RAG] post=5ff27408-c605-45b2-a3a5-110cf7b5f695 text → 1청크
[RAG] 학습 진행률: 70% (게시글 본문)
[RAG] Word docling 학습 시작: 업무협력 및 해외판매 계약서_1.1.docx
[RAG] Word 학습 완료: 업무협력 및 해외판매 계약서_1.1.docx (docling, 6청크)
[RAG] post=7c7dce50-d183-4d18-980c-0703c82c0063 text → 3청크
[RAG] 학습 진행률: 80% (게시글 본문)
[RAG] post=0732a4ac-9465-4db2-be49-5b2cf9612d4a text → 2청크
[RAG] post=0d512304-6b0e-4cd2-ac48-71ca2e3e0aa4 text → 2청크
[RAG] 학습 진행률: 90% (게시글 본문)
[RAG] 저장 완료 — 51청크 / 10개 게시글 / 0개 댓글 / 0개 폴더문서
[RAG] 학습 진행률: 100% (저장)
[2026-08-04T12:02:44.233Z][RAG-REBUILD] 게시글 배치 학습 6/93: 10건
/home/freegear/EasyDocStation/server/rag_train.py:152: DeprecationWarning: `langchain-community` is being sunset and is no longer actively maintained. See https://github.com/langchain-ai/langchain-community/issues/674 for details and migration guidance toward standalone integration packages.
  from langchain_community.document_loaders import Docx2txtLoader
[RAG] 테이블 생성 경합 감지, 기존 테이블 사용: Table 'my_rag_table_v4_docling' already exists
[RAG] post=416156c4-1c65-4a54-9fa5-76477a021c8d text → 1청크
[RAG] post=493db148-a976-47af-8bb6-a36535631993 text → 1청크
[RAG] 학습 진행률: 10% (게시글 본문)
[RAG] 이미지 학습 시작: 스크린샷 2026-06-20 오전 5.11.38.png
[RAG] Gemma 이미지 설명 완료 (page=1, 57.3s): 2193자
[RAG] 이미지 학습 완료: 스크린샷 2026-06-20 오전 5.11.38.png (4청크)
[RAG] 이미지 학습 시작: 스크린샷 2026-06-20 오전 5.15.06.png
[RAG] Gemma 이미지 설명 완료 (page=1, 47.0s): 1932자
[RAG] 이미지 학습 완료: 스크린샷 2026-06-20 오전 5.15.06.png (3청크)
[RAG] 학습 진행률: 20% (게시글 이미지)
[RAG] post=6c8fe170-2b6e-4a22-a7bb-5b0f88dc87c2 text → 3청크
[RAG] post=c5c7ce90-1e3f-475d-96fc-d2af6a036900 text → 1청크
[RAG] 학습 진행률: 30% (게시글 본문)
[RAG] 이미지 학습 시작: ficon.png
[RAG] Gemma 이미지 설명 완료 (page=1, 25.5s): 1608자
[RAG] 이미지 학습 완료: ficon.png (3청크)
[RAG] 이미지 학습 시작: logo.png
[RAG] Gemma 이미지 설명 완료 (page=1, 25.9s): 1550자
[RAG] 이미지 학습 완료: logo.png (3청크)
[RAG] 학습 진행률: 40% (게시글 이미지)
[RAG] post=2ed49eeb-e83a-4cc3-bd56-d0f0cf53944a text → 1청크
[RAG] 학습 진행률: 50% (게시글 본문)
[RAG] post=cb4742d5-b3d8-4842-a725-48dd5c4efcca text → 1청크
[RAG] post=23df8d24-22e5-45e9-89ec-4528cb27cdb7 text → 1청크
[RAG] 학습 진행률: 60% (게시글 본문)
[RAG] post=64159887-159d-4959-9ec1-a7ea7a769635 text → 1청크
[RAG] PDF 학습 시작: 고연봉 급여소득자 절세 포트폴리오 결과2.pdf
[RAG] PDF 파싱 시작 (Unstructured fast): 고연봉 급여소득자 절세 포트폴리오 결과2.pdf
Could not get FontBBox from font descriptor because None cannot be parsed as 4 floats
Could not get FontBBox from font descriptor because None cannot be parsed as 4 floats
Could not get FontBBox from font descriptor because None cannot be parsed as 4 floats
Could not get FontBBox from font descriptor because None cannot be parsed as 4 floats
Could not get FontBBox from font descriptor because None cannot be parsed as 4 floats
Could not get FontBBox from font descriptor because None cannot be parsed as 4 floats
Could not get FontBBox from font descriptor because None cannot be parsed as 4 floats
Could not get FontBBox from font descriptor because None cannot be parsed as 4 floats
Could not get FontBBox from font descriptor because None cannot be parsed as 4 floats
Could not get FontBBox from font descriptor because None cannot be parsed as 4 floats
Could not get FontBBox from font descriptor because None cannot be parsed as 4 floats
Could not get FontBBox from font descriptor because None cannot be parsed as 4 floats
Could not get FontBBox from font descriptor because None cannot be parsed as 4 floats
Could not get FontBBox from font descriptor because None cannot be parsed as 4 floats
Could not get FontBBox from font descriptor because None cannot be parsed as 4 floats
Could not get FontBBox from font descriptor because None cannot be parsed as 4 floats
Could not get FontBBox from font descriptor because None cannot be parsed as 4 floats
Could not get FontBBox from font descriptor because None cannot be parsed as 4 floats
Could not get FontBBox from font descriptor because None cannot be parsed as 4 floats
Could not get FontBBox from font descriptor because None cannot be parsed as 4 floats
Could not get FontBBox from font descriptor because None cannot be parsed as 4 floats
Could not get FontBBox from font descriptor because None cannot be parsed as 4 floats
Could not get FontBBox from font descriptor because None cannot be parsed as 4 floats
Could not get FontBBox from font descriptor because None cannot be parsed as 4 floats
Could not get FontBBox from font descriptor because None cannot be parsed as 4 floats
Could not get FontBBox from font descriptor because None cannot be parsed as 4 floats
Could not get FontBBox from font descriptor because None cannot be parsed as 4 floats
Could not get FontBBox from font descriptor because None cannot be parsed as 4 floats
Could not get FontBBox from font descriptor because None cannot be parsed as 4 floats
Could not get FontBBox from font descriptor because None cannot be parsed as 4 floats
Could not get FontBBox from font descriptor because None cannot be parsed as 4 floats
Could not get FontBBox from font descriptor because None cannot be parsed as 4 floats
Could not get FontBBox from font descriptor because None cannot be parsed as 4 floats
Could not get FontBBox from font descriptor because None cannot be parsed as 4 floats
Could not get FontBBox from font descriptor because None cannot be parsed as 4 floats
Could not get FontBBox from font descriptor because None cannot be parsed as 4 floats
Could not get FontBBox from font descriptor because None cannot be parsed as 4 floats
Could not get FontBBox from font descriptor because None cannot be parsed as 4 floats
Could not get FontBBox from font descriptor because None cannot be parsed as 4 floats
Could not get FontBBox from font descriptor because None cannot be parsed as 4 floats
Could not get FontBBox from font descriptor because None cannot be parsed as 4 floats
Could not get FontBBox from font descriptor because None cannot be parsed as 4 floats
Could not get FontBBox from font descriptor because None cannot be parsed as 4 floats
Could not get FontBBox from font descriptor because None cannot be parsed as 4 floats
Could not get FontBBox from font descriptor because None cannot be parsed as 4 floats
Could not get FontBBox from font descriptor because None cannot be parsed as 4 floats
Could not get FontBBox from font descriptor because None cannot be parsed as 4 floats
Could not get FontBBox from font descriptor because None cannot be parsed as 4 floats
Could not get FontBBox from font descriptor because None cannot be parsed as 4 floats
Could not get FontBBox from font descriptor because None cannot be parsed as 4 floats
Could not get FontBBox from font descriptor because None cannot be parsed as 4 floats
Could not get FontBBox from font descriptor because None cannot be parsed as 4 floats
Could not get FontBBox from font descriptor because None cannot be parsed as 4 floats
Could not get FontBBox from font descriptor because None cannot be parsed as 4 floats
Could not get FontBBox from font descriptor because None cannot be parsed as 4 floats
Could not get FontBBox from font descriptor because None cannot be parsed as 4 floats
Could not get FontBBox from font descriptor because None cannot be parsed as 4 floats
Could not get FontBBox from font descriptor because None cannot be parsed as 4 floats
Could not get FontBBox from font descriptor because None cannot be parsed as 4 floats
Could not get FontBBox from font descriptor because None cannot be parsed as 4 floats
Could not get FontBBox from font descriptor because None cannot be parsed as 4 floats
Could not get FontBBox from font descriptor because None cannot be parsed as 4 floats
Could not get FontBBox from font descriptor because None cannot be parsed as 4 floats
Could not get FontBBox from font descriptor because None cannot be parsed as 4 floats
Could not get FontBBox from font descriptor because None cannot be parsed as 4 floats
Could not get FontBBox from font descriptor because None cannot be parsed as 4 floats
Could not get FontBBox from font descriptor because None cannot be parsed as 4 floats
Could not get FontBBox from font descriptor because None cannot be parsed as 4 floats
Could not get FontBBox from font descriptor because None cannot be parsed as 4 floats
Could not get FontBBox from font descriptor because None cannot be parsed as 4 floats
Could not get FontBBox from font descriptor because None cannot be parsed as 4 floats
Could not get FontBBox from font descriptor because None cannot be parsed as 4 floats
Could not get FontBBox from font descriptor because None cannot be parsed as 4 floats
Could not get FontBBox from font descriptor because None cannot be parsed as 4 floats
Could not get FontBBox from font descriptor because None cannot be parsed as 4 floats
Could not get FontBBox from font descriptor because None cannot be parsed as 4 floats
Could not get FontBBox from font descriptor because None cannot be parsed as 4 floats
Could not get FontBBox from font descriptor because None cannot be parsed as 4 floats
Could not get FontBBox from font descriptor because None cannot be parsed as 4 floats
Could not get FontBBox from font descriptor because None cannot be parsed as 4 floats
Could not get FontBBox from font descriptor because None cannot be parsed as 4 floats
Could not get FontBBox from font descriptor because None cannot be parsed as 4 floats
Could not get FontBBox from font descriptor because None cannot be parsed as 4 floats
Could not get FontBBox from font descriptor because None cannot be parsed as 4 floats
Could not get FontBBox from font descriptor because None cannot be parsed as 4 floats
Could not get FontBBox from font descriptor because None cannot be parsed as 4 floats
Could not get FontBBox from font descriptor because None cannot be parsed as 4 floats
Could not get FontBBox from font descriptor because None cannot be parsed as 4 floats
Could not get FontBBox from font descriptor because None cannot be parsed as 4 floats
Could not get FontBBox from font descriptor because None cannot be parsed as 4 floats
Could not get FontBBox from font descriptor because None cannot be parsed as 4 floats
Could not get FontBBox from font descriptor because None cannot be parsed as 4 floats
Could not get FontBBox from font descriptor because None cannot be parsed as 4 floats
Could not get FontBBox from font descriptor because None cannot be parsed as 4 floats
[RAG] PDF 파싱 완료 (Unstructured fast): 고연봉 급여소득자 절세 포트폴리오 결과2.pdf / elements=228 / 0.9s
[RAG] PDF 학습 완료: 고연봉 급여소득자 절세 포트폴리오 결과2.pdf (4청크)
[RAG] 분리 저장 완료: /home/freegear/EasyDocStation/Database/ObjectFile/FileTrainingData/64159887-159d-4959-9ec1-a7ea7a769635/no_comment/0a06fd7f-51bf-488e-b9b0-c538bd42ffaf/고연봉_급여소득자_절세_포트폴리오_결과2.pdf
[RAG] 학습 진행률: 70% (게시글 PDF)
[RAG] post=f7522494-d94c-4da8-acf6-233cfa47b00d text → 1청크
[RAG] post=edce00a3-5d75-4ccf-ad97-60373652263a text → 2청크
[RAG] 학습 진행률: 80% (게시글 본문)
[RAG] docling 학습 시작: ピープルカウント用カメラ設定一覧.xlsx (excel)
[RAG] 문서 학습 완료: ピープルカウント用カメラ設定一覧.xlsx (docling, 9청크, 0.6s)
[RAG] docling 학습 시작: ピープルカウント用VPN接続の設定状態.xlsx (excel)
[RAG] 문서 학습 완료: ピープルカウント用VPN接続の設定状態.xlsx (docling, 1청크, 0.2s)
[RAG] 학습 진행률: 90% (게시글 Excel)
[RAG] 저장 완료 — 40청크 / 10개 게시글 / 0개 댓글 / 0개 폴더문서
[RAG] 학습 진행률: 100% (저장)
[2026-08-04T12:05:29.124Z][RAG-REBUILD] 게시글 배치 학습 7/93: 10건
/home/freegear/EasyDocStation/server/rag_train.py:152: DeprecationWarning: `langchain-community` is being sunset and is no longer actively maintained. See https://github.com/langchain-ai/langchain-community/issues/674 for details and migration guidance toward standalone integration packages.
  from langchain_community.document_loaders import Docx2txtLoader
[RAG] 테이블 생성 경합 감지, 기존 테이블 사용: Table 'my_rag_table_v4_docling' already exists
[RAG] post=aa49f0e0-9850-4fc1-8f00-1772cdd5b041 text → 1청크
[RAG] post=8fbdb933-6ee8-4227-b170-b013e4456574 text → 1청크
[RAG] post=0c7e3d82-b4e0-4141-8bb5-f3a3fa2875d7 text → 1청크
[RAG] 이미지 학습 시작: 1.png
[RAG] Gemma 이미지 설명 완료 (page=1, 26.6s): 1578자
[RAG] 이미지 학습 완료: 1.png (3청크)
[RAG] 이미지 학습 시작: 2.png
[RAG] Gemma 이미지 설명 완료 (page=1, 27.3s): 1473자
[RAG] 이미지 학습 완료: 2.png (2청크)
[RAG] 이미지 학습 시작: 3.png
[RAG] Gemma 이미지 설명 완료 (page=1, 30.7s): 1889자
[RAG] 이미지 학습 완료: 3.png (3청크)
[RAG] 학습 진행률: 10% (게시글 이미지)
[RAG] 이미지 학습 시작: 4.png
[RAG] Gemma 이미지 설명 완료 (page=1, 31.9s): 1653자
[RAG] 이미지 학습 완료: 4.png (3청크)
[RAG] 이미지 학습 시작: 5.png
[RAG] Gemma 이미지 설명 완료 (page=1, 30.6s): 1719자
[RAG] 이미지 학습 완료: 5.png (3청크)
[RAG] 이미지 학습 시작: 6.png
[RAG] Gemma 이미지 설명 완료 (page=1, 29.5s): 1691자
[RAG] 이미지 학습 완료: 6.png (3청크)
[RAG] post=2649a0ed-6c3b-478b-a9c0-55c1ec44804c text → 1청크
[RAG] post=dc4cb45e-44c7-4342-ad6d-dfcadbed2957 text → 1청크
[RAG] PDF 학습 시작: P20260173KR_출원번호통지서 (1).pdf
[RAG] PDF 파싱 시작 (Unstructured fast): P20260173KR_출원번호통지서 (1).pdf
Could not get FontBBox from font descriptor because None cannot be parsed as 4 floats
Could not get FontBBox from font descriptor because None cannot be parsed as 4 floats
Could not get FontBBox from font descriptor because None cannot be parsed as 4 floats
Could not get FontBBox from font descriptor because None cannot be parsed as 4 floats
Could not get FontBBox from font descriptor because None cannot be parsed as 4 floats
[RAG] PDF 파싱 완료 (Unstructured fast): P20260173KR_출원번호통지서 (1).pdf / elements=37 / 0.5s
[RAG] PDF 학습 완료: P20260173KR_출원번호통지서 (1).pdf (3청크)
[RAG] 분리 저장 완료: /home/freegear/EasyDocStation/Database/ObjectFile/FileTrainingData/dc4cb45e-44c7-4342-ad6d-dfcadbed2957/no_comment/dc4c2c51-4084-4fa3-91d2-bc7d7e032232/P20260173KR_출원번호통지서_1_.pdf
[RAG] 학습 진행률: 20% (게시글 PDF)
[RAG] PDF 학습 시작: P20260173KR_출원서.pdf
[RAG] PDF 파싱 시작 (Unstructured fast): P20260173KR_출원서.pdf
[RAG] PDF 파싱 완료 (Unstructured fast): P20260173KR_출원서.pdf / elements=139 / 0.2s
[RAG] PDF 학습 완료: P20260173KR_출원서.pdf (6청크)
[RAG] 분리 저장 완료: /home/freegear/EasyDocStation/Database/ObjectFile/FileTrainingData/dc4cb45e-44c7-4342-ad6d-dfcadbed2957/no_comment/9962ab46-9d70-4e5c-9810-fd60c488cd7b/P20260173KR_출원서.pdf
[RAG] PDF 학습 시작: P20260173KR_출원완료보고.pdf
[RAG] PDF 파싱 시작 (Unstructured fast): P20260173KR_출원완료보고.pdf
[RAG] PDF 파싱 완료 (Unstructured fast): P20260173KR_출원완료보고.pdf / elements=39 / 0.1s
[RAG] PDF 학습 완료: P20260173KR_출원완료보고.pdf (2청크)
[RAG] 분리 저장 완료: /home/freegear/EasyDocStation/Database/ObjectFile/FileTrainingData/dc4cb45e-44c7-4342-ad6d-dfcadbed2957/no_comment/105e99b1-9745-46f8-94b5-2087338888bc/P20260173KR_출원완료보고.pdf
[RAG] post=9ad89d8e-05c3-4f90-8281-ae6fef46294f text → 1청크
[RAG] PDF 학습 시작: AI_건설현장_차량안전점검_사업계획_1.1.pdf
[RAG] PDF 파싱 시작 (Unstructured fast): AI_건설현장_차량안전점검_사업계획_1.1.pdf
[RAG] PDF 파싱 완료 (Unstructured fast): AI_건설현장_차량안전점검_사업계획_1.1.pdf / elements=208 / 0.4s
[RAG] PDF 학습 완료: AI_건설현장_차량안전점검_사업계획_1.1.pdf (16청크)
[RAG] 분리 저장 완료: /home/freegear/EasyDocStation/Database/ObjectFile/FileTrainingData/9ad89d8e-05c3-4f90-8281-ae6fef46294f/no_comment/39ee1b84-686b-4f53-8a1f-283ac5f7f124/AI_건설현장_차량안전점검_사업계획_1.1.pdf
[RAG] docling 학습 시작: AI_건설현장_차량안전점검_사업계획.pptx (presentation)
[RAG] 문서 학습 완료: AI_건설현장_차량안전점검_사업계획.pptx (docling, 3청크, 0.5s)
[RAG] docling 학습 시작: 2026.03-현대건설 과제 계약 사항.pptx (presentation)
/home/freegear/EasyDocStation/.venv/lib/python3.12/site-packages/docling_core/types/doc/document.py:310: UserWarning: Provenance bbox coordinate r on page 1 is outside page bounds: value=29301190.0 > hi=24384000.0; clamping to 24384000.0
  prov.bbox = cls._clamp_bbox_to_page(
/home/freegear/EasyDocStation/.venv/lib/python3.12/site-packages/docling_core/types/doc/document.py:310: UserWarning: Provenance bbox coordinate b on page 7 is outside page bounds: value=-153571.0 < lo=0.0; clamping to 0.0
  prov.bbox = cls._clamp_bbox_to_page(
/home/freegear/EasyDocStation/.venv/lib/python3.12/site-packages/docling_core/types/doc/document.py:310: UserWarning: Provenance bbox coordinate t on page 8 is outside page bounds: value=14426308.0 > hi=13716000.0; clamping to 13716000.0
  prov.bbox = cls._clamp_bbox_to_page(
/home/freegear/EasyDocStation/.venv/lib/python3.12/site-packages/docling_core/types/doc/document.py:310: UserWarning: Provenance bbox coordinate b on page 8 is outside page bounds: value=-710308.0 < lo=0.0; clamping to 0.0
  prov.bbox = cls._clamp_bbox_to_page(
/home/freegear/EasyDocStation/.venv/lib/python3.12/site-packages/docling_core/types/doc/document.py:310: UserWarning: Provenance bbox coordinate r on page 9 is outside page bounds: value=24724377.0 > hi=24384000.0; clamping to 24384000.0
  prov.bbox = cls._clamp_bbox_to_page(
[RAG] 문서 학습 완료: 2026.03-현대건설 과제 계약 사항.pptx (docling, 2청크, 9.1s)
[RAG] 학습 진행률: 30% (게시글 PPT)
[RAG] docling 학습 시작: AI_건설현장_차량안전점검_사업계획_1.1.pptx (presentation)
/home/freegear/EasyDocStation/.venv/lib/python3.12/site-packages/docling_core/types/doc/document.py:310: UserWarning: Provenance bbox coordinate t on page 7 is outside page bounds: value=6949928.0 > hi=6858000.0; clamping to 6858000.0
  prov.bbox = cls._clamp_bbox_to_page(
/home/freegear/EasyDocStation/.venv/lib/python3.12/site-packages/docling_core/types/doc/document.py:310: UserWarning: Provenance bbox coordinate l on page 4 is outside page bounds: value=-137786.0 < lo=0.0; clamping to 0.0
  prov.bbox = cls._clamp_bbox_to_page(
/home/freegear/EasyDocStation/.venv/lib/python3.12/site-packages/docling_core/types/doc/document.py:310: UserWarning: Provenance bbox coordinate b on page 10 is outside page bounds: value=-332196.0 < lo=0.0; clamping to 0.0
  prov.bbox = cls._clamp_bbox_to_page(
/home/freegear/EasyDocStation/.venv/lib/python3.12/site-packages/docling_core/types/doc/document.py:310: UserWarning: Provenance bbox coordinate b on page 11 is outside page bounds: value=-332196.0 < lo=0.0; clamping to 0.0
  prov.bbox = cls._clamp_bbox_to_page(
/home/freegear/EasyDocStation/.venv/lib/python3.12/site-packages/docling_core/types/doc/document.py:310: UserWarning: Provenance bbox coordinate b on page 12 is outside page bounds: value=-332196.0 < lo=0.0; clamping to 0.0
  prov.bbox = cls._clamp_bbox_to_page(
[RAG] 문서 학습 완료: AI_건설현장_차량안전점검_사업계획_1.1.pptx (docling, 8청크, 13.8s)
[RAG] post=386e2ef2-5c8d-40f1-9939-33816c2af313 text → 1청크
[RAG] PDF 학습 시작: 전자세금계산서_적재함_260630.pdf
[RAG] PDF 파싱 시작 (Unstructured fast): 전자세금계산서_적재함_260630.pdf
Could not get FontBBox from font descriptor because None cannot be parsed as 4 floats
Could not get FontBBox from font descriptor because None cannot be parsed as 4 floats
Could not get FontBBox from font descriptor because None cannot be parsed as 4 floats
Could not get FontBBox from font descriptor because None cannot be parsed as 4 floats
Could not get FontBBox from font descriptor because None cannot be parsed as 4 floats
Could not get FontBBox from font descriptor because None cannot be parsed as 4 floats
Could not get FontBBox from font descriptor because None cannot be parsed as 4 floats
Could not get FontBBox from font descriptor because None cannot be parsed as 4 floats
Could not get FontBBox from font descriptor because None cannot be parsed as 4 floats
Could not get FontBBox from font descriptor because None cannot be parsed as 4 floats
Could not get FontBBox from font descriptor because None cannot be parsed as 4 floats
Could not get FontBBox from font descriptor because None cannot be parsed as 4 floats
Could not get FontBBox from font descriptor because None cannot be parsed as 4 floats
Could not get FontBBox from font descriptor because None cannot be parsed as 4 floats
Could not get FontBBox from font descriptor because None cannot be parsed as 4 floats
Could not get FontBBox from font descriptor because None cannot be parsed as 4 floats
Could not get FontBBox from font descriptor because None cannot be parsed as 4 floats
Could not get FontBBox from font descriptor because None cannot be parsed as 4 floats
Could not get FontBBox from font descriptor because None cannot be parsed as 4 floats
Could not get FontBBox from font descriptor because None cannot be parsed as 4 floats
Could not get FontBBox from font descriptor because None cannot be parsed as 4 floats
Could not get FontBBox from font descriptor because None cannot be parsed as 4 floats
Could not get FontBBox from font descriptor because None cannot be parsed as 4 floats
Could not get FontBBox from font descriptor because None cannot be parsed as 4 floats
Could not get FontBBox from font descriptor because None cannot be parsed as 4 floats
Could not get FontBBox from font descriptor because None cannot be parsed as 4 floats
Could not get FontBBox from font descriptor because None cannot be parsed as 4 floats
Could not get FontBBox from font descriptor because None cannot be parsed as 4 floats
[RAG] PDF 파싱 완료 (Unstructured fast): 전자세금계산서_적재함_260630.pdf / elements=58 / 0.1s
[RAG] PDF 학습 완료: 전자세금계산서_적재함_260630.pdf (2청크)
[RAG] 분리 저장 완료: /home/freegear/EasyDocStation/Database/ObjectFile/FileTrainingData/386e2ef2-5c8d-40f1-9939-33816c2af313/no_comment/ba3a3826-c4d0-4033-8551-f8b532e2eb0a/전자세금계산서_적재함_260630.pdf
[RAG] PDF 학습 시작: 전자세금계산서_AVM_260630.pdf
[RAG] PDF 파싱 시작 (Unstructured fast): 전자세금계산서_AVM_260630.pdf
[RAG] PDF 파싱 완료 (Unstructured fast): 전자세금계산서_AVM_260630.pdf / elements=74 / 0.2s
[RAG] PDF 학습 완료: 전자세금계산서_AVM_260630.pdf (2청크)
[RAG] 분리 저장 완료: /home/freegear/EasyDocStation/Database/ObjectFile/FileTrainingData/386e2ef2-5c8d-40f1-9939-33816c2af313/no_comment/7777d2de-1e34-4a19-b9dd-dc1dc5658fe4/전자세금계산서_AVM_260630.pdf
[RAG] post=47fada79-4a31-4cc1-9f63-16d42ebecfbb text → 1청크
[RAG] PDF 학습 시작: 0503_001.pdf
[RAG] PDF 파싱 시작 (Unstructured fast): 0503_001.pdf
[RAG] Tesseract OCR fallback 시작: lang=kor+eng, pages=1
[RAG] Tesseract OCR 진행: 1/1
[RAG] Tesseract OCR fallback 완료: 추출 페이지 1/1
[RAG] PDF 학습 완료: 0503_001.pdf (2청크)
[RAG] 분리 저장 완료: /home/freegear/EasyDocStation/Database/ObjectFile/FileTrainingData/47fada79-4a31-4cc1-9f63-16d42ebecfbb/no_comment/cb47347f-bc81-4538-a6d1-975e37d7cde4/0503_001.pdf
[RAG] 학습 진행률: 40% (게시글 PDF)
[RAG] PDF 학습 시작: 아이윈 거래명세서.pdf
[RAG] PDF 파싱 시작 (Unstructured fast): 아이윈 거래명세서.pdf
[RAG] Tesseract OCR fallback 시작: lang=kor+eng, pages=1
[RAG] Tesseract OCR 진행: 1/1
[RAG] Tesseract OCR fallback 완료: 추출 페이지 1/1
[RAG] PDF 학습 완료: 아이윈 거래명세서.pdf (2청크)
[RAG] 분리 저장 완료: /home/freegear/EasyDocStation/Database/ObjectFile/FileTrainingData/47fada79-4a31-4cc1-9f63-16d42ebecfbb/no_comment/e932a812-bdaa-47dd-a216-b24a8db0bd8d/아이윈_거래명세서.pdf
[RAG] 이미지 학습 시작: KakaoTalk_Photo_2026-07-10-16-05-34.png
[RAG] Gemma 이미지 설명 완료 (page=1, 34.7s): 1599자
[RAG] 이미지 학습 완료: KakaoTalk_Photo_2026-07-10-16-05-34.png (3청크)
[RAG] docling 학습 시작: 6_거래명세서_아이윈_~~~라이브러리 개발_260710.xlsx (excel)
[RAG] 문서 학습 완료: 6_거래명세서_아이윈_~~~라이브러리 개발_260710.xlsx (docling, 32청크, 0.8s)
[RAG] docling 학습 시작: 1_견적서_아이윈_~~~라이브러리 개발_260610.xlsx (excel)
[RAG] 문서 학습 완료: 1_견적서_아이윈_~~~라이브러리 개발_260610.xlsx (docling, 113청크, 2.1s)
[RAG] docling 학습 시작: 3_품의서 & 4_검수보고서_아이윈_~~~~라이브러리 개발_260710.xlsx (excel)
[RAG] 문서 학습 완료: 3_품의서 & 4_검수보고서_아이윈_~~~~라이브러리 개발_260710.xlsx (docling, 34청크, 0.8s)
[RAG] docling 학습 시작: 1_견적서_아이윈_~~~라이브러리 개발_260610.xlsx (excel)
[RAG] 문서 학습 완료: 1_견적서_아이윈_~~~라이브러리 개발_260610.xlsx (docling, 110청크, 1.6s)
[RAG] 학습 진행률: 50% (게시글 Excel)
[RAG] post=c1ec34e4-1727-4279-abc6-55c72b328a79 text → 1청크
[RAG] 이미지 학습 시작: 2026-07-01 11 15 37.png
[RAG] Gemma 이미지 설명 완료 (page=1, 28.7s): 1712자
[RAG] 이미지 학습 완료: 2026-07-01 11 15 37.png (3청크)
[RAG] 이미지 학습 시작: 2026-07-01 11 15 58.png
[RAG] Gemma 이미지 설명 완료 (page=1, 43.8s): 2352자
[RAG] 이미지 학습 완료: 2026-07-01 11 15 58.png (4청크)
[RAG] 이미지 학습 시작: 2026-07-01 11 16 13.png
[RAG] Gemma 이미지 설명 완료 (page=1, 41.0s): 2108자
[RAG] 이미지 학습 완료: 2026-07-01 11 16 13.png (3청크)
[RAG] 이미지 학습 시작: 2026-07-01 11 16 25.png
[RAG] Gemma 이미지 설명 완료 (page=1, 39.4s): 2352자
[RAG] 이미지 학습 완료: 2026-07-01 11 16 25.png (5청크)
[RAG] 이미지 학습 시작: 2026-07-01 11 16 41.png
[RAG] Gemma 이미지 설명 완료 (page=1, 46.4s): 2635자
[RAG] 이미지 학습 완료: 2026-07-01 11 16 41.png (5청크)
[RAG] 학습 진행률: 60% (게시글 이미지)
[RAG] 이미지 학습 시작: 2026-07-01 11 16 50.png
[RAG] Gemma 이미지 설명 완료 (page=1, 47.1s): 2672자
[RAG] 이미지 학습 완료: 2026-07-01 11 16 50.png (5청크)
[RAG] 이미지 학습 시작: 2026-07-01 11 16 58.png
[RAG] Gemma 이미지 설명 완료 (page=1, 39.5s): 2151자
[RAG] 이미지 학습 완료: 2026-07-01 11 16 58.png (4청크)
[RAG] 이미지 학습 시작: 2026-07-01 11 17 11.png
[RAG] Gemma 이미지 설명 완료 (page=1, 47.4s): 2327자
[RAG] 이미지 학습 완료: 2026-07-01 11 17 11.png (4청크)
[RAG] 이미지 학습 시작: 2026-07-01 11 17 19.png
[RAG] Gemma 이미지 설명 완료 (page=1, 48.9s): 2551자
[RAG] 이미지 학습 완료: 2026-07-01 11 17 19.png (5청크)
[RAG] 이미지 학습 시작: 2026-07-01 11 17 33.png
[RAG] Gemma 이미지 설명 완료 (page=1, 42.9s): 2284자
[RAG] 이미지 학습 완료: 2026-07-01 11 17 33.png (3청크)
[RAG] 이미지 학습 시작: 2026-07-01 11 17 40.png
[RAG] Gemma 이미지 설명 완료 (page=1, 38.9s): 2057자
[RAG] 이미지 학습 완료: 2026-07-01 11 17 40.png (3청크)
[RAG] 학습 진행률: 70% (게시글 이미지)
[RAG] 이미지 학습 시작: 2026-07-01 11 17 51.png
[RAG] Gemma 이미지 설명 완료 (page=1, 36.6s): 1821자
[RAG] 이미지 학습 완료: 2026-07-01 11 17 51.png (3청크)
[RAG] 이미지 학습 시작: 2026-07-01 11 18 02.png
[RAG] Gemma 이미지 설명 완료 (page=1, 39.2s): 1912자
[RAG] 이미지 학습 완료: 2026-07-01 11 18 02.png (4청크)
[RAG] 이미지 학습 시작: 2026-07-01 11 18 07.png
[RAG] Gemma 이미지 설명 완료 (page=1, 37.5s): 1692자
[RAG] 이미지 학습 완료: 2026-07-01 11 18 07.png (3청크)
[RAG] 이미지 학습 시작: 2026-07-01 11 18 15.png
[RAG] Gemma 이미지 설명 완료 (page=1, 45.7s): 2600자
[RAG] 이미지 학습 완료: 2026-07-01 11 18 15.png (5청크)
[RAG] docling 학습 시작: slides_20260701022356.pptx (presentation)
[RAG] 문서 학습 완료: slides_20260701022356.pptx (docling, 14청크, 0.9s)
[RAG] post=e724cb45-9a37-487f-b098-457f0779ab78 text → 1청크
[RAG] 학습 진행률: 80% (게시글 본문)
[RAG] 이미지 학습 시작: KakaoTalk_Photo_2026-07-01-05-45-51.png
[RAG] Gemma 이미지 설명 완료 (page=1, 28.5s): 1636자
[RAG] 이미지 학습 완료: KakaoTalk_Photo_2026-07-01-05-45-51.png (3청크)
[RAG] 이미지 학습 시작: Gemini_Generated_Image_8f8djf8f8djf8f8d.png
[RAG] Gemma 이미지 설명 완료 (page=1, 44.3s): 2834자
[RAG] 이미지 학습 완료: Gemini_Generated_Image_8f8djf8f8djf8f8d.png (5청크)
[RAG] docling 학습 시작: 현대_UI_20260701.pptx (presentation)
[RAG] 문서 학습 완료: 현대_UI_20260701.pptx (docling, 1청크, 0.4s)
[RAG] ZIP 학습 시작: 260518_가양 현장설치.zip
[RAG] ZIP 학습 실패 (260518_가양 현장설치.zip): ZIP 압축 해제 크기 초과: 303272823 > 209715200
[RAG] ZIP 학습 완료: 260518_가양 현장설치.zip (1청크)
[RAG] ZIP 학습 시작: 260401_가양 4번 카메라 위치 이동.zip
[RAG] ZIP 학습 완료: 260401_가양 4번 카메라 위치 이동.zip (0청크)
[RAG] ZIP 학습 시작: 260325_가양 5번 카메라 점검.zip
[RAG] ZIP 학습 완료: 260325_가양 5번 카메라 점검.zip (0청크)
[RAG] 학습 진행률: 90% (게시글 ZIP)
[RAG] ZIP 학습 시작: 260202_가양 현장답사(2차).zip
[RAG] ZIP 학습 완료: 260202_가양 현장답사(2차).zip (0청크)
[RAG] ZIP 학습 시작: 260127_가양 현장답사(1차).zip
[RAG] ZIP 학습 완료: 260127_가양 현장답사(1차).zip (0청크)
[RAG] ZIP 학습 시작: 251023_반포 현장답사(2차).zip
[RAG] ZIP 학습 완료: 251023_반포 현장답사(2차).zip (0청크)
[RAG] ZIP 학습 시작: 251013_반포 현장답사(1차).zip
[RAG] ZIP 학습 완료: 251013_반포 현장답사(1차).zip (0청크)
[RAG] 저장 완료 — 450청크 / 10개 게시글 / 0개 댓글 / 0개 폴더문서
[RAG] 학습 진행률: 100% (저장)
[2026-08-04T12:21:22.044Z][RAG-REBUILD] 게시글 배치 학습 8/93: 10건
/home/freegear/EasyDocStation/server/rag_train.py:152: DeprecationWarning: `langchain-community` is being sunset and is no longer actively maintained. See https://github.com/langchain-ai/langchain-community/issues/674 for details and migration guidance toward standalone integration packages.
  from langchain_community.document_loaders import Docx2txtLoader
[RAG] 테이블 생성 경합 감지, 기존 테이블 사용: Table 'my_rag_table_v4_docling' already exists
[RAG] post=08f87b34-f33b-422a-88a2-5f812c27c056 text → 1청크
[RAG] docling 학습 시작: 현대건설_HSAFE_데모데이_발표초안_와이어프레임.pptx (presentation)
[RAG] 문서 학습 완료: 현대건설_HSAFE_데모데이_발표초안_와이어프레임.pptx (docling, 8청크, 0.7s)
[RAG] post=f1abf033-738e-4ee1-817d-fc1bd14fe95f text → 1청크
[RAG] PDF 학습 시작: 2026.05-현대건설 과제 계약 사항 (1).pdf
[RAG] PDF 파싱 시작 (Unstructured fast): 2026.05-현대건설 과제 계약 사항 (1).pdf
Ignoring wrong pointing object 9 0 (offset 0)
Ignoring wrong pointing object 81 0 (offset 0)
Ignoring wrong pointing object 82 0 (offset 0)
[RAG] PDF 파싱 완료 (Unstructured fast): 2026.05-현대건설 과제 계약 사항 (1).pdf / elements=37 / 0.4s
[RAG] PDF 학습 완료: 2026.05-현대건설 과제 계약 사항 (1).pdf (10청크)
[RAG] 분리 저장 완료: /home/freegear/EasyDocStation/Database/ObjectFile/FileTrainingData/f1abf033-738e-4ee1-817d-fc1bd14fe95f/no_comment/4c2cfae7-f28a-4acc-8dee-328fdadff7aa/2026.05-현대건설_과제_계약_사항_1_.pdf
[RAG] 학습 진행률: 10% (게시글 PDF)
[RAG] PDF 학습 시작: HD_마곡현장_설치계획_V0.2_0513_설치업체용 (1).pdf
[RAG] PDF 파싱 시작 (Unstructured fast): HD_마곡현장_설치계획_V0.2_0513_설치업체용 (1).pdf
[RAG] PDF 파싱 완료 (Unstructured fast): HD_마곡현장_설치계획_V0.2_0513_설치업체용 (1).pdf / elements=316 / 0.7s
[RAG] PDF 학습 완료: HD_마곡현장_설치계획_V0.2_0513_설치업체용 (1).pdf (18청크)
[RAG] 분리 저장 완료: /home/freegear/EasyDocStation/Database/ObjectFile/FileTrainingData/f1abf033-738e-4ee1-817d-fc1bd14fe95f/no_comment/cb2f7dfb-c6bf-44e4-b03d-39dda46ad765/HD_마곡현장_설치계획_V0.2_0513_설치업체용_1_.pdf
[RAG] post=57451ca7-e77d-4bda-a2d2-728da4ecd361 text → 1청크
[RAG] 이미지 학습 시작: KakaoTalk_Photo_2026-05-25-18-46-32 001.jpeg
[RAG] Gemma 이미지 설명 완료 (page=1, 35.9s): 1981자
[RAG] 이미지 학습 완료: KakaoTalk_Photo_2026-05-25-18-46-32 001.jpeg (3청크)
[RAG] 이미지 학습 시작: KakaoTalk_Photo_2026-05-25-18-46-32 002.jpeg
[RAG] Gemma 이미지 설명 완료 (page=1, 31.0s): 2016자
[RAG] 이미지 학습 완료: KakaoTalk_Photo_2026-05-25-18-46-32 002.jpeg (3청크)
[RAG] 학습 진행률: 20% (게시글 이미지)
[RAG] 이미지 학습 시작: KakaoTalk_Photo_2026-05-25-18-46-32 003.jpeg
[RAG] Gemma 이미지 설명 완료 (page=1, 38.1s): 2251자
[RAG] 이미지 학습 완료: KakaoTalk_Photo_2026-05-25-18-46-32 003.jpeg (3청크)
[RAG] 이미지 학습 시작: KakaoTalk_Photo_2026-05-25-18-47-03 001.jpeg
[RAG] Gemma 이미지 설명 완료 (page=1, 35.9s): 1981자
[RAG] 이미지 학습 완료: KakaoTalk_Photo_2026-05-25-18-47-03 001.jpeg (3청크)
[RAG] 이미지 학습 시작: KakaoTalk_Photo_2026-05-25-18-47-03 002.jpeg
[RAG] Gemma 이미지 설명 완료 (page=1, 30.8s): 2016자
[RAG] 이미지 학습 완료: KakaoTalk_Photo_2026-05-25-18-47-03 002.jpeg (3청크)
[RAG] 학습 진행률: 30% (게시글 이미지)
[RAG] 이미지 학습 시작: KakaoTalk_Photo_2026-05-25-18-47-03 003.jpeg
[RAG] Gemma 이미지 설명 완료 (page=1, 38.1s): 2251자
[RAG] 이미지 학습 완료: KakaoTalk_Photo_2026-05-25-18-47-03 003.jpeg (3청크)
[RAG] 이미지 학습 시작: KakaoTalk_Photo_2026-05-25-18-47-03 004.jpeg
[RAG] Gemma 이미지 설명 완료 (page=1, 31.8s): 1942자
[RAG] 이미지 학습 완료: KakaoTalk_Photo_2026-05-25-18-47-03 004.jpeg (3청크)
[RAG] 이미지 학습 시작: KakaoTalk_Photo_2026-05-25-18-47-03 005.jpeg
[RAG] Gemma 이미지 설명 완료 (page=1, 36.1s): 2117자
[RAG] 이미지 학습 완료: KakaoTalk_Photo_2026-05-25-18-47-03 005.jpeg (4청크)
[RAG] 이미지 학습 시작: KakaoTalk_Photo_2026-05-25-18-47-04 006.jpeg
[RAG] Gemma 이미지 설명 완료 (page=1, 31.5s): 1674자
[RAG] 이미지 학습 완료: KakaoTalk_Photo_2026-05-25-18-47-04 006.jpeg (3청크)
[RAG] 학습 진행률: 40% (게시글 이미지)
[RAG] 이미지 학습 시작: KakaoTalk_Photo_2026-05-25-18-47-04 007.jpeg
[RAG] Gemma 이미지 설명 완료 (page=1, 31.0s): 2015자
[RAG] 이미지 학습 완료: KakaoTalk_Photo_2026-05-25-18-47-04 007.jpeg (4청크)
[RAG] post=eaf06197-e4a7-4970-b898-d10cee95427d text → 1청크
[RAG] PDF 학습 시작: hyundai_ansim_proposal_1.31.pdf
[RAG] PDF 파싱 시작 (Unstructured fast): hyundai_ansim_proposal_1.31.pdf
[RAG] PDF 파싱 완료 (Unstructured fast): hyundai_ansim_proposal_1.31.pdf / elements=154 / 0.3s
[RAG] PDF 학습 완료: hyundai_ansim_proposal_1.31.pdf (13청크)
[RAG] 분리 저장 완료: /home/freegear/EasyDocStation/Database/ObjectFile/FileTrainingData/eaf06197-e4a7-4970-b898-d10cee95427d/no_comment/6e666636-6bf7-4beb-8218-de954b706330/hyundai_ansim_proposal_1.31.pdf
[RAG] 학습 진행률: 50% (게시글 PDF)
[RAG] PDF 학습 시작: 2026.05-현대건설 과제 계약 사항.pdf
[RAG] PDF 파싱 시작 (Unstructured fast): 2026.05-현대건설 과제 계약 사항.pdf
Ignoring wrong pointing object 9 0 (offset 0)
Ignoring wrong pointing object 81 0 (offset 0)
Ignoring wrong pointing object 82 0 (offset 0)
[RAG] PDF 파싱 완료 (Unstructured fast): 2026.05-현대건설 과제 계약 사항.pdf / elements=37 / 0.1s
[RAG] PDF 학습 완료: 2026.05-현대건설 과제 계약 사항.pdf (10청크)
[RAG] 분리 저장 완료: /home/freegear/EasyDocStation/Database/ObjectFile/FileTrainingData/eaf06197-e4a7-4970-b898-d10cee95427d/no_comment/34428702-206b-45ac-aad8-db0f484c1f29/2026.05-현대건설_과제_계약_사항.pdf
[RAG] PDF 학습 시작: 2026.05-현대건설 과제 계약 사항s.pdf
[RAG] PDF 파싱 시작 (Unstructured fast): 2026.05-현대건설 과제 계약 사항s.pdf
[RAG] PDF 파싱 완료 (Unstructured fast): 2026.05-현대건설 과제 계약 사항s.pdf / elements=37 / 0.0s
[RAG] PDF 학습 완료: 2026.05-현대건설 과제 계약 사항s.pdf (10청크)
[RAG] 분리 저장 완료: /home/freegear/EasyDocStation/Database/ObjectFile/FileTrainingData/eaf06197-e4a7-4970-b898-d10cee95427d/no_comment/47f4d1f7-286c-4fbd-8b03-169d5e7de734/2026.05-현대건설_과제_계약_사항s.pdf
[RAG] PDF 학습 시작: hyundai_ansim_proposal_1.3.pdf
[RAG] PDF 파싱 시작 (Unstructured fast): hyundai_ansim_proposal_1.3.pdf
[RAG] PDF 파싱 완료 (Unstructured fast): hyundai_ansim_proposal_1.3.pdf / elements=154 / 0.2s
[RAG] PDF 학습 완료: hyundai_ansim_proposal_1.3.pdf (13청크)
[RAG] 분리 저장 완료: /home/freegear/EasyDocStation/Database/ObjectFile/FileTrainingData/eaf06197-e4a7-4970-b898-d10cee95427d/no_comment/e9a30a3d-69cd-45ff-ab49-1979497d9e85/hyundai_ansim_proposal_1.3.pdf
[RAG] PDF 학습 시작: hyundai_ansim_proposal_1.31.pdf
[RAG] PDF 파싱 시작 (Unstructured fast): hyundai_ansim_proposal_1.31.pdf
[RAG] PDF 파싱 완료 (Unstructured fast): hyundai_ansim_proposal_1.31.pdf / elements=154 / 0.2s
[RAG] PDF 학습 완료: hyundai_ansim_proposal_1.31.pdf (13청크)
[RAG] 분리 저장 완료: /home/freegear/EasyDocStation/Database/ObjectFile/FileTrainingData/eaf06197-e4a7-4970-b898-d10cee95427d/no_comment/e54ab242-05ab-4422-80d2-4a74de5a48fb/hyundai_ansim_proposal_1.31.pdf
[RAG] 학습 진행률: 60% (게시글 PDF)
[RAG] PDF 학습 시작: hyundai_ansim_proposal_20260128014809.pdf
[RAG] PDF 파싱 시작 (Unstructured fast): hyundai_ansim_proposal_20260128014809.pdf
[RAG] PDF 파싱 완료 (Unstructured fast): hyundai_ansim_proposal_20260128014809.pdf / elements=161 / 0.3s
[RAG] PDF 학습 완료: hyundai_ansim_proposal_20260128014809.pdf (12청크)
[RAG] 분리 저장 완료: /home/freegear/EasyDocStation/Database/ObjectFile/FileTrainingData/eaf06197-e4a7-4970-b898-d10cee95427d/no_comment/78f1fc1c-28bc-4fd9-84b0-3eea0922e95d/hyundai_ansim_proposal_20260128014809.pdf
[RAG] docling 학습 시작: hyundai_ansim_proposal_1.2.pptx (presentation)
/home/freegear/EasyDocStation/.venv/lib/python3.12/site-packages/docling_core/types/doc/document.py:310: UserWarning: Provenance bbox coordinate t on page 11 is outside page bounds: value=6948614.0 > hi=6858000.0; clamping to 6858000.0
  prov.bbox = cls._clamp_bbox_to_page(
[RAG] 문서 학습 완료: hyundai_ansim_proposal_1.2.pptx (docling, 5청크, 0.2s)
[RAG] docling 학습 시작: hyundai_ansim_proposal_1.3.pptx (presentation)
/home/freegear/EasyDocStation/.venv/lib/python3.12/site-packages/docling/backend/mspowerpoint_backend.py:1264: UserWarning: Skipping malformed picture shape: 'Part' object has no attribute 'image'
  self._handle_pictures(
/home/freegear/EasyDocStation/.venv/lib/python3.12/site-packages/docling_core/types/doc/document.py:310: UserWarning: Provenance bbox coordinate r on page 12 is outside page bounds: value=13106399.0 > hi=12192000.0; clamping to 12192000.0
  prov.bbox = cls._clamp_bbox_to_page(
[RAG] 문서 학습 완료: hyundai_ansim_proposal_1.3.pptx (docling, 4청크, 1.0s)
[RAG] post=7a04592a-33c0-431b-b3e3-1728c2ef14e6 text → 1청크
[RAG] 학습 진행률: 70% (게시글 본문)
[RAG] 이미지 학습 시작: 본문-현대건설 원격현장관리플랫폼 대시보드.jpg
