[20260704-00:00:07][BE] [Mail sync] 자동 동기화 완료: accounts=5, saved=0
[20260704-00:01:08][BE] [Mail sync] 자동 동기화 완료: accounts=5, saved=0
[20260704-00:02:08][BE] [Mail sync] 자동 동기화 완료: accounts=5, saved=0
[20260704-00:03:07][BE] [Mail sync] 자동 동기화 완료: accounts=5, saved=0
[20260704-00:04:07][BE] [Mail sync] 자동 동기화 완료: accounts=5, saved=0
[20260704-00:05:09][BE] [Mail sync] 자동 동기화 완료: accounts=5, saved=0
[20260704-00:06:09][BE] [Mail sync] 자동 동기화 완료: accounts=5, saved=0
[20260704-00:07:06][BE] [Mail sync] 자동 동기화 완료: accounts=5, saved=0
[20260704-00:08:11][BE] [Mail sync] 자동 동기화 완료: accounts=5, saved=0
[20260704-00:09:09][BE] [Mail sync] 자동 동기화 완료: accounts=5, saved=0
AM 12:09:44 [vite] hmr update /src/features/mail/MailPage.jsx, /src/index.css
종료됨
[20260704-00:09:55][BE] process exited with code 143. restarting in 2s...
종료됨
[20260704-00:09:55][BE] 
[20260704-00:09:55][BE] > easydocstation-server@1.0.0 start
[20260704-00:09:55][BE] > node index.js
[20260704-00:09:55][BE] 
[20260704-00:09:55][BE] [RAG] 초기화 — 학습 방식: immediate
[20260704-00:09:55][BE] [RAG] 초기화 — PDF 파싱 모드: FAST
[20260704-00:09:55][BE] [Mail sync] 자동 동기화 스케줄러 시작: interval=60s
[20260704-00:09:55][BE] ✅ EasyDocStation server running on http://localhost:3001
[20260704-00:09:55][BE] ✅ [CONFIG] HF_TOKEN 확인됨 (hf_u****butv, 길이 37)
[20260704-00:09:55][BE] ✅ Cassandra connected
[20260704-00:09:55][BE] ✅ Cassandra schema initialized
[20260704-00:09:55][BE] ✅ Database migration complete.
[20260704-00:09:55][BE] Terminated

> easydocstation@1.0.0 dev:frontend
> vite


> easydocstation@1.0.0 ollama:serve
> node scripts/ollama-serve-safe.mjs

[Ollama] already running on 127.0.0.1:11434, skipping duplicate serve.

  VITE v5.4.21  ready in 89 ms

  ➜  Local:   http://localhost:5173/
  ➜  Network: http://10.0.0.194:5173/
[20260704-00:09:58][BE] 
[20260704-00:09:58][BE] > easydocstation-server@1.0.0 start
[20260704-00:09:58][BE] > node index.js
[20260704-00:09:58][BE] 
[20260704-00:09:58][BE] [RAG] 초기화 — 학습 방식: immediate
[20260704-00:09:58][BE] [RAG] 초기화 — PDF 파싱 모드: FAST
[20260704-00:09:58][BE] [Mail sync] 자동 동기화 스케줄러 시작: interval=60s
[20260704-00:09:58][BE] ✅ EasyDocStation server running on http://localhost:3001
[20260704-00:09:58][BE] ✅ [CONFIG] HF_TOKEN 확인됨 (hf_u****butv, 길이 37)
[20260704-00:09:58][BE] ✅ Cassandra connected
[20260704-00:09:58][BE] ✅ Cassandra schema initialized
[20260704-00:09:58][BE] ✅ Database migration complete.
[20260704-00:10:01][BE] [RAG Server] [RAG Server] 임베딩 모델 로드 중 (device=cuda)...
AM 12:10:07 [vite] hmr update /src/features/mail/MailPage.jsx, /src/index.css
[20260704-00:10:08][BE] Error: 메일 tenant를 찾을 수 없습니다: undefined
[20260704-00:10:08][BE]     at Object.resolveTenant (/home/freegear/EasyDocStation/server/mail/connectionManager.js:118:23)
[20260704-00:10:08][BE]     at process.processTicksAndRejections (node:internal/process/task_queues:103:5)
[20260704-00:10:08][BE]     at async tenantQuery (/home/freegear/EasyDocStation/server/mail/repository.js:668:20)
[20260704-00:10:08][BE]     at async Object.listUnifiedMessages (/home/freegear/EasyDocStation/server/mail/repository.js:1123:20)
[20260704-00:10:08][BE]     at async /home/freegear/EasyDocStation/server/routes/mail.js:782:23
[20260704-00:10:08][BE] Error: 메일 tenant를 찾을 수 없습니다: undefined
[20260704-00:10:08][BE]     at Object.resolveTenant (/home/freegear/EasyDocStation/server/mail/connectionManager.js:118:23)
[20260704-00:10:08][BE]     at process.processTicksAndRejections (node:internal/process/task_queues:103:5)
[20260704-00:10:08][BE]     at async tenantQuery (/home/freegear/EasyDocStation/server/mail/repository.js:668:20)
[20260704-00:10:08][BE]     at async Object.listUnifiedMessages (/home/freegear/EasyDocStation/server/mail/repository.js:1123:20)
[20260704-00:10:08][BE]     at async /home/freegear/EasyDocStation/server/routes/mail.js:782:23
[20260704-00:10:16][BE] [RAG Server] [RAG Server] 임베딩 모델 로드 완료
[20260704-00:10:16][BE] [RAG Server] [RAG Server] 포트 5001 에서 시작됨
[20260704-00:10:43][BE] [Mail sync] 자동 동기화 완료: accounts=5, saved=0
[20260704-00:11:11][BE] [Mail sync] 자동 동기화 완료: accounts=5, saved=0
[20260704-00:12:10][BE] [Mail sync] 자동 동기화 완료: accounts=5, saved=0
[20260704-00:13:11][BE] [Mail sync] 자동 동기화 완료: accounts=5, saved=0
[20260704-00:14:11][BE] [Mail sync] 자동 동기화 완료: accounts=5, saved=0
[20260704-00:14:25][BE] [ATTACH-REF] sync ownerType=post ownerId=3bc73e7a-855f-468b-96f4-097505d77d20 actorUserId=1 prev=0 next=1 add=1 remove=0
[20260704-00:14:25][BE] [RAG] 학습 시작 — 1개 게시글 (제외: 0개)
[20260704-00:14:25][BE] /home/freegear/EasyDocStation/server/rag_train.py:120: DeprecationWarning: `langchain-community` is being sunset and is no longer actively maintained. See https://github.com/langchain-ai/langchain-community/issues/674 for details and migration guidance toward standalone integration packages.
[20260704-00:14:25][BE]   from langchain_community.document_loaders import Docx2txtLoader
[20260704-00:14:28][BE] [RAG] 테이블 생성 경합 감지, 기존 테이블 사용: Table 'my_rag_table_v2' already exists
[20260704-00:14:28][BE] [RAG] post=3bc73e7a-855f-468b-96f4-097505d77d20 text → 1청크
[20260704-00:14:28][BE] [RAG] 학습 진행률: 30% (게시글 본문)
[20260704-00:14:28][BE] [RAG] PDF 학습 시작: SP-200000516-000-0624_People Count Lite （AI Box）_発注書.pdf
[20260704-00:14:29][BE] [RAG] PDF 파싱 시작 (Unstructured fast): SP-200000516-000-0624_People Count Lite （AI Box）_発注書.pdf
[20260704-00:14:29][BE] [RAG] PDF 파싱 완료 (Unstructured fast): SP-200000516-000-0624_People Count Lite （AI Box）_発注書.pdf / elements=122 / 0.6s
[20260704-00:14:30][BE] [RAG] PDF 학습 완료: SP-200000516-000-0624_People Count Lite （AI Box）_発注書.pdf (5청크)
[20260704-00:14:30][BE] [RAG] 분리 저장 완료: /home/freegear/EasyDocStation/Database/ObjectFile/FileTrainingData/3bc73e7a-855f-468b-96f4-097505d77d20/no_comment/d8c66d39-bedd-4b5b-addb-cba23573d82d/SP-200000516-000-0624_People_Count_Lite_AI_Box__発注書.pdf
[20260704-00:14:30][BE] [RAG] 학습 진행률: 60% (게시글 PDF)
[20260704-00:14:30][BE] [RAG] 저장 완료 — 6청크 / 1개 게시글 / 0개 댓글
[20260704-00:14:30][BE] [RAG] 학습 진행률: 100% (저장)
[20260704-00:14:30][BE] [RAG] 학습 완료
[20260704-00:14:31][BE] [link-preview-image] meta image failed, fallback screenshot: fetch failed
[20260704-00:14:32][BE] [link-preview-image] meta image failed, fallback screenshot: meta image not found
[20260704-00:14:32][BE] [link-preview-image] local render failed, try remote fallback: page.goto: net::ERR_NAME_NOT_RESOLVED at http://naver-login-agent:3010/login
[20260704-00:14:32][BE] Call log:
[20260704-00:14:32][BE] [2m  - navigating to "http://naver-login-agent:3010/login", waiting until "domcontentloaded"[22m
[20260704-00:14:32][BE] 
[20260704-00:14:32][BE] [link-preview-image] meta image failed, fallback screenshot: meta image not found
[20260704-00:14:32][BE] [link-preview-image] remote fallback failed, placeholder: fallback preview fetch failed (404)
[20260704-00:14:44][BE] Error: 메일 tenant를 찾을 수 없습니다: undefined
[20260704-00:14:44][BE]     at Object.resolveTenant (/home/freegear/EasyDocStation/server/mail/connectionManager.js:118:23)
[20260704-00:14:44][BE]     at process.processTicksAndRejections (node:internal/process/task_queues:103:5)
[20260704-00:14:44][BE]     at async tenantQuery (/home/freegear/EasyDocStation/server/mail/repository.js:668:20)
[20260704-00:14:44][BE]     at async Object.listUnifiedMessages (/home/freegear/EasyDocStation/server/mail/repository.js:1123:20)
[20260704-00:14:44][BE]     at async /home/freegear/EasyDocStation/server/routes/mail.js:782:23
[20260704-00:14:44][BE] Error: 메일 tenant를 찾을 수 없습니다: undefined
[20260704-00:14:44][BE]     at Object.resolveTenant (/home/freegear/EasyDocStation/server/mail/connectionManager.js:118:23)
[20260704-00:14:44][BE]     at process.processTicksAndRejections (node:internal/process/task_queues:103:5)
[20260704-00:14:44][BE]     at async tenantQuery (/home/freegear/EasyDocStation/server/mail/repository.js:668:20)
[20260704-00:14:44][BE]     at async Object.listUnifiedMessages (/home/freegear/EasyDocStation/server/mail/repository.js:1123:20)
[20260704-00:14:44][BE]     at async /home/freegear/EasyDocStation/server/routes/mail.js:782:23
[20260704-00:14:46][BE] [link-preview-image] meta image failed, fallback screenshot: This operation was aborted
[20260704-00:14:58][BE] [link-preview-image] local render failed, try remote fallback: page.goto: Timeout 12000ms exceeded.
[20260704-00:14:58][BE] Call log:
[20260704-00:14:58][BE] [2m  - navigating to "http://114.207.245.216/", waiting until "domcontentloaded"[22m
[20260704-00:14:58][BE] 
[20260704-00:14:58][BE] [link-preview-image] remote fallback failed, placeholder: fallback preview fetch failed (404)
[20260704-00:15:14][BE] [Mail sync] 자동 동기화 완료: accounts=5, saved=0
[20260704-00:16:12][BE] [Mail sync] 자동 동기화 완료: accounts=5, saved=0
[20260704-00:17:12][BE] [Mail sync] 자동 동기화 완료: accounts=5, saved=0
[20260704-00:18:11][BE] [Mail sync] 자동 동기화 완료: accounts=5, saved=0
[20260704-00:19:12][BE] [Mail sync] 자동 동기화 완료: accounts=5, saved=0
[20260704-00:20:12][BE] [Mail sync] 자동 동기화 완료: accounts=5, saved=0
[20260704-00:21:09][BE] [Mail sync] 자동 동기화 완료: accounts=5, saved=0
[20260704-00:22:09][BE] [Mail sync] 자동 동기화 완료: accounts=5, saved=0
AM 12:22:15 [vite] hmr update /src/features/mail/MailPage.jsx, /src/index.css
AM 12:22:27 [vite] hmr update /src/features/mail/MailPage.jsx, /src/index.css
[20260704-00:23:12][BE] [Mail sync] 자동 동기화 완료: accounts=5, saved=0
종료됨
[20260704-00:23:22][BE] process exited with code 143. restarting in 2s...
종료됨
[20260704-00:23:23][BE] 
[20260704-00:23:23][BE] > easydocstation-server@1.0.0 start
[20260704-00:23:23][BE] > node index.js
[20260704-00:23:23][BE] 
[20260704-00:23:23][BE] [RAG] 초기화 — 학습 방식: immediate
[20260704-00:23:23][BE] [RAG] 초기화 — PDF 파싱 모드: FAST
[20260704-00:23:23][BE] [Mail sync] 자동 동기화 스케줄러 시작: interval=60s
[20260704-00:23:23][BE] ✅ EasyDocStation server running on http://localhost:3001
[20260704-00:23:23][BE] ✅ [CONFIG] HF_TOKEN 확인됨 (hf_u****butv, 길이 37)
[20260704-00:23:23][BE] ✅ Cassandra connected
[20260704-00:23:23][BE] ✅ Cassandra schema initialized
[20260704-00:23:23][BE] ✅ Database migration complete.
[20260704-00:23:23][BE] Terminated

> easydocstation@1.0.0 dev:frontend
> vite


> easydocstation@1.0.0 ollama:serve
> node scripts/ollama-serve-safe.mjs

[Ollama] already running on 127.0.0.1:11434, skipping duplicate serve.

  VITE v5.4.21  ready in 94 ms

  ➜  Local:   http://localhost:5173/
  ➜  Network: http://10.0.0.194:5173/
[20260704-00:23:26][BE] 
[20260704-00:23:26][BE] > easydocstation-server@1.0.0 start
[20260704-00:23:26][BE] > node index.js
[20260704-00:23:26][BE] 
[20260704-00:23:26][BE] [RAG] 초기화 — 학습 방식: immediate
[20260704-00:23:26][BE] [RAG] 초기화 — PDF 파싱 모드: FAST
[20260704-00:23:26][BE] [Mail sync] 자동 동기화 스케줄러 시작: interval=60s
[20260704-00:23:26][BE] ✅ EasyDocStation server running on http://localhost:3001
[20260704-00:23:26][BE] ✅ [CONFIG] HF_TOKEN 확인됨 (hf_u****butv, 길이 37)
[20260704-00:23:26][BE] ✅ Cassandra connected
[20260704-00:23:26][BE] ✅ Cassandra schema initialized
[20260704-00:23:26][BE] ✅ Database migration complete.
[20260704-00:23:29][BE] [RAG Server] [RAG Server] 임베딩 모델 로드 중 (device=cuda)...
[20260704-00:23:43][BE] [RAG Server] [RAG Server] 임베딩 모델 로드 완료
[20260704-00:23:43][BE] [RAG Server] [RAG Server] 포트 5001 에서 시작됨
[20260704-00:24:08][BE] [Mail sync] 자동 동기화 완료: accounts=5, saved=0
[20260704-00:24:40][BE] [Mail sync] 자동 동기화 완료: accounts=5, saved=0
[20260704-00:25:36][BE] Error: 메일 tenant를 찾을 수 없습니다: undefined
[20260704-00:25:36][BE]     at Object.resolveTenant (/home/freegear/EasyDocStation/server/mail/connectionManager.js:118:23)
[20260704-00:25:36][BE]     at process.processTicksAndRejections (node:internal/process/task_queues:103:5)
[20260704-00:25:36][BE]     at async tenantQuery (/home/freegear/EasyDocStation/server/mail/repository.js:668:20)
[20260704-00:25:36][BE]     at async Object.listUnifiedMessages (/home/freegear/EasyDocStation/server/mail/repository.js:1123:20)
[20260704-00:25:36][BE]     at async /home/freegear/EasyDocStation/server/routes/mail.js:782:23
[20260704-00:25:36][BE] Error: 메일 tenant를 찾을 수 없습니다: undefined
[20260704-00:25:36][BE]     at Object.resolveTenant (/home/freegear/EasyDocStation/server/mail/connectionManager.js:118:23)
[20260704-00:25:36][BE]     at process.processTicksAndRejections (node:internal/process/task_queues:103:5)
[20260704-00:25:36][BE]     at async tenantQuery (/home/freegear/EasyDocStation/server/mail/repository.js:668:20)
[20260704-00:25:36][BE]     at async Object.listUnifiedMessages (/home/freegear/EasyDocStation/server/mail/repository.js:1123:20)
[20260704-00:25:36][BE]     at async /home/freegear/EasyDocStation/server/routes/mail.js:782:23
[20260704-00:25:40][BE] [Mail sync] 자동 동기화 완료: accounts=5, saved=0
[20260704-00:26:39][BE] [Mail sync] 자동 동기화 완료: accounts=5, saved=0
[20260704-00:27:40][BE] [Mail sync] 자동 동기화 완료: accounts=5, saved=0
[20260704-00:28:39][BE] [Mail sync] 자동 동기화 완료: accounts=5, saved=0
[20260704-00:29:40][BE] [Mail sync] 자동 동기화 완료: accounts=5, saved=0
[20260704-00:30:39][BE] [Mail sync] 자동 동기화 완료: accounts=5, saved=0
[20260704-00:31:38][BE] [Mail sync] 자동 동기화 완료: accounts=5, saved=0
[20260704-00:32:38][BE] [Mail sync] 자동 동기화 완료: accounts=5, saved=0
AM 12:33:04 [vite] hmr update /src/features/mail/MailPage.jsx, /src/index.css
AM 12:33:20 [vite] hmr update /src/features/mail/MailPage.jsx, /src/index.css
AM 12:33:35 [vite] hmr update /src/features/mail/MailPage.jsx, /src/index.css
[20260704-00:33:38][BE] [Mail sync] 자동 동기화 완료: accounts=5, saved=0
AM 12:34:07 [vite] hmr update /src/features/mail/MailPage.jsx, /src/index.css
[20260704-00:34:40][BE] [Mail sync] 자동 동기화 완료: accounts=5, saved=0
AM 12:34:49 [vite] hmr update /src/features/mail/MailPage.jsx, /src/index.css
AM 12:34:59 [vite] hmr update /src/features/mail/MailPage.jsx, /src/index.css
AM 12:35:09 [vite] hmr update /src/features/mail/MailPage.jsx, /src/index.css
AM 12:35:25 [vite] hmr update /src/features/mail/MailPage.jsx, /src/index.css
[20260704-00:35:41][BE] [Mail sync] 자동 동기화 완료: accounts=5, saved=0
AM 12:35:46 [vite] hmr update /src/features/mail/MailPage.jsx, /src/index.css
AM 12:35:57 [vite] hmr update /src/features/mail/MailPage.jsx, /src/index.css
AM 12:36:05 [vite] hmr update /src/features/mail/MailPage.jsx, /src/index.css
AM 12:36:30 [vite] hmr update /src/features/mail/MailPage.jsx, /src/index.css
[20260704-00:36:40][BE] [Mail sync] 자동 동기화 완료: accounts=5, saved=0
AM 12:36:53 [vite] hmr update /src/features/mail/MailPage.jsx, /src/index.css
AM 12:36:53 [vite] warning: Duplicate "placeholder" attribute in JSX element
5863|            onChange={(event) => setMailSearchQuery(event.target.value)}
5864|            placeholder="메일 검색..."
5865|            placeholder={mt.searchPlaceholder}
   |            ^
5866|            className="h-10 w-full rounded-lg border border-gray-200 bg-gray-50 pl-10 pr-3 text-sm text-gray-700 outline-none transition focus:border-indigo-400 focus:bg-white focus:ring-2 focus:ring-indigo-100" />
5867|          

  Plugin: vite:esbuild
  File: /home/freegear/EasyDocStation/src/features/mail/MailPage.jsx
AM 12:37:13 [vite] hmr update /src/features/mail/MailPage.jsx, /src/index.css
AM 12:37:23 [vite] hmr update /src/features/mail/MailPage.jsx, /src/index.css
[20260704-00:37:40][BE] [Mail sync] 자동 동기화 완료: accounts=5, saved=0
AM 12:37:40 [vite] hmr update /src/features/mail/MailPage.jsx, /src/index.css
AM 12:37:47 [vite] hmr update /src/features/mail/MailPage.jsx, /src/index.css
AM 12:38:38 [vite] hmr update /src/features/mail/MailPage.jsx, /src/index.css
[20260704-00:38:39][BE] [Mail sync] 자동 동기화 완료: accounts=5, saved=0
AM 12:38:47 [vite] hmr update /src/features/mail/MailPage.jsx, /src/index.css
AM 12:39:01 [vite] hmr update /src/features/mail/MailPage.jsx, /src/index.css
AM 12:39:26 [vite] hmr update /src/features/mail/MailPage.jsx, /src/index.css
[20260704-00:39:39][BE] [Mail sync] 자동 동기화 완료: accounts=5, saved=0
AM 12:39:48 [vite] hmr update /src/features/mail/MailPage.jsx, /src/index.css
AM 12:39:55 [vite] hmr update /src/features/mail/MailPage.jsx, /src/index.css
AM 12:40:05 [vite] hmr update /src/features/mail/MailPage.jsx, /src/index.css
AM 12:40:30 [vite] hmr update /src/features/mail/MailPage.jsx, /src/index.css
AM 12:40:35 [vite] hmr update /src/features/mail/MailPage.jsx, /src/index.css
[20260704-00:40:40][BE] [Mail sync] 자동 동기화 완료: accounts=5, saved=0
AM 12:40:42 [vite] hmr update /src/features/mail/MailPage.jsx, /src/index.css
[20260704-00:41:39][BE] [Mail sync] 자동 동기화 완료: accounts=5, saved=0
AM 12:41:39 [vite] hmr update /src/features/mail/MailPage.jsx, /src/index.css
AM 12:41:49 [vite] hmr update /src/features/mail/MailPage.jsx, /src/index.css
[20260704-00:42:38][BE] [Mail sync] 자동 동기화 완료: accounts=5, saved=0
[20260704-00:43:38][BE] [Mail sync] 자동 동기화 완료: accounts=5, saved=0
[20260704-00:44:38][BE] [Mail sync] 자동 동기화 완료: accounts=5, saved=0
[20260704-00:45:37][BE] [Mail sync] 자동 동기화 완료: accounts=5, saved=0
[20260704-00:46:37][BE] [Mail sync] 자동 동기화 완료: accounts=5, saved=0
[20260704-00:47:38][BE] [Mail sync] 자동 동기화 완료: accounts=5, saved=0
[20260704-00:48:38][BE] [Mail sync] 자동 동기화 완료: accounts=5, saved=0
[20260704-00:48:56][BE] [link-preview-image] meta image failed, fallback screenshot: meta image not found
[20260704-00:49:38][BE] [Mail sync] 자동 동기화 완료: accounts=5, saved=0
[20260704-00:50:38][BE] [Mail sync] 자동 동기화 완료: accounts=5, saved=0
[20260704-00:51:01][BE] Error: 메일 tenant를 찾을 수 없습니다: undefined
[20260704-00:51:01][BE]     at Object.resolveTenant (/home/freegear/EasyDocStation/server/mail/connectionManager.js:118:23)
[20260704-00:51:01][BE]     at process.processTicksAndRejections (node:internal/process/task_queues:103:5)
[20260704-00:51:01][BE]     at async tenantQuery (/home/freegear/EasyDocStation/server/mail/repository.js:668:20)
[20260704-00:51:01][BE]     at async Object.listUnifiedMessages (/home/freegear/EasyDocStation/server/mail/repository.js:1123:20)
[20260704-00:51:01][BE]     at async /home/freegear/EasyDocStation/server/routes/mail.js:782:23
[20260704-00:51:01][BE] Error: 메일 tenant를 찾을 수 없습니다: undefined
[20260704-00:51:01][BE]     at Object.resolveTenant (/home/freegear/EasyDocStation/server/mail/connectionManager.js:118:23)
[20260704-00:51:01][BE]     at process.processTicksAndRejections (node:internal/process/task_queues:103:5)
[20260704-00:51:01][BE]     at async tenantQuery (/home/freegear/EasyDocStation/server/mail/repository.js:668:20)
[20260704-00:51:01][BE]     at async Object.listUnifiedMessages (/home/freegear/EasyDocStation/server/mail/repository.js:1123:20)
[20260704-00:51:01][BE]     at async /home/freegear/EasyDocStation/server/routes/mail.js:782:23
[20260704-00:51:34][BE] Error: 메일 tenant를 찾을 수 없습니다: undefined
[20260704-00:51:34][BE]     at Object.resolveTenant (/home/freegear/EasyDocStation/server/mail/connectionManager.js:118:23)
[20260704-00:51:34][BE]     at process.processTicksAndRejections (node:internal/process/task_queues:103:5)
[20260704-00:51:34][BE]     at async tenantQuery (/home/freegear/EasyDocStation/server/mail/repository.js:668:20)
[20260704-00:51:34][BE]     at async Object.listUnifiedMessages (/home/freegear/EasyDocStation/server/mail/repository.js:1123:20)
[20260704-00:51:34][BE]     at async /home/freegear/EasyDocStation/server/routes/mail.js:782:23
[20260704-00:51:34][BE] Error: 메일 tenant를 찾을 수 없습니다: undefined
[20260704-00:51:34][BE]     at Object.resolveTenant (/home/freegear/EasyDocStation/server/mail/connectionManager.js:118:23)
[20260704-00:51:34][BE]     at process.processTicksAndRejections (node:internal/process/task_queues:103:5)
[20260704-00:51:34][BE]     at async tenantQuery (/home/freegear/EasyDocStation/server/mail/repository.js:668:20)
[20260704-00:51:34][BE]     at async Object.listUnifiedMessages (/home/freegear/EasyDocStation/server/mail/repository.js:1123:20)
[20260704-00:51:34][BE]     at async /home/freegear/EasyDocStation/server/routes/mail.js:782:23
[20260704-00:51:40][BE] [Mail sync] 자동 동기화 완료: accounts=5, saved=0
[20260704-00:52:40][BE] [Mail sync] 자동 동기화 완료: accounts=5, saved=0
[20260704-00:53:40][BE] [Mail sync] 자동 동기화 완료: accounts=5, saved=0
[20260704-00:54:39][BE] [Mail sync] 자동 동기화 완료: accounts=5, saved=0
AM 12:54:56 [vite] hmr update /src/features/mail/MailPage.jsx, /src/index.css
AM 12:55:20 [vite] hmr update /src/features/mail/MailPage.jsx, /src/index.css
AM 12:55:35 [vite] hmr update /src/features/mail/MailPage.jsx, /src/index.css
[20260704-00:55:38][BE] [Mail sync] 자동 동기화 완료: accounts=5, saved=0
[20260704-00:56:39][BE] [Mail sync] 자동 동기화 완료: accounts=5, saved=0
[20260704-00:57:39][BE] [Mail sync] 자동 동기화 완료: accounts=5, saved=0
[20260704-00:58:40][BE] [Mail sync] 자동 동기화 완료: accounts=5, saved=0
[20260704-00:59:41][BE] [Mail sync] 자동 동기화 완료: accounts=5, saved=0
[20260704-01:00:40][BE] [Mail sync] 자동 동기화 완료: accounts=5, saved=0
[20260704-01:01:40][BE] [Mail sync] 자동 동기화 완료: accounts=5, saved=0
[20260704-01:02:40][BE] [Mail sync] 자동 동기화 완료: accounts=5, saved=0
[20260704-01:03:39][BE] [Mail sync] 자동 동기화 완료: accounts=5, saved=0
[20260704-01:04:42][BE] [Mail sync] 자동 동기화 완료: accounts=5, saved=0
[20260704-01:05:40][BE] [Mail sync] 자동 동기화 완료: accounts=5, saved=0
[20260704-01:06:39][BE] [Mail sync] 자동 동기화 완료: accounts=5, saved=0
[20260704-01:07:43][BE] [Mail sync] 자동 동기화 완료: accounts=5, saved=0
[20260704-01:08:38][BE] [Mail sync] 자동 동기화 완료: accounts=5, saved=0
[20260704-01:09:37][BE] [Mail sync] 자동 동기화 완료: accounts=5, saved=0
[20260704-01:10:38][BE] [Mail sync] 자동 동기화 완료: accounts=5, saved=0
[20260704-01:11:40][BE] [Mail sync] 자동 동기화 완료: accounts=5, saved=0
[20260704-01:12:40][BE] [Mail sync] 자동 동기화 완료: accounts=5, saved=0
[20260704-01:13:43][BE] [Mail sync] 자동 동기화 완료: accounts=5, saved=1
[20260704-01:14:39][BE] [Mail sync] 자동 동기화 완료: accounts=5, saved=0
[20260704-01:15:42][BE] [Mail sync] 자동 동기화 완료: accounts=5, saved=0
[20260704-01:16:39][BE] [Mail sync] 자동 동기화 완료: accounts=5, saved=0
[20260704-01:17:41][BE] [Mail sync] 자동 동기화 완료: accounts=5, saved=0
[20260704-01:18:40][BE] [Mail sync] 자동 동기화 완료: accounts=5, saved=0
[20260704-01:19:38][BE] [Mail sync] 자동 동기화 완료: accounts=5, saved=0
[20260704-01:20:38][BE] [Mail sync] 자동 동기화 완료: accounts=5, saved=0
[20260704-01:21:38][BE] [Mail sync] 자동 동기화 완료: accounts=5, saved=0
[20260704-01:22:39][BE] [Mail sync] 자동 동기화 완료: accounts=5, saved=0
[20260704-01:23:39][BE] [Mail sync] 자동 동기화 완료: accounts=5, saved=0
[20260704-01:24:38][BE] [Mail sync] 자동 동기화 완료: accounts=5, saved=0
[20260704-01:25:38][BE] [Mail sync] 자동 동기화 완료: accounts=5, saved=0
[20260704-01:26:40][BE] [Mail sync] 자동 동기화 완료: accounts=5, saved=0
[20260704-01:27:39][BE] [Mail sync] 자동 동기화 완료: accounts=5, saved=0
[20260704-01:28:39][BE] [Mail sync] 자동 동기화 완료: accounts=5, saved=0
[20260704-01:29:40][BE] [Mail sync] 자동 동기화 완료: accounts=5, saved=0
[20260704-01:30:40][BE] [Mail sync] 자동 동기화 완료: accounts=5, saved=0
[20260704-01:31:45][BE] [Mail sync] 자동 동기화 완료: accounts=5, saved=0
[20260704-01:32:41][BE] [Mail sync] 자동 동기화 완료: accounts=5, saved=0
[20260704-01:33:40][BE] [Mail sync] 자동 동기화 완료: accounts=5, saved=0
[20260704-01:34:41][BE] [Mail sync] 자동 동기화 완료: accounts=5, saved=0
[20260704-01:35:40][BE] [Mail sync] 자동 동기화 완료: accounts=5, saved=0
[20260704-01:36:38][BE] [Mail sync] 자동 동기화 완료: accounts=5, saved=0
[20260704-01:37:37][BE] [Mail sync] 자동 동기화 완료: accounts=5, saved=0
[20260704-01:38:38][BE] [Mail sync] 자동 동기화 완료: accounts=5, saved=0
[20260704-01:39:39][BE] [Mail sync] 자동 동기화 완료: accounts=5, saved=0
[20260704-01:40:40][BE] [Mail sync] 자동 동기화 완료: accounts=5, saved=0
[20260704-01:41:40][BE] [Mail sync] 자동 동기화 완료: accounts=5, saved=0
[20260704-01:42:40][BE] [Mail sync] 자동 동기화 완료: accounts=5, saved=0
[20260704-01:43:39][BE] [Mail sync] 자동 동기화 완료: accounts=5, saved=0
[20260704-01:44:38][BE] [Mail sync] 자동 동기화 완료: accounts=5, saved=0
[20260704-01:45:39][BE] [Mail sync] 자동 동기화 완료: accounts=5, saved=0
[20260704-01:46:39][BE] [Mail sync] 자동 동기화 완료: accounts=5, saved=0
[20260704-01:47:40][BE] [Mail sync] 자동 동기화 완료: accounts=5, saved=0
[20260704-01:48:39][BE] [Mail sync] 자동 동기화 완료: accounts=5, saved=0
[20260704-01:49:39][BE] [Mail sync] 자동 동기화 완료: accounts=5, saved=0
[20260704-01:50:40][BE] [Mail sync] 자동 동기화 완료: accounts=5, saved=0
[20260704-01:51:39][BE] [Mail sync] 자동 동기화 완료: accounts=5, saved=0
[20260704-01:52:39][BE] [Mail sync] 자동 동기화 완료: accounts=5, saved=0
[20260704-01:53:40][BE] [Mail sync] 자동 동기화 완료: accounts=5, saved=0
[20260704-01:54:41][BE] [Mail sync] 자동 동기화 완료: accounts=5, saved=0
[20260704-01:55:37][BE] [Mail sync] 자동 동기화 완료: accounts=5, saved=0
[20260704-01:56:37][BE] [Mail sync] 자동 동기화 완료: accounts=5, saved=0
[20260704-01:57:39][BE] [Mail sync] 자동 동기화 완료: accounts=5, saved=0
[20260704-01:58:37][BE] [Mail sync] 자동 동기화 완료: accounts=5, saved=0
[20260704-01:59:39][BE] [Mail sync] 자동 동기화 완료: accounts=5, saved=0
[20260704-02:00:41][BE] [Mail sync] 자동 동기화 완료: accounts=5, saved=0
[20260704-02:01:40][BE] [Mail sync] 자동 동기화 완료: accounts=5, saved=0
[20260704-02:02:47][BE] [Mail sync] 자동 동기화 완료: accounts=5, saved=0
[20260704-02:03:39][BE] [Mail sync] 자동 동기화 완료: accounts=5, saved=0
[20260704-02:04:39][BE] [Mail sync] 자동 동기화 완료: accounts=5, saved=0
[20260704-02:05:39][BE] [Mail sync] 자동 동기화 완료: accounts=5, saved=0
[20260704-02:06:40][BE] [Mail sync] 자동 동기화 완료: accounts=5, saved=0
[20260704-02:07:39][BE] [Mail sync] 자동 동기화 완료: accounts=5, saved=0
[20260704-02:08:40][BE] [Mail sync] 자동 동기화 완료: accounts=5, saved=0
[20260704-02:09:37][BE] [Mail sync] 자동 동기화 완료: accounts=5, saved=0
[20260704-02:10:40][BE] [Mail sync] 자동 동기화 완료: accounts=5, saved=0
[20260704-02:11:43][BE] [Mail sync] 자동 동기화 완료: accounts=5, saved=0
[20260704-02:12:40][BE] [Mail sync] 자동 동기화 완료: accounts=5, saved=0
[20260704-02:13:37][BE] [Mail sync] 자동 동기화 완료: accounts=5, saved=0
[20260704-02:14:40][BE] [Mail sync] 자동 동기화 완료: accounts=5, saved=0
[20260704-02:15:41][BE] [Mail sync] 자동 동기화 완료: accounts=5, saved=0
[20260704-02:16:40][BE] [Mail sync] 자동 동기화 완료: accounts=5, saved=0
[20260704-02:17:40][BE] [Mail sync] 자동 동기화 완료: accounts=5, saved=0
[20260704-02:18:39][BE] [Mail sync] 자동 동기화 완료: accounts=5, saved=0
[20260704-02:19:38][BE] [Mail sync] 자동 동기화 완료: accounts=5, saved=0
[20260704-02:20:39][BE] [Mail sync] 자동 동기화 완료: accounts=5, saved=0
[20260704-02:21:38][BE] [Mail sync] 자동 동기화 완료: accounts=5, saved=0
[20260704-02:22:39][BE] [Mail sync] 자동 동기화 완료: accounts=5, saved=0
[20260704-02:23:37][BE] [Mail sync] 자동 동기화 완료: accounts=5, saved=0
[20260704-02:24:39][BE] [Mail sync] 자동 동기화 완료: accounts=5, saved=0
[20260704-02:25:38][BE] [Mail sync] 자동 동기화 완료: accounts=5, saved=0
[20260704-02:26:38][BE] [Mail sync] 자동 동기화 완료: accounts=5, saved=0
[20260704-02:27:37][BE] [Mail sync] 자동 동기화 완료: accounts=5, saved=0
[20260704-02:28:40][BE] [Mail sync] 자동 동기화 완료: accounts=5, saved=0
[20260704-02:29:39][BE] [Mail sync] 자동 동기화 완료: accounts=5, saved=0
[20260704-02:30:40][BE] [Mail sync] 자동 동기화 완료: accounts=5, saved=0
[20260704-02:31:39][BE] [Mail sync] 자동 동기화 완료: accounts=5, saved=0
[20260704-02:32:39][BE] [Mail sync] 자동 동기화 완료: accounts=5, saved=0
[20260704-02:33:38][BE] [Mail sync] 자동 동기화 완료: accounts=5, saved=0
[20260704-02:34:40][BE] [Mail sync] 자동 동기화 완료: accounts=5, saved=0
[20260704-02:35:41][BE] [Mail sync] 자동 동기화 완료: accounts=5, saved=0
[20260704-02:36:39][BE] [Mail sync] 자동 동기화 완료: accounts=5, saved=0
[20260704-02:37:39][BE] [Mail sync] 자동 동기화 완료: accounts=5, saved=0
[20260704-02:38:39][BE] [Mail sync] 자동 동기화 완료: accounts=5, saved=0
[20260704-02:39:40][BE] [Mail sync] 자동 동기화 완료: accounts=5, saved=0
[20260704-02:40:38][BE] [Mail sync] 자동 동기화 완료: accounts=5, saved=0
[20260704-02:41:37][BE] [Mail sync] 자동 동기화 완료: accounts=5, saved=0
[20260704-02:42:37][BE] [Mail sync] 자동 동기화 완료: accounts=5, saved=0
[20260704-02:43:38][BE] [Mail sync] 자동 동기화 완료: accounts=5, saved=0
[20260704-02:44:38][BE] [Mail sync] 자동 동기화 완료: accounts=5, saved=0
[20260704-02:45:38][BE] [Mail sync] 자동 동기화 완료: accounts=5, saved=0
[20260704-02:46:41][BE] [Mail sync] 자동 동기화 완료: accounts=5, saved=0
[20260704-02:47:40][BE] [Mail sync] 자동 동기화 완료: accounts=5, saved=0
[20260704-02:48:41][BE] [Mail sync] 자동 동기화 완료: accounts=5, saved=0
[20260704-02:49:43][BE] [Mail sync] 자동 동기화 완료: accounts=5, saved=0
[20260704-02:50:40][BE] [Mail sync] 자동 동기화 완료: accounts=5, saved=1
[20260704-02:51:39][BE] [Mail sync] 자동 동기화 완료: accounts=5, saved=0
[20260704-02:52:39][BE] [Mail sync] 자동 동기화 완료: accounts=5, saved=0
[20260704-02:53:40][BE] [Mail sync] 자동 동기화 완료: accounts=5, saved=0
[20260704-02:54:44][BE] [Mail sync] 자동 동기화 완료: accounts=5, saved=0
[20260704-02:55:40][BE] [Mail sync] 자동 동기화 완료: accounts=5, saved=0
[20260704-02:56:39][BE] [Mail sync] 자동 동기화 완료: accounts=5, saved=0
[20260704-02:57:37][BE] [Mail sync] 자동 동기화 완료: accounts=5, saved=0
[20260704-02:58:38][BE] [Mail sync] 자동 동기화 완료: accounts=5, saved=0
[20260704-02:59:38][BE] [Mail sync] 자동 동기화 완료: accounts=5, saved=0
[20260704-03:00:38][BE] [Mail sync] 자동 동기화 완료: accounts=5, saved=0
[20260704-03:01:38][BE] [Mail sync] 자동 동기화 완료: accounts=5, saved=0
[20260704-03:02:40][BE] [Mail sync] 자동 동기화 완료: accounts=5, saved=0
[20260704-03:03:38][BE] [Mail sync] 자동 동기화 완료: accounts=5, saved=0
[20260704-03:04:37][BE] [Mail sync] 자동 동기화 완료: accounts=5, saved=0
[20260704-03:05:39][BE] [Mail sync] 자동 동기화 완료: accounts=5, saved=0
[20260704-03:06:40][BE] [Mail sync] 자동 동기화 완료: accounts=5, saved=0
[20260704-03:07:39][BE] [Mail sync] 자동 동기화 완료: accounts=5, saved=0
[20260704-03:08:39][BE] [Mail sync] 자동 동기화 완료: accounts=5, saved=0
[20260704-03:09:40][BE] [Mail sync] 자동 동기화 완료: accounts=5, saved=0
[20260704-03:10:38][BE] [Mail sync] 자동 동기화 완료: accounts=5, saved=0
[20260704-03:11:38][BE] [Mail sync] 자동 동기화 완료: accounts=5, saved=0
[20260704-03:12:37][BE] [Mail sync] 자동 동기화 완료: accounts=5, saved=0
[20260704-03:13:38][BE] [Mail sync] 자동 동기화 완료: accounts=5, saved=0
[20260704-03:14:40][BE] [Mail sync] 자동 동기화 완료: accounts=5, saved=0
[20260704-03:15:38][BE] [Mail sync] 자동 동기화 완료: accounts=5, saved=0
[20260704-03:16:39][BE] [Mail sync] 자동 동기화 완료: accounts=5, saved=0
[20260704-03:17:39][BE] [Mail sync] 자동 동기화 완료: accounts=5, saved=0
[20260704-03:18:41][BE] [Mail sync] 자동 동기화 완료: accounts=5, saved=0
[20260704-03:19:40][BE] [Mail sync] 자동 동기화 완료: accounts=5, saved=0
[20260704-03:20:40][BE] [Mail sync] 자동 동기화 완료: accounts=5, saved=0
[20260704-03:21:40][BE] [Mail sync] 자동 동기화 완료: accounts=5, saved=0
[20260704-03:22:38][BE] [Mail sync] 자동 동기화 완료: accounts=5, saved=0
[20260704-03:23:40][BE] [Mail sync] 자동 동기화 완료: accounts=5, saved=0
[20260704-03:24:39][BE] [Mail sync] 자동 동기화 완료: accounts=5, saved=0
[20260704-03:25:39][BE] [Mail sync] 자동 동기화 완료: accounts=5, saved=0
[20260704-03:26:40][BE] [Mail sync] 자동 동기화 완료: accounts=5, saved=0
[20260704-03:27:40][BE] [Mail sync] 자동 동기화 완료: accounts=5, saved=0
[20260704-03:28:40][BE] [Mail sync] 자동 동기화 완료: accounts=5, saved=0
[20260704-03:29:38][BE] [Mail sync] 자동 동기화 완료: accounts=5, saved=0
[20260704-03:30:38][BE] [Mail sync] 자동 동기화 완료: accounts=5, saved=0
[20260704-03:31:38][BE] [Mail sync] 자동 동기화 완료: accounts=5, saved=0
[20260704-03:32:38][BE] [Mail sync] 자동 동기화 완료: accounts=5, saved=0
[20260704-03:33:37][BE] [Mail sync] 자동 동기화 완료: accounts=5, saved=0
[20260704-03:34:38][BE] [Mail sync] 자동 동기화 완료: accounts=5, saved=0
[20260704-03:35:42][BE] [Mail sync] 자동 동기화 완료: accounts=5, saved=0
[20260704-03:36:40][BE] [Mail sync] 자동 동기화 완료: accounts=5, saved=0
[20260704-03:37:42][BE] [Mail sync] 자동 동기화 완료: accounts=5, saved=0
[20260704-03:38:41][BE] [Mail sync] 자동 동기화 완료: accounts=5, saved=0
[20260704-03:39:40][BE] [Mail sync] 자동 동기화 완료: accounts=5, saved=0
[20260704-03:40:40][BE] [Mail sync] 자동 동기화 완료: accounts=5, saved=0
[20260704-03:41:39][BE] [Mail sync] 자동 동기화 완료: accounts=5, saved=0
[20260704-03:42:37][BE] [Mail sync] 자동 동기화 완료: accounts=5, saved=0
[20260704-03:43:38][BE] [Mail sync] 자동 동기화 완료: accounts=5, saved=0
[20260704-03:44:38][BE] [Mail sync] 자동 동기화 완료: accounts=5, saved=0
[20260704-03:45:39][BE] [Mail sync] 자동 동기화 완료: accounts=5, saved=0
[20260704-03:46:41][BE] [Mail sync] 자동 동기화 완료: accounts=5, saved=1
[20260704-03:47:38][BE] [Mail sync] 자동 동기화 완료: accounts=5, saved=0
[20260704-03:48:38][BE] [Mail sync] 자동 동기화 완료: accounts=5, saved=0
[20260704-03:49:39][BE] [Mail sync] 자동 동기화 완료: accounts=5, saved=0
[20260704-03:50:39][BE] [Mail sync] 자동 동기화 완료: accounts=5, saved=0
[20260704-03:51:36][BE] [Mail sync] 자동 동기화 완료: accounts=5, saved=0
[20260704-03:52:36][BE] [Mail sync] 자동 동기화 완료: accounts=5, saved=0
[20260704-03:53:42][BE] [Mail sync] 자동 동기화 완료: accounts=5, saved=0
[20260704-03:54:38][BE] [Mail sync] 자동 동기화 완료: accounts=5, saved=0
[20260704-03:55:40][BE] [Mail sync] 자동 동기화 완료: accounts=5, saved=0
[20260704-03:56:39][BE] [Mail sync] 자동 동기화 완료: accounts=5, saved=0
[20260704-03:57:39][BE] [Mail sync] 자동 동기화 완료: accounts=5, saved=0
[20260704-03:58:38][BE] [Mail sync] 자동 동기화 완료: accounts=5, saved=0
[20260704-03:59:40][BE] [Mail sync] 자동 동기화 완료: accounts=5, saved=0
[20260704-04:00:40][BE] [Mail sync] 자동 동기화 완료: accounts=5, saved=0
[20260704-04:01:39][BE] [Mail sync] 자동 동기화 완료: accounts=5, saved=0
[20260704-04:02:39][BE] [Mail sync] 자동 동기화 완료: accounts=5, saved=0
[20260704-04:03:42][BE] [Mail sync] 자동 동기화 완료: accounts=5, saved=0
[20260704-04:04:40][BE] [Mail sync] 자동 동기화 완료: accounts=5, saved=0
[20260704-04:05:41][BE] [Mail sync] 자동 동기화 완료: accounts=5, saved=0
[20260704-04:06:41][BE] [Mail sync] 자동 동기화 완료: accounts=5, saved=0
[20260704-04:07:39][BE] [Mail sync] 자동 동기화 완료: accounts=5, saved=0
[20260704-04:08:40][BE] [Mail sync] 자동 동기화 완료: accounts=5, saved=0
[20260704-04:09:39][BE] [Mail sync] 자동 동기화 완료: accounts=5, saved=0
[20260704-04:10:41][BE] [Mail sync] 자동 동기화 완료: accounts=5, saved=0
[20260704-04:11:39][BE] [Mail sync] 자동 동기화 완료: accounts=5, saved=0
[20260704-04:12:39][BE] [Mail sync] 자동 동기화 완료: accounts=5, saved=0
[20260704-04:13:39][BE] [Mail sync] 자동 동기화 완료: accounts=5, saved=0
[20260704-04:14:39][BE] [Mail sync] 자동 동기화 완료: accounts=5, saved=0
[20260704-04:15:40][BE] [Mail sync] 자동 동기화 완료: accounts=5, saved=0
[20260704-04:16:39][BE] [Mail sync] 자동 동기화 완료: accounts=5, saved=0
[20260704-04:17:39][BE] [Mail sync] 자동 동기화 완료: accounts=5, saved=0
[20260704-04:18:41][BE] [Mail sync] 자동 동기화 완료: accounts=5, saved=0
[20260704-04:19:40][BE] [Mail sync] 자동 동기화 완료: accounts=5, saved=0
[20260704-04:20:39][BE] [Mail sync] 자동 동기화 완료: accounts=5, saved=0
[20260704-04:21:39][BE] [Mail sync] 자동 동기화 완료: accounts=5, saved=0
[20260704-04:22:40][BE] [Mail sync] 자동 동기화 완료: accounts=5, saved=0
[20260704-04:23:39][BE] [Mail sync] 자동 동기화 완료: accounts=5, saved=0
[20260704-04:24:40][BE] [Mail sync] 자동 동기화 완료: accounts=5, saved=0
[20260704-04:25:39][BE] [Mail sync] 자동 동기화 완료: accounts=5, saved=0
[20260704-04:26:39][BE] [Mail sync] 자동 동기화 완료: accounts=5, saved=0
[20260704-04:27:40][BE] [Mail sync] 자동 동기화 완료: accounts=5, saved=0
[20260704-04:28:37][BE] [Mail sync] 자동 동기화 완료: accounts=5, saved=0
[20260704-04:29:40][BE] [Mail sync] 자동 동기화 완료: accounts=5, saved=0
[20260704-04:30:41][BE] [Mail sync] 자동 동기화 완료: accounts=5, saved=0
[20260704-04:31:40][BE] [Mail sync] 자동 동기화 완료: accounts=5, saved=0
[20260704-04:32:38][BE] [Mail sync] 자동 동기화 완료: accounts=5, saved=0
[20260704-04:33:38][BE] [Mail sync] 자동 동기화 완료: accounts=5, saved=0
[20260704-04:34:39][BE] [Mail sync] 자동 동기화 완료: accounts=5, saved=0
[20260704-04:35:39][BE] [Mail sync] 자동 동기화 완료: accounts=5, saved=0
[20260704-04:36:38][BE] [Mail sync] 자동 동기화 완료: accounts=5, saved=0
[20260704-04:37:38][BE] [Mail sync] 자동 동기화 완료: accounts=5, saved=0
[20260704-04:38:38][BE] [Mail sync] 자동 동기화 완료: accounts=5, saved=0
[20260704-04:39:39][BE] [Mail sync] 자동 동기화 완료: accounts=5, saved=0
[20260704-04:40:39][BE] [Mail sync] 자동 동기화 완료: accounts=5, saved=0
[20260704-04:41:37][BE] [Mail sync] 자동 동기화 완료: accounts=5, saved=0
[20260704-04:42:38][BE] [Mail sync] 자동 동기화 완료: accounts=5, saved=0
[20260704-04:43:39][BE] [Mail sync] 자동 동기화 완료: accounts=5, saved=0
[20260704-04:44:40][BE] [Mail sync] 자동 동기화 완료: accounts=5, saved=0
[20260704-04:45:40][BE] [Mail sync] 자동 동기화 완료: accounts=5, saved=0
[20260704-04:46:39][BE] [Mail sync] 자동 동기화 완료: accounts=5, saved=0
[20260704-04:47:40][BE] [Mail sync] 자동 동기화 완료: accounts=5, saved=0
[20260704-04:48:40][BE] [Mail sync] 자동 동기화 완료: accounts=5, saved=0
[20260704-04:49:41][BE] [Mail sync] 자동 동기화 완료: accounts=5, saved=0
[20260704-04:50:39][BE] [Mail sync] 자동 동기화 완료: accounts=5, saved=0
[20260704-04:51:41][BE] [Mail sync] 자동 동기화 완료: accounts=5, saved=0
[20260704-04:52:40][BE] [Mail sync] 자동 동기화 완료: accounts=5, saved=0
[20260704-04:53:39][BE] [Mail sync] 자동 동기화 완료: accounts=5, saved=0
[20260704-04:54:40][BE] [Mail sync] 자동 동기화 완료: accounts=5, saved=0
[20260704-04:55:39][BE] [Mail sync] 자동 동기화 완료: accounts=5, saved=0
[20260704-04:56:39][BE] [Mail sync] 자동 동기화 완료: accounts=5, saved=0
[20260704-04:57:40][BE] [Mail sync] 자동 동기화 완료: accounts=5, saved=0
[20260704-04:58:41][BE] [Mail sync] 자동 동기화 완료: accounts=5, saved=0
[20260704-04:59:40][BE] [Mail sync] 자동 동기화 완료: accounts=5, saved=0
[20260704-05:00:39][BE] [Mail sync] 자동 동기화 완료: accounts=5, saved=0
[20260704-05:01:43][BE] [Mail sync] 자동 동기화 완료: accounts=5, saved=0
[20260704-05:02:08][BE] [link-preview-image] meta image failed, fallback screenshot: meta image not found
[20260704-05:02:24][BE] Error: 메일 tenant를 찾을 수 없습니다: undefined
[20260704-05:02:24][BE]     at Object.resolveTenant (/home/freegear/EasyDocStation/server/mail/connectionManager.js:118:23)
[20260704-05:02:24][BE]     at process.processTicksAndRejections (node:internal/process/task_queues:103:5)
[20260704-05:02:24][BE]     at async tenantQuery (/home/freegear/EasyDocStation/server/mail/repository.js:668:20)
[20260704-05:02:24][BE]     at async Object.listUnifiedMessages (/home/freegear/EasyDocStation/server/mail/repository.js:1123:20)
[20260704-05:02:24][BE]     at async /home/freegear/EasyDocStation/server/routes/mail.js:782:23
[20260704-05:02:24][BE] Error: 메일 tenant를 찾을 수 없습니다: undefined
[20260704-05:02:24][BE]     at Object.resolveTenant (/home/freegear/EasyDocStation/server/mail/connectionManager.js:118:23)
[20260704-05:02:24][BE]     at process.processTicksAndRejections (node:internal/process/task_queues:103:5)
[20260704-05:02:24][BE]     at async tenantQuery (/home/freegear/EasyDocStation/server/mail/repository.js:668:20)
[20260704-05:02:24][BE]     at async Object.listUnifiedMessages (/home/freegear/EasyDocStation/server/mail/repository.js:1123:20)
[20260704-05:02:24][BE]     at async /home/freegear/EasyDocStation/server/routes/mail.js:782:23
[20260704-05:02:44][BE] [Mail sync] 자동 동기화 완료: accounts=5, saved=0
[20260704-05:03:40][BE] [Mail sync] 자동 동기화 완료: accounts=5, saved=0
AM 5:04:23 [vite] hmr update /src/features/mail/MailPage.jsx, /src/index.css
[20260704-05:04:40][BE] [Mail sync] 자동 동기화 완료: accounts=5, saved=0
AM 5:05:10 [vite] hmr update /src/features/mail/MailPage.jsx, /src/index.css
AM 5:05:18 [vite] hmr update /src/features/mail/MailPage.jsx, /src/index.css
[20260704-05:05:18][BE] Error: 메일 tenant를 찾을 수 없습니다: undefined
[20260704-05:05:18][BE]     at Object.resolveTenant (/home/freegear/EasyDocStation/server/mail/connectionManager.js:118:23)
[20260704-05:05:18][BE]     at process.processTicksAndRejections (node:internal/process/task_queues:103:5)
[20260704-05:05:18][BE]     at async tenantQuery (/home/freegear/EasyDocStation/server/mail/repository.js:668:20)
[20260704-05:05:18][BE]     at async Object.listUnifiedMessages (/home/freegear/EasyDocStation/server/mail/repository.js:1123:20)
[20260704-05:05:18][BE]     at async /home/freegear/EasyDocStation/server/routes/mail.js:782:23
[20260704-05:05:38][BE] [Mail sync] 자동 동기화 완료: accounts=5, saved=0
AM 5:05:42 [vite] hmr update /src/features/mail/MailPage.jsx, /src/index.css
AM 5:05:57 [vite] hmr update /src/features/mail/MailPage.jsx, /src/index.css
AM 5:06:09 [vite] hmr update /src/features/mail/MailPage.jsx, /src/index.css
[20260704-05:06:39][BE] [Mail sync] 자동 동기화 완료: accounts=5, saved=0
[20260704-05:07:37][BE] [Mail sync] 자동 동기화 완료: accounts=5, saved=0
[20260704-05:08:42][BE] [Mail sync] 자동 동기화 완료: accounts=5, saved=0
[20260704-05:09:40][BE] [Mail sync] 자동 동기화 완료: accounts=5, saved=0
AM 5:10:13 [vite] hmr update /src/features/mail/MailPage.jsx, /src/index.css
AM 5:10:38 [vite] hmr update /src/features/mail/MailPage.jsx, /src/index.css
[20260704-05:10:41][BE] [Mail sync] 자동 동기화 완료: accounts=5, saved=0
[20260704-05:11:05][BE] Error: 메일 tenant를 찾을 수 없습니다: undefined
[20260704-05:11:05][BE]     at Object.resolveTenant (/home/freegear/EasyDocStation/server/mail/connectionManager.js:118:23)
[20260704-05:11:05][BE]     at process.processTicksAndRejections (node:internal/process/task_queues:103:5)
[20260704-05:11:05][BE]     at async tenantQuery (/home/freegear/EasyDocStation/server/mail/repository.js:668:20)
[20260704-05:11:05][BE]     at async Object.listUnifiedMessages (/home/freegear/EasyDocStation/server/mail/repository.js:1123:20)
[20260704-05:11:05][BE]     at async /home/freegear/EasyDocStation/server/routes/mail.js:782:23
[20260704-05:11:05][BE] Error: 메일 tenant를 찾을 수 없습니다: undefined
[20260704-05:11:05][BE]     at Object.resolveTenant (/home/freegear/EasyDocStation/server/mail/connectionManager.js:118:23)
[20260704-05:11:05][BE]     at process.processTicksAndRejections (node:internal/process/task_queues:103:5)
[20260704-05:11:05][BE]     at async tenantQuery (/home/freegear/EasyDocStation/server/mail/repository.js:668:20)
[20260704-05:11:05][BE]     at async Object.listUnifiedMessages (/home/freegear/EasyDocStation/server/mail/repository.js:1123:20)
[20260704-05:11:05][BE]     at async /home/freegear/EasyDocStation/server/routes/mail.js:782:23
[20260704-05:11:40][BE] [Mail sync] 자동 동기화 완료: accounts=5, saved=0
[20260704-05:12:15][BE] Error: 메일 tenant를 찾을 수 없습니다: undefined
[20260704-05:12:15][BE]     at Object.resolveTenant (/home/freegear/EasyDocStation/server/mail/connectionManager.js:118:23)
[20260704-05:12:15][BE]     at process.processTicksAndRejections (node:internal/process/task_queues:103:5)
[20260704-05:12:15][BE]     at async tenantQuery (/home/freegear/EasyDocStation/server/mail/repository.js:668:20)
[20260704-05:12:15][BE]     at async Object.listUnifiedMessages (/home/freegear/EasyDocStation/server/mail/repository.js:1123:20)
[20260704-05:12:15][BE]     at async /home/freegear/EasyDocStation/server/routes/mail.js:782:23
[20260704-05:12:15][BE] Error: 메일 tenant를 찾을 수 없습니다: undefined
[20260704-05:12:15][BE]     at Object.resolveTenant (/home/freegear/EasyDocStation/server/mail/connectionManager.js:118:23)
[20260704-05:12:15][BE]     at process.processTicksAndRejections (node:internal/process/task_queues:103:5)
[20260704-05:12:15][BE]     at async tenantQuery (/home/freegear/EasyDocStation/server/mail/repository.js:668:20)
[20260704-05:12:15][BE]     at async Object.listUnifiedMessages (/home/freegear/EasyDocStation/server/mail/repository.js:1123:20)
[20260704-05:12:15][BE]     at async /home/freegear/EasyDocStation/server/routes/mail.js:782:23
[20260704-05:12:39][BE] [Mail sync] 자동 동기화 완료: accounts=5, saved=0
종료됨
[20260704-05:12:45][BE] process exited with code 143. restarting in 2s...
종료됨
[20260704-05:12:46][BE] 
[20260704-05:12:46][BE] > easydocstation-server@1.0.0 start
[20260704-05:12:46][BE] > node index.js
[20260704-05:12:46][BE] 
[20260704-05:12:46][BE] [RAG] 초기화 — 학습 방식: immediate
[20260704-05:12:46][BE] [RAG] 초기화 — PDF 파싱 모드: FAST
[20260704-05:12:46][BE] [Mail sync] 자동 동기화 스케줄러 시작: interval=60s
[20260704-05:12:46][BE] ✅ EasyDocStation server running on http://localhost:3001
[20260704-05:12:46][BE] ✅ [CONFIG] HF_TOKEN 확인됨 (hf_u****butv, 길이 37)
[20260704-05:12:46][BE] ✅ Cassandra connected
[20260704-05:12:46][BE] ✅ Cassandra schema initialized
[20260704-05:12:46][BE] ✅ Database migration complete.
[20260704-05:12:46][BE] Terminated

> easydocstation@1.0.0 ollama:serve
> node scripts/ollama-serve-safe.mjs


> easydocstation@1.0.0 dev:frontend
> vite

[Ollama] already running on 127.0.0.1:11434, skipping duplicate serve.
[20260704-05:12:48][BE] 
[20260704-05:12:48][BE] > easydocstation-server@1.0.0 start
[20260704-05:12:48][BE] > node index.js
[20260704-05:12:48][BE] 

  VITE v5.4.21  ready in 91 ms

  ➜  Local:   http://localhost:5173/
  ➜  Network: http://10.0.0.194:5173/
[20260704-05:12:49][BE] [RAG] 초기화 — 학습 방식: immediate
[20260704-05:12:49][BE] [RAG] 초기화 — PDF 파싱 모드: FAST
[20260704-05:12:49][BE] [Mail sync] 자동 동기화 스케줄러 시작: interval=60s
[20260704-05:12:49][BE] ✅ EasyDocStation server running on http://localhost:3001
[20260704-05:12:49][BE] ✅ [CONFIG] HF_TOKEN 확인됨 (hf_u****butv, 길이 37)
[20260704-05:12:49][BE] ✅ Cassandra connected
[20260704-05:12:49][BE] ✅ Cassandra schema initialized
[20260704-05:12:49][BE] ✅ Database migration complete.
[20260704-05:12:52][BE] [RAG Server] [RAG Server] 임베딩 모델 로드 중 (device=cuda)...
[20260704-05:12:55][BE] Error: 메일 tenant를 찾을 수 없습니다: undefined
[20260704-05:12:55][BE]     at Object.resolveTenant (/home/freegear/EasyDocStation/server/mail/connectionManager.js:118:23)
[20260704-05:12:55][BE]     at process.processTicksAndRejections (node:internal/process/task_queues:103:5)
[20260704-05:12:55][BE]     at async tenantQuery (/home/freegear/EasyDocStation/server/mail/repository.js:668:20)
[20260704-05:12:55][BE]     at async Object.listUnifiedMessages (/home/freegear/EasyDocStation/server/mail/repository.js:1123:20)
[20260704-05:12:55][BE]     at async /home/freegear/EasyDocStation/server/routes/mail.js:783:23
[20260704-05:12:55][BE] Error: 메일 tenant를 찾을 수 없습니다: undefined
[20260704-05:12:55][BE]     at Object.resolveTenant (/home/freegear/EasyDocStation/server/mail/connectionManager.js:118:23)
[20260704-05:12:55][BE]     at process.processTicksAndRejections (node:internal/process/task_queues:103:5)
[20260704-05:12:55][BE]     at async tenantQuery (/home/freegear/EasyDocStation/server/mail/repository.js:668:20)
[20260704-05:12:55][BE]     at async Object.listUnifiedMessages (/home/freegear/EasyDocStation/server/mail/repository.js:1123:20)
[20260704-05:12:55][BE]     at async /home/freegear/EasyDocStation/server/routes/mail.js:783:23
[20260704-05:13:06][BE] [RAG Server] [RAG Server] 임베딩 모델 로드 완료
[20260704-05:13:06][BE] [RAG Server] 포트 5001 에서 시작됨
AM 5:13:29 [vite] hmr update /src/features/mail/MailPage.jsx, /src/index.css
[20260704-05:13:30][BE] [Mail sync] 자동 동기화 완료: accounts=5, saved=0
[20260704-05:14:01][BE] [Mail sync] 자동 동기화 완료: accounts=5, saved=0
[20260704-05:15:00][BE] [Mail sync] 자동 동기화 완료: accounts=5, saved=0
[20260704-05:16:02][BE] [Mail sync] 자동 동기화 완료: accounts=5, saved=0
[20260704-05:17:04][BE] [Mail sync] 자동 동기화 완료: accounts=5, saved=0
[20260704-05:18:02][BE] [Mail sync] 자동 동기화 완료: accounts=5, saved=0
AM 5:18:42 [vite] hmr update /src/features/mail/MailPage.jsx, /src/index.css
AM 5:18:48 [vite] hmr update /src/features/mail/MailPage.jsx, /src/index.css
[20260704-05:19:04][BE] [Mail sync] 자동 동기화 완료: accounts=5, saved=0
[20260704-05:20:01][BE] [Mail sync] 자동 동기화 완료: accounts=5, saved=0
[20260704-05:21:00][BE] [Mail sync] 자동 동기화 완료: accounts=5, saved=0
AM 5:21:56 [vite] hmr update /src/features/mail/MailPage.jsx, /src/index.css
[20260704-05:22:01][BE] [Mail sync] 자동 동기화 완료: accounts=5, saved=0
[20260704-05:23:00][BE] [Mail sync] 자동 동기화 완료: accounts=5, saved=0
[20260704-05:24:02][BE] [Mail sync] 자동 동기화 완료: accounts=5, saved=0
[20260704-05:25:05][BE] [Mail sync] 자동 동기화 완료: accounts=5, saved=0
[20260704-05:26:03][BE] [Mail sync] 자동 동기화 완료: accounts=5, saved=0
[20260704-05:27:03][BE] [Mail sync] 자동 동기화 완료: accounts=5, saved=0
[20260704-05:28:02][BE] [Mail sync] 자동 동기화 완료: accounts=5, saved=0
[20260704-05:29:04][BE] [Mail sync] 자동 동기화 완료: accounts=5, saved=0
[20260704-05:30:03][BE] [Mail sync] 자동 동기화 완료: accounts=5, saved=0
[20260704-05:31:02][BE] [Mail sync] 자동 동기화 완료: accounts=5, saved=0
AM 5:31:15 [vite] hmr update /src/features/mail/MailPage.jsx, /src/index.css
AM 5:31:27 [vite] hmr update /src/features/mail/MailPage.jsx, /src/index.css
[20260704-05:32:02][BE] [Mail sync] 자동 동기화 완료: accounts=5, saved=0
[20260704-05:33:02][BE] [Mail sync] 자동 동기화 완료: accounts=5, saved=0
[20260704-05:34:02][BE] [Mail sync] 자동 동기화 완료: accounts=5, saved=0
[20260704-05:34:37][BE] [link-preview-image] meta image failed, fallback screenshot: meta image not found
[20260704-05:34:46][BE] Error: 메일 tenant를 찾을 수 없습니다: undefined
[20260704-05:34:46][BE]     at Object.resolveTenant (/home/freegear/EasyDocStation/server/mail/connectionManager.js:118:23)
[20260704-05:34:46][BE]     at process.processTicksAndRejections (node:internal/process/task_queues:103:5)
[20260704-05:34:46][BE]     at async tenantQuery (/home/freegear/EasyDocStation/server/mail/repository.js:668:20)
[20260704-05:34:46][BE]     at async Object.listUnifiedMessages (/home/freegear/EasyDocStation/server/mail/repository.js:1123:20)
[20260704-05:34:46][BE]     at async /home/freegear/EasyDocStation/server/routes/mail.js:783:23
[20260704-05:34:46][BE] Error: 메일 tenant를 찾을 수 없습니다: undefined
[20260704-05:34:46][BE]     at Object.resolveTenant (/home/freegear/EasyDocStation/server/mail/connectionManager.js:118:23)
[20260704-05:34:46][BE]     at process.processTicksAndRejections (node:internal/process/task_queues:103:5)
[20260704-05:34:46][BE]     at async tenantQuery (/home/freegear/EasyDocStation/server/mail/repository.js:668:20)
[20260704-05:34:46][BE]     at async Object.listUnifiedMessages (/home/freegear/EasyDocStation/server/mail/repository.js:1123:20)
[20260704-05:34:46][BE]     at async /home/freegear/EasyDocStation/server/routes/mail.js:783:23
[20260704-05:35:02][BE] [Mail sync] 자동 동기화 완료: accounts=5, saved=0
[20260704-05:36:01][BE] [Mail sync] 자동 동기화 완료: accounts=5, saved=0
[20260704-05:37:02][BE] [Mail sync] 자동 동기화 완료: accounts=5, saved=0
[20260704-05:38:04][BE] [Mail sync] 자동 동기화 완료: accounts=5, saved=0
[20260704-05:39:03][BE] [Mail sync] 자동 동기화 완료: accounts=5, saved=0
[20260704-05:40:04][BE] [Mail sync] 자동 동기화 완료: accounts=5, saved=0
[20260704-05:41:02][BE] [Mail sync] 자동 동기화 완료: accounts=5, saved=0
[20260704-05:42:00][BE] [Mail sync] 자동 동기화 완료: accounts=5, saved=0
AM 5:42:24 [vite] hmr update /src/features/mail/MailPage.jsx, /src/index.css
[20260704-05:43:00][BE] [Mail sync] 자동 동기화 완료: accounts=5, saved=0
[20260704-05:43:49][BE] Error: 메일 tenant를 찾을 수 없습니다: undefined
[20260704-05:43:49][BE]     at Object.resolveTenant (/home/freegear/EasyDocStation/server/mail/connectionManager.js:118:23)
[20260704-05:43:49][BE]     at process.processTicksAndRejections (node:internal/process/task_queues:103:5)
[20260704-05:43:49][BE]     at async tenantQuery (/home/freegear/EasyDocStation/server/mail/repository.js:668:20)
[20260704-05:43:49][BE]     at async Object.listUnifiedMessages (/home/freegear/EasyDocStation/server/mail/repository.js:1123:20)
[20260704-05:43:49][BE]     at async /home/freegear/EasyDocStation/server/routes/mail.js:783:23
[20260704-05:43:49][BE] Error: 메일 tenant를 찾을 수 없습니다: undefined
[20260704-05:43:49][BE]     at Object.resolveTenant (/home/freegear/EasyDocStation/server/mail/connectionManager.js:118:23)
[20260704-05:43:49][BE]     at process.processTicksAndRejections (node:internal/process/task_queues:103:5)
[20260704-05:43:49][BE]     at async tenantQuery (/home/freegear/EasyDocStation/server/mail/repository.js:668:20)
[20260704-05:43:49][BE]     at async Object.listUnifiedMessages (/home/freegear/EasyDocStation/server/mail/repository.js:1123:20)
[20260704-05:43:49][BE]     at async /home/freegear/EasyDocStation/server/routes/mail.js:783:23
[20260704-05:44:00][BE] [Mail sync] 자동 동기화 완료: accounts=5, saved=0
[20260704-05:45:01][BE] [Mail sync] 자동 동기화 완료: accounts=5, saved=0
[20260704-05:46:04][BE] [Mail sync] 자동 동기화 완료: accounts=5, saved=0
[20260704-05:47:04][BE] [Mail sync] 자동 동기화 완료: accounts=5, saved=0
AM 5:47:16 [vite] hmr update /src/features/mail/MailPage.jsx, /src/index.css
AM 5:47:27 [vite] hmr update /src/features/mail/MailPage.jsx, /src/index.css
[20260704-05:48:01][BE] [Mail sync] 자동 동기화 완료: accounts=5, saved=0
종료됨
[20260704-05:48:34][BE] process exited with code 143. restarting in 2s...
종료됨
[20260704-05:48:34][BE] 
[20260704-05:48:34][BE] > easydocstation-server@1.0.0 start
[20260704-05:48:34][BE] > node index.js
[20260704-05:48:34][BE] 
[20260704-05:48:34][BE] [RAG] 초기화 — 학습 방식: immediate
[20260704-05:48:34][BE] [RAG] 초기화 — PDF 파싱 모드: FAST
[20260704-05:48:34][BE] [Mail sync] 자동 동기화 스케줄러 시작: interval=60s
[20260704-05:48:34][BE] ✅ EasyDocStation server running on http://localhost:3001
[20260704-05:48:34][BE] ✅ [CONFIG] HF_TOKEN 확인됨 (hf_u****butv, 길이 37)
[20260704-05:48:34][BE] ✅ Cassandra connected
[20260704-05:48:34][BE] ✅ Cassandra schema initialized
[20260704-05:48:34][BE] ✅ Database migration complete.
[20260704-05:48:34][BE] Terminated

> easydocstation@1.0.0 dev:frontend
> vite


> easydocstation@1.0.0 ollama:serve
> node scripts/ollama-serve-safe.mjs

[Ollama] already running on 127.0.0.1:11434, skipping duplicate serve.
[20260704-05:48:37][BE] 
[20260704-05:48:37][BE] > easydocstation-server@1.0.0 start
[20260704-05:48:37][BE] > node index.js
[20260704-05:48:37][BE] 

  VITE v5.4.21  ready in 93 ms

  ➜  Local:   http://localhost:5173/
  ➜  Network: http://10.0.0.194:5173/
[20260704-05:48:37][BE] [RAG] 초기화 — 학습 방식: immediate
[20260704-05:48:37][BE] [RAG] 초기화 — PDF 파싱 모드: FAST
[20260704-05:48:37][BE] [Mail sync] 자동 동기화 스케줄러 시작: interval=60s
[20260704-05:48:37][BE] ✅ EasyDocStation server running on http://localhost:3001
[20260704-05:48:37][BE] ✅ [CONFIG] HF_TOKEN 확인됨 (hf_u****butv, 길이 37)
[20260704-05:48:37][BE] ✅ Cassandra connected
[20260704-05:48:37][BE] ✅ Cassandra schema initialized
[20260704-05:48:37][BE] ✅ Database migration complete.
[20260704-05:48:40][BE] [RAG Server] [RAG Server] 임베딩 모델 로드 중 (device=cuda)...
[20260704-05:48:44][BE] Error: 메일 tenant를 찾을 수 없습니다: undefined
[20260704-05:48:44][BE]     at Object.resolveTenant (/home/freegear/EasyDocStation/server/mail/connectionManager.js:118:23)
[20260704-05:48:44][BE]     at process.processTicksAndRejections (node:internal/process/task_queues:103:5)
[20260704-05:48:44][BE]     at async tenantQuery (/home/freegear/EasyDocStation/server/mail/repository.js:668:20)
[20260704-05:48:44][BE]     at async Object.listUnifiedMessages (/home/freegear/EasyDocStation/server/mail/repository.js:1123:20)
[20260704-05:48:44][BE]     at async /home/freegear/EasyDocStation/server/routes/mail.js:783:23
[20260704-05:48:44][BE] Error: 메일 tenant를 찾을 수 없습니다: undefined
[20260704-05:48:44][BE]     at Object.resolveTenant (/home/freegear/EasyDocStation/server/mail/connectionManager.js:118:23)
[20260704-05:48:44][BE]     at process.processTicksAndRejections (node:internal/process/task_queues:103:5)
[20260704-05:48:44][BE]     at async tenantQuery (/home/freegear/EasyDocStation/server/mail/repository.js:668:20)
[20260704-05:48:44][BE]     at async Object.listUnifiedMessages (/home/freegear/EasyDocStation/server/mail/repository.js:1123:20)
[20260704-05:48:44][BE]     at async /home/freegear/EasyDocStation/server/routes/mail.js:783:23
[20260704-05:48:55][BE] [RAG Server] [RAG Server] 임베딩 모델 로드 완료
[20260704-05:48:55][BE] [RAG Server] 포트 5001 에서 시작됨
[20260704-05:49:19][BE] [Mail sync] 자동 동기화 완료: accounts=5, saved=0
[20260704-05:49:49][BE] [Mail sync] 자동 동기화 완료: accounts=5, saved=0
[20260704-05:50:50][BE] [Mail sync] 자동 동기화 완료: accounts=5, saved=0
AM 5:51:18 [vite] hmr update /src/features/mail/MailPage.jsx, /src/index.css
AM 5:51:28 [vite] hmr update /src/features/mail/MailPage.jsx, /src/index.css
[20260704-05:51:47][BE] [RAG] 캘린더 이벤트 재학습 시작 — id=a9063cf6-e256-4d62-8d53-a5640dcf5705 "7월 7일 저녁에 이성환 법인장과 만나 베트남 시장 진출 방향에 대해 논의할 것."
[20260704-05:51:47][BE] /home/freegear/EasyDocStation/server/rag_train.py:120: DeprecationWarning: `langchain-community` is being sunset and is no longer actively maintained. See https://github.com/langchain-ai/langchain-community/issues/674 for details and migration guidance toward standalone integration packages.
[20260704-05:51:47][BE]   from langchain_community.document_loaders import Docx2txtLoader
[20260704-05:51:48][BE] [Mail sync] 자동 동기화 완료: accounts=5, saved=0
[20260704-05:51:51][BE] [RAG] 테이블 생성 경합 감지, 기존 테이블 사용: Table 'my_rag_table_v2' already exists
[20260704-05:51:51][BE] [RAG] 기존 청크 삭제 완료: post_id=a9063cf6-e256-4d62-8d53-a5640dcf5705
[20260704-05:51:51][BE] [RAG] post=a9063cf6-e256-4d62-8d53-a5640dcf5705 text → 1청크
[20260704-05:51:51][BE] [RAG] 학습 진행률: 50% (게시글 본문)
[20260704-05:51:51][BE] [RAG] 저장 완료 — 1청크 / 1개 게시글 / 0개 댓글
[20260704-05:51:51][BE] [RAG] 학습 진행률: 100% (저장)
[20260704-05:51:52][BE] [RAG] 캘린더 이벤트 재학습 완료 — id=a9063cf6-e256-4d62-8d53-a5640dcf5705
[20260704-05:51:58][BE] [RAG] 캘린더 이벤트 재학습 시작 — id=0df57d19-95d5-4404-9a7c-e35c90a2a1fd "첨부된 베트남 영업 대리점 계약서 초안을 검토하고 의견을 제시할 것."
[20260704-05:51:58][BE] /home/freegear/EasyDocStation/server/rag_train.py:120: DeprecationWarning: `langchain-community` is being sunset and is no longer actively maintained. See https://github.com/langchain-ai/langchain-community/issues/674 for details and migration guidance toward standalone integration packages.
[20260704-05:51:58][BE]   from langchain_community.document_loaders import Docx2txtLoader
[20260704-05:52:01][BE] [RAG] 테이블 생성 경합 감지, 기존 테이블 사용: Table 'my_rag_table_v2' already exists
[20260704-05:52:01][BE] [RAG] 기존 청크 삭제 완료: post_id=0df57d19-95d5-4404-9a7c-e35c90a2a1fd
[20260704-05:52:01][BE] [RAG] post=0df57d19-95d5-4404-9a7c-e35c90a2a1fd text → 1청크
[20260704-05:52:01][BE] [RAG] 학습 진행률: 50% (게시글 본문)
[20260704-05:52:01][BE] [RAG] 저장 완료 — 1청크 / 1개 게시글 / 0개 댓글
[20260704-05:52:01][BE] [RAG] 학습 진행률: 100% (저장)
[20260704-05:52:02][BE] [RAG] 캘린더 이벤트 재학습 완료 — id=0df57d19-95d5-4404-9a7c-e35c90a2a1fd
AM 5:52:06 [vite] hmr update /src/features/mail/MailPage.jsx, /src/index.css
[20260704-05:52:48][BE] [Mail sync] 자동 동기화 완료: accounts=5, saved=0
[20260704-05:53:48][BE] [Mail sync] 자동 동기화 완료: accounts=5, saved=0
AM 5:54:24 [vite] hmr update /src/App.jsx, /src/index.css
AM 5:54:40 [vite] hmr update /src/features/mail/MailPage.jsx, /src/index.css
[20260704-05:54:49][BE] [Mail sync] 자동 동기화 완료: accounts=5, saved=0
[20260704-05:55:00][BE] Error: 메일 tenant를 찾을 수 없습니다: undefined
[20260704-05:55:00][BE]     at Object.resolveTenant (/home/freegear/EasyDocStation/server/mail/connectionManager.js:118:23)
[20260704-05:55:00][BE]     at process.processTicksAndRejections (node:internal/process/task_queues:103:5)
[20260704-05:55:00][BE]     at async tenantQuery (/home/freegear/EasyDocStation/server/mail/repository.js:668:20)
[20260704-05:55:00][BE]     at async Object.listUnifiedMessages (/home/freegear/EasyDocStation/server/mail/repository.js:1123:20)
[20260704-05:55:00][BE]     at async /home/freegear/EasyDocStation/server/routes/mail.js:783:23
[20260704-05:55:00][BE] Error: 메일 tenant를 찾을 수 없습니다: undefined
[20260704-05:55:00][BE]     at Object.resolveTenant (/home/freegear/EasyDocStation/server/mail/connectionManager.js:118:23)
[20260704-05:55:00][BE]     at process.processTicksAndRejections (node:internal/process/task_queues:103:5)
[20260704-05:55:00][BE]     at async tenantQuery (/home/freegear/EasyDocStation/server/mail/repository.js:668:20)
[20260704-05:55:00][BE]     at async Object.listUnifiedMessages (/home/freegear/EasyDocStation/server/mail/repository.js:1123:20)
[20260704-05:55:00][BE]     at async /home/freegear/EasyDocStation/server/routes/mail.js:783:23
AM 5:55:09 [vite] hmr update /src/features/mail/MailPage.jsx, /src/index.css
[20260704-05:55:51][BE] [Mail sync] 자동 동기화 완료: accounts=5, saved=0
[20260704-05:56:51][BE] [Mail sync] 자동 동기화 완료: accounts=5, saved=0
[20260704-05:57:50][BE] [Mail sync] 자동 동기화 완료: accounts=5, saved=0
[20260704-05:58:48][BE] [Mail sync] 자동 동기화 완료: accounts=5, saved=0
AM 5:59:31 [vite] hmr update /src/features/mail/MailPage.jsx, /src/index.css
AM 5:59:45 [vite] hmr update /src/features/mail/MailPage.jsx, /src/index.css
[20260704-05:59:51][BE] [Mail sync] 자동 동기화 완료: accounts=5, saved=0
AM 6:00:05 [vite] hmr update /src/features/mail/MailPage.jsx, /src/index.css
AM 6:00:23 [vite] hmr update /src/features/mail/MailPage.jsx, /src/index.css
[20260704-06:00:52][BE] [Mail sync] 자동 동기화 완료: accounts=5, saved=0
AM 6:01:07 [vite] hmr update /src/features/mail/MailPage.jsx, /src/index.css
[20260704-06:01:50][BE] [Mail sync] 자동 동기화 완료: accounts=5, saved=0
[20260704-06:02:51][BE] [Mail sync] 자동 동기화 완료: accounts=5, saved=0
[20260704-06:03:51][BE] [Mail sync] 자동 동기화 완료: accounts=5, saved=0
[20260704-06:04:51][BE] [Mail sync] 자동 동기화 완료: accounts=5, saved=0
AM 6:05:24 [vite] hmr update /src/features/mail/MailPage.jsx, /src/index.css
[20260704-06:05:49][BE] [Mail sync] 자동 동기화 완료: accounts=5, saved=0
AM 6:05:52 [vite] hmr update /src/features/mail/MailPage.jsx, /src/index.css
AM 6:06:06 [vite] hmr update /src/features/mail/MailPage.jsx, /src/index.css
[20260704-06:06:50][BE] [Mail sync] 자동 동기화 완료: accounts=5, saved=0
[20260704-06:07:28][BE] [link-preview-image] meta image failed, fallback screenshot: meta image not found
[20260704-06:07:30][BE] Error: 메일 tenant를 찾을 수 없습니다: undefined
[20260704-06:07:30][BE]     at Object.resolveTenant (/home/freegear/EasyDocStation/server/mail/connectionManager.js:118:23)
[20260704-06:07:30][BE]     at process.processTicksAndRejections (node:internal/process/task_queues:103:5)
[20260704-06:07:30][BE]     at async tenantQuery (/home/freegear/EasyDocStation/server/mail/repository.js:668:20)
[20260704-06:07:30][BE]     at async Object.listUnifiedMessages (/home/freegear/EasyDocStation/server/mail/repository.js:1123:20)
[20260704-06:07:30][BE]     at async /home/freegear/EasyDocStation/server/routes/mail.js:783:23
[20260704-06:07:30][BE] Error: 메일 tenant를 찾을 수 없습니다: undefined
[20260704-06:07:30][BE]     at Object.resolveTenant (/home/freegear/EasyDocStation/server/mail/connectionManager.js:118:23)
[20260704-06:07:30][BE]     at process.processTicksAndRejections (node:internal/process/task_queues:103:5)
[20260704-06:07:30][BE]     at async tenantQuery (/home/freegear/EasyDocStation/server/mail/repository.js:668:20)
[20260704-06:07:30][BE]     at async Object.listUnifiedMessages (/home/freegear/EasyDocStation/server/mail/repository.js:1123:20)
[20260704-06:07:30][BE]     at async /home/freegear/EasyDocStation/server/routes/mail.js:783:23
[20260704-06:07:51][BE] [Mail sync] 자동 동기화 완료: accounts=5, saved=0
종료됨
[20260704-06:08:03][BE] process exited with code 143. restarting in 2s...
종료됨
[20260704-06:08:04][BE] 
[20260704-06:08:04][BE] > easydocstation-server@1.0.0 start
[20260704-06:08:04][BE] > node index.js
[20260704-06:08:04][BE] 
[20260704-06:08:04][BE] [RAG] 초기화 — 학습 방식: immediate
[20260704-06:08:04][BE] [RAG] 초기화 — PDF 파싱 모드: FAST
[20260704-06:08:04][BE] [Mail sync] 자동 동기화 스케줄러 시작: interval=60s
[20260704-06:08:04][BE] ✅ EasyDocStation server running on http://localhost:3001
[20260704-06:08:04][BE] ✅ [CONFIG] HF_TOKEN 확인됨 (hf_u****butv, 길이 37)
[20260704-06:08:04][BE] ✅ Cassandra connected
[20260704-06:08:04][BE] ✅ Cassandra schema initialized
[20260704-06:08:04][BE] ✅ Database migration complete.
[20260704-06:08:04][BE] Terminated

> easydocstation@1.0.0 dev:frontend
> vite


> easydocstation@1.0.0 ollama:serve
> node scripts/ollama-serve-safe.mjs

[Ollama] already running on 127.0.0.1:11434, skipping duplicate serve.
[20260704-06:08:06][BE] 
[20260704-06:08:06][BE] > easydocstation-server@1.0.0 start
[20260704-06:08:06][BE] > node index.js
[20260704-06:08:06][BE] 

  VITE v5.4.21  ready in 90 ms

  ➜  Local:   http://localhost:5173/
  ➜  Network: http://10.0.0.194:5173/
[20260704-06:08:07][BE] [RAG] 초기화 — 학습 방식: immediate
[20260704-06:08:07][BE] [RAG] 초기화 — PDF 파싱 모드: FAST
[20260704-06:08:07][BE] [Mail sync] 자동 동기화 스케줄러 시작: interval=60s
[20260704-06:08:07][BE] ✅ EasyDocStation server running on http://localhost:3001
[20260704-06:08:07][BE] ✅ [CONFIG] HF_TOKEN 확인됨 (hf_u****butv, 길이 37)
[20260704-06:08:07][BE] ✅ Cassandra connected
[20260704-06:08:07][BE] ✅ Cassandra schema initialized
[20260704-06:08:07][BE] ✅ Database migration complete.
[20260704-06:08:10][BE] [RAG Server] [RAG Server] 임베딩 모델 로드 중 (device=cuda)...
[20260704-06:08:15][BE] Error: 메일 tenant를 찾을 수 없습니다: undefined
[20260704-06:08:15][BE]     at Object.resolveTenant (/home/freegear/EasyDocStation/server/mail/connectionManager.js:118:23)
[20260704-06:08:15][BE]     at process.processTicksAndRejections (node:internal/process/task_queues:103:5)
[20260704-06:08:15][BE]     at async tenantQuery (/home/freegear/EasyDocStation/server/mail/repository.js:668:20)
[20260704-06:08:15][BE]     at async Object.listUnifiedMessages (/home/freegear/EasyDocStation/server/mail/repository.js:1123:20)
[20260704-06:08:15][BE]     at async /home/freegear/EasyDocStation/server/routes/mail.js:783:23
[20260704-06:08:15][BE] Error: 메일 tenant를 찾을 수 없습니다: undefined
[20260704-06:08:15][BE]     at Object.resolveTenant (/home/freegear/EasyDocStation/server/mail/connectionManager.js:118:23)
[20260704-06:08:15][BE]     at process.processTicksAndRejections (node:internal/process/task_queues:103:5)
[20260704-06:08:15][BE]     at async tenantQuery (/home/freegear/EasyDocStation/server/mail/repository.js:668:20)
[20260704-06:08:15][BE]     at async Object.listUnifiedMessages (/home/freegear/EasyDocStation/server/mail/repository.js:1123:20)
[20260704-06:08:15][BE]     at async /home/freegear/EasyDocStation/server/routes/mail.js:783:23
[20260704-06:08:24][BE] [RAG Server] [RAG Server] 임베딩 모델 로드 완료
[20260704-06:08:24][BE] [RAG Server] [RAG Server] 포트 5001 에서 시작됨
[20260704-06:08:35][BE] Error: 메일 tenant를 찾을 수 없습니다: undefined
[20260704-06:08:35][BE]     at Object.resolveTenant (/home/freegear/EasyDocStation/server/mail/connectionManager.js:118:23)
[20260704-06:08:35][BE]     at process.processTicksAndRejections (node:internal/process/task_queues:103:5)
[20260704-06:08:35][BE]     at async tenantQuery (/home/freegear/EasyDocStation/server/mail/repository.js:668:20)
[20260704-06:08:35][BE]     at async Object.listUnifiedMessages (/home/freegear/EasyDocStation/server/mail/repository.js:1123:20)
[20260704-06:08:35][BE]     at async /home/freegear/EasyDocStation/server/routes/mail.js:783:23
[20260704-06:08:35][BE] Error: 메일 tenant를 찾을 수 없습니다: undefined
[20260704-06:08:35][BE]     at Object.resolveTenant (/home/freegear/EasyDocStation/server/mail/connectionManager.js:118:23)
[20260704-06:08:35][BE]     at process.processTicksAndRejections (node:internal/process/task_queues:103:5)
[20260704-06:08:35][BE]     at async tenantQuery (/home/freegear/EasyDocStation/server/mail/repository.js:668:20)
[20260704-06:08:35][BE]     at async Object.listUnifiedMessages (/home/freegear/EasyDocStation/server/mail/repository.js:1123:20)
[20260704-06:08:35][BE]     at async /home/freegear/EasyDocStation/server/routes/mail.js:783:23
[20260704-06:08:49][BE] [Mail sync] 자동 동기화 완료: accounts=5, saved=0
AM 6:09:15 [vite] hmr update /src/features/mail/MailPage.jsx, /src/index.css
[20260704-06:09:17][BE] Error: 메일 tenant를 찾을 수 없습니다: undefined
[20260704-06:09:17][BE]     at Object.resolveTenant (/home/freegear/EasyDocStation/server/mail/connectionManager.js:118:23)
[20260704-06:09:17][BE]     at process.processTicksAndRejections (node:internal/process/task_queues:103:5)
[20260704-06:09:17][BE]     at async tenantQuery (/home/freegear/EasyDocStation/server/mail/repository.js:668:20)
[20260704-06:09:17][BE]     at async Object.listUnifiedMessages (/home/freegear/EasyDocStation/server/mail/repository.js:1123:20)
[20260704-06:09:17][BE]     at async /home/freegear/EasyDocStation/server/routes/mail.js:783:23
[20260704-06:09:17][BE] Error: 메일 tenant를 찾을 수 없습니다: undefined
[20260704-06:09:17][BE]     at Object.resolveTenant (/home/freegear/EasyDocStation/server/mail/connectionManager.js:118:23)
[20260704-06:09:17][BE]     at process.processTicksAndRejections (node:internal/process/task_queues:103:5)
[20260704-06:09:17][BE]     at async tenantQuery (/home/freegear/EasyDocStation/server/mail/repository.js:668:20)
[20260704-06:09:17][BE]     at async Object.listUnifiedMessages (/home/freegear/EasyDocStation/server/mail/repository.js:1123:20)
[20260704-06:09:17][BE]     at async /home/freegear/EasyDocStation/server/routes/mail.js:783:23
[20260704-06:09:21][BE] [Mail sync] 자동 동기화 완료: accounts=5, saved=0
[20260704-06:10:18][BE] [Mail sync] 자동 동기화 완료: accounts=5, saved=0
[20260704-06:11:18][BE] [Mail sync] 자동 동기화 완료: accounts=5, saved=0
[20260704-06:12:20][BE] [Mail sync] 자동 동기화 완료: accounts=5, saved=0
[20260704-06:13:21][BE] [Mail sync] 자동 동기화 완료: accounts=5, saved=0
[20260704-06:14:18][BE] [Mail sync] 자동 동기화 완료: accounts=5, saved=0
[20260704-06:15:21][BE] [Mail sync] 자동 동기화 완료: accounts=5, saved=0
[20260704-06:16:21][BE] [Mail sync] 자동 동기화 완료: accounts=5, saved=0
[20260704-06:16:57][BE] Error: 메일 tenant를 찾을 수 없습니다: undefined
[20260704-06:16:57][BE]     at Object.resolveTenant (/home/freegear/EasyDocStation/server/mail/connectionManager.js:118:23)
[20260704-06:16:57][BE]     at process.processTicksAndRejections (node:internal/process/task_queues:103:5)
[20260704-06:16:57][BE]     at async tenantQuery (/home/freegear/EasyDocStation/server/mail/repository.js:668:20)
[20260704-06:16:57][BE]     at async Object.listUnifiedMessages (/home/freegear/EasyDocStation/server/mail/repository.js:1123:20)
[20260704-06:16:57][BE]     at async /home/freegear/EasyDocStation/server/routes/mail.js:783:23
[20260704-06:16:57][BE] Error: 메일 tenant를 찾을 수 없습니다: undefined
[20260704-06:16:57][BE]     at Object.resolveTenant (/home/freegear/EasyDocStation/server/mail/connectionManager.js:118:23)
[20260704-06:16:57][BE]     at process.processTicksAndRejections (node:internal/process/task_queues:103:5)
[20260704-06:16:57][BE]     at async tenantQuery (/home/freegear/EasyDocStation/server/mail/repository.js:668:20)
[20260704-06:16:57][BE]     at async Object.listUnifiedMessages (/home/freegear/EasyDocStation/server/mail/repository.js:1123:20)
[20260704-06:16:57][BE]     at async /home/freegear/EasyDocStation/server/routes/mail.js:783:23
[20260704-06:17:20][BE] [Mail sync] 자동 동기화 완료: accounts=5, saved=0
[20260704-06:18:21][BE] [Mail sync] 자동 동기화 완료: accounts=5, saved=0
AM 6:18:41 [vite] hmr update /src/components/EventAddModal.jsx, /src/index.css
[20260704-06:19:20][BE] [Mail sync] 자동 동기화 완료: accounts=5, saved=0
[20260704-06:20:21][BE] [Mail sync] 자동 동기화 완료: accounts=5, saved=0
[20260704-06:21:21][BE] [Mail sync] 자동 동기화 완료: accounts=5, saved=0
AM 6:21:52 [vite] hmr update /src/components/EventAddModal.jsx, /src/index.css
AM 6:22:01 [vite] hmr update /src/components/EventAddModal.jsx, /src/index.css
AM 6:22:14 [vite] hmr update /src/components/EventAddModal.jsx, /src/index.css
[20260704-06:22:18][BE] [Mail sync] 자동 동기화 완료: accounts=5, saved=0
AM 6:22:26 [vite] hmr update /src/components/EventAddModal.jsx, /src/index.css
[20260704-06:23:18][BE] [Mail sync] 자동 동기화 완료: accounts=5, saved=0
[20260704-06:24:11][BE] Error: 메일 tenant를 찾을 수 없습니다: undefined
[20260704-06:24:11][BE]     at Object.resolveTenant (/home/freegear/EasyDocStation/server/mail/connectionManager.js:118:23)
[20260704-06:24:11][BE]     at process.processTicksAndRejections (node:internal/process/task_queues:103:5)
[20260704-06:24:11][BE]     at async tenantQuery (/home/freegear/EasyDocStation/server/mail/repository.js:668:20)
[20260704-06:24:11][BE]     at async Object.listUnifiedMessages (/home/freegear/EasyDocStation/server/mail/repository.js:1123:20)
[20260704-06:24:11][BE]     at async /home/freegear/EasyDocStation/server/routes/mail.js:783:23
[20260704-06:24:12][BE] Error: 메일 tenant를 찾을 수 없습니다: undefined
[20260704-06:24:12][BE]     at Object.resolveTenant (/home/freegear/EasyDocStation/server/mail/connectionManager.js:118:23)
[20260704-06:24:12][BE]     at process.processTicksAndRejections (node:internal/process/task_queues:103:5)
[20260704-06:24:12][BE]     at async tenantQuery (/home/freegear/EasyDocStation/server/mail/repository.js:668:20)
[20260704-06:24:12][BE]     at async Object.listUnifiedMessages (/home/freegear/EasyDocStation/server/mail/repository.js:1123:20)
[20260704-06:24:12][BE]     at async /home/freegear/EasyDocStation/server/routes/mail.js:783:23
[20260704-06:24:20][BE] [Mail sync] 자동 동기화 완료: accounts=5, saved=0
[20260704-06:25:21][BE] [Mail sync] 자동 동기화 완료: accounts=5, saved=0
[20260704-06:26:20][BE] [Mail sync] 자동 동기화 완료: accounts=5, saved=0
[20260704-06:27:19][BE] [Mail sync] 자동 동기화 완료: accounts=5, saved=0
AM 6:27:42 [vite] hmr update /src/components/EventAddModal.jsx, /src/index.css
AM 6:27:42 [vite] hmr update /src/App.jsx, /src/index.css
AM 6:27:42 [vite] hmr update /src/features/mail/MailPage.jsx, /src/index.css
[20260704-06:28:18][BE] [Mail sync] 자동 동기화 완료: accounts=5, saved=0
AM 6:28:45 [vite] hmr update /src/App.jsx, /src/index.css
[20260704-06:29:20][BE] [Mail sync] 자동 동기화 완료: accounts=5, saved=0
[20260704-06:29:31][BE] Error: 메일 tenant를 찾을 수 없습니다: undefined
[20260704-06:29:31][BE]     at Object.resolveTenant (/home/freegear/EasyDocStation/server/mail/connectionManager.js:118:23)
[20260704-06:29:31][BE]     at process.processTicksAndRejections (node:internal/process/task_queues:103:5)
[20260704-06:29:31][BE]     at async tenantQuery (/home/freegear/EasyDocStation/server/mail/repository.js:668:20)
[20260704-06:29:31][BE]     at async Object.listUnifiedMessages (/home/freegear/EasyDocStation/server/mail/repository.js:1123:20)
[20260704-06:29:31][BE]     at async /home/freegear/EasyDocStation/server/routes/mail.js:783:23
[20260704-06:29:31][BE] Error: 메일 tenant를 찾을 수 없습니다: undefined
[20260704-06:29:31][BE]     at Object.resolveTenant (/home/freegear/EasyDocStation/server/mail/connectionManager.js:118:23)
[20260704-06:29:31][BE]     at process.processTicksAndRejections (node:internal/process/task_queues:103:5)
[20260704-06:29:31][BE]     at async tenantQuery (/home/freegear/EasyDocStation/server/mail/repository.js:668:20)
[20260704-06:29:31][BE]     at async Object.listUnifiedMessages (/home/freegear/EasyDocStation/server/mail/repository.js:1123:20)
[20260704-06:29:31][BE]     at async /home/freegear/EasyDocStation/server/routes/mail.js:783:23
[20260704-06:30:20][BE] [Mail sync] 자동 동기화 완료: accounts=5, saved=0
[20260704-06:30:24][BE] Error: 메일 tenant를 찾을 수 없습니다: undefined
[20260704-06:30:24][BE]     at Object.resolveTenant (/home/freegear/EasyDocStation/server/mail/connectionManager.js:118:23)
[20260704-06:30:24][BE]     at process.processTicksAndRejections (node:internal/process/task_queues:103:5)
[20260704-06:30:24][BE]     at async tenantQuery (/home/freegear/EasyDocStation/server/mail/repository.js:668:20)
[20260704-06:30:24][BE]     at async Object.listUnifiedMessages (/home/freegear/EasyDocStation/server/mail/repository.js:1123:20)
[20260704-06:30:24][BE]     at async /home/freegear/EasyDocStation/server/routes/mail.js:783:23
[20260704-06:30:24][BE] Error: 메일 tenant를 찾을 수 없습니다: undefined
[20260704-06:30:24][BE]     at Object.resolveTenant (/home/freegear/EasyDocStation/server/mail/connectionManager.js:118:23)
[20260704-06:30:24][BE]     at process.processTicksAndRejections (node:internal/process/task_queues:103:5)
[20260704-06:30:24][BE]     at async tenantQuery (/home/freegear/EasyDocStation/server/mail/repository.js:668:20)
[20260704-06:30:24][BE]     at async Object.listUnifiedMessages (/home/freegear/EasyDocStation/server/mail/repository.js:1123:20)
[20260704-06:30:24][BE]     at async /home/freegear/EasyDocStation/server/routes/mail.js:783:23
AM 6:30:46 [vite] hmr update /src/features/mail/MailPage.jsx, /src/index.css
AM 6:30:51 [vite] hmr update /src/features/mail/MailPage.jsx, /src/index.css
AM 6:30:57 [vite] hmr update /src/features/mail/MailPage.jsx, /src/index.css
AM 6:31:05 [vite] hmr update /src/App.jsx, /src/index.css
AM 6:31:16 [vite] hmr update /src/components/CalendarView.jsx, /src/index.css
[20260704-06:31:20][BE] [Mail sync] 자동 동기화 완료: accounts=5, saved=0
[20260704-06:31:33][BE] Error: 메일 tenant를 찾을 수 없습니다: undefined
[20260704-06:31:33][BE]     at Object.resolveTenant (/home/freegear/EasyDocStation/server/mail/connectionManager.js:118:23)
[20260704-06:31:33][BE]     at process.processTicksAndRejections (node:internal/process/task_queues:103:5)
[20260704-06:31:33][BE]     at async tenantQuery (/home/freegear/EasyDocStation/server/mail/repository.js:668:20)
[20260704-06:31:33][BE]     at async Object.listUnifiedMessages (/home/freegear/EasyDocStation/server/mail/repository.js:1123:20)
[20260704-06:31:33][BE]     at async /home/freegear/EasyDocStation/server/routes/mail.js:783:23
[20260704-06:31:33][BE] Error: 메일 tenant를 찾을 수 없습니다: undefined
[20260704-06:31:33][BE]     at Object.resolveTenant (/home/freegear/EasyDocStation/server/mail/connectionManager.js:118:23)
[20260704-06:31:33][BE]     at process.processTicksAndRejections (node:internal/process/task_queues:103:5)
[20260704-06:31:33][BE]     at async tenantQuery (/home/freegear/EasyDocStation/server/mail/repository.js:668:20)
[20260704-06:31:33][BE]     at async Object.listUnifiedMessages (/home/freegear/EasyDocStation/server/mail/repository.js:1123:20)
[20260704-06:31:33][BE]     at async /home/freegear/EasyDocStation/server/routes/mail.js:783:23
AM 6:31:39 [vite] hmr update /src/components/CalendarView.jsx, /src/index.css
[20260704-06:32:20][BE] [Mail sync] 자동 동기화 완료: accounts=5, saved=0
종료됨
[20260704-06:32:35][BE] process exited with code 143. restarting in 2s...
종료됨
[20260704-06:32:35][BE] 
[20260704-06:32:35][BE] > easydocstation-server@1.0.0 start
[20260704-06:32:35][BE] > node index.js
[20260704-06:32:35][BE] 
[20260704-06:32:35][BE] [RAG] 초기화 — 학습 방식: immediate
[20260704-06:32:35][BE] [RAG] 초기화 — PDF 파싱 모드: FAST
[20260704-06:32:35][BE] [Mail sync] 자동 동기화 스케줄러 시작: interval=60s
[20260704-06:32:35][BE] ✅ EasyDocStation server running on http://localhost:3001
[20260704-06:32:35][BE] ✅ [CONFIG] HF_TOKEN 확인됨 (hf_u****butv, 길이 37)
[20260704-06:32:35][BE] ✅ Cassandra connected
[20260704-06:32:35][BE] ✅ Cassandra schema initialized
[20260704-06:32:35][BE] ✅ Database migration complete.
[20260704-06:32:35][BE] Terminated

> easydocstation@1.0.0 ollama:serve
> node scripts/ollama-serve-safe.mjs


> easydocstation@1.0.0 dev:frontend
> vite

[Ollama] already running on 127.0.0.1:11434, skipping duplicate serve.
[20260704-06:32:38][BE] 
[20260704-06:32:38][BE] > easydocstation-server@1.0.0 start
[20260704-06:32:38][BE] > node index.js
[20260704-06:32:38][BE] 

  VITE v5.4.21  ready in 95 ms

  ➜  Local:   http://localhost:5173/
  ➜  Network: http://10.0.0.194:5173/
AM 6:32:38 [vite] http proxy error: /api/auth/me
Error: connect ECONNREFUSED 127.0.0.1:3001
    at TCPConnectWrap.afterConnect [as oncomplete] (node:net:1637:16)
[20260704-06:32:38][BE] [RAG] 초기화 — 학습 방식: immediate
[20260704-06:32:38][BE] [RAG] 초기화 — PDF 파싱 모드: FAST
[20260704-06:32:38][BE] [Mail sync] 자동 동기화 스케줄러 시작: interval=60s
[20260704-06:32:38][BE] ✅ EasyDocStation server running on http://localhost:3001
[20260704-06:32:38][BE] ✅ [CONFIG] HF_TOKEN 확인됨 (hf_u****butv, 길이 37)
[20260704-06:32:38][BE] ✅ Cassandra connected
[20260704-06:32:38][BE] ✅ Cassandra schema initialized
[20260704-06:32:38][BE] ✅ Database migration complete.
[20260704-06:32:41][BE] [RAG Server] [RAG Server] 임베딩 모델 로드 중 (device=cuda)...
[20260704-06:32:55][BE] [RAG Server] [RAG Server] 임베딩 모델 로드 완료
[20260704-06:32:55][BE] [RAG Server] [RAG Server] 포트 5001 에서 시작됨
[20260704-06:33:22][BE] [Mail sync] 자동 동기화 완료: accounts=5, saved=0
[20260704-06:33:52][BE] [Mail sync] 자동 동기화 완료: accounts=5, saved=0
[20260704-06:34:51][BE] [Mail sync] 자동 동기화 완료: accounts=5, saved=0
종료됨
[20260704-06:34:52][BE] process exited with code 143. restarting in 2s...
종료됨
[20260704-06:34:52][BE] 
[20260704-06:34:52][BE] > easydocstation-server@1.0.0 start
[20260704-06:34:52][BE] > node index.js
[20260704-06:34:52][BE] 
[20260704-06:34:52][BE] [RAG] 초기화 — 학습 방식: immediate
[20260704-06:34:52][BE] [RAG] 초기화 — PDF 파싱 모드: FAST
[20260704-06:34:52][BE] [Mail sync] 자동 동기화 스케줄러 시작: interval=60s
[20260704-06:34:52][BE] ✅ EasyDocStation server running on http://localhost:3001
[20260704-06:34:52][BE] ✅ [CONFIG] HF_TOKEN 확인됨 (hf_u****butv, 길이 37)
[20260704-06:34:52][BE] ✅ Cassandra connected
[20260704-06:34:52][BE] ✅ Cassandra schema initialized
[20260704-06:34:52][BE] ✅ Database migration complete.
[20260704-06:34:52][BE] Terminated

> easydocstation@1.0.0 ollama:serve
> node scripts/ollama-serve-safe.mjs


> easydocstation@1.0.0 dev:frontend
> vite

[Ollama] already running on 127.0.0.1:11434, skipping duplicate serve.
[20260704-06:34:55][BE] 
[20260704-06:34:55][BE] > easydocstation-server@1.0.0 start
[20260704-06:34:55][BE] > node index.js
[20260704-06:34:55][BE] 

  VITE v5.4.21  ready in 94 ms

  ➜  Local:   http://localhost:5173/
  ➜  Network: http://10.0.0.194:5173/
AM 6:34:55 [vite] http proxy error: /api/dm/conversations
Error: connect ECONNREFUSED 127.0.0.1:3001
    at TCPConnectWrap.afterConnect [as oncomplete] (node:net:1637:16)
AM 6:34:55 [vite] http proxy error: /api/posts?channelId=ch-1776440801214&limit=10
Error: connect ECONNREFUSED 127.0.0.1:3001
    at TCPConnectWrap.afterConnect [as oncomplete] (node:net:1637:16)
AM 6:34:55 [vite] http proxy error: /api/channels/unread
Error: connect ECONNREFUSED 127.0.0.1:3001
    at TCPConnectWrap.afterConnect [as oncomplete] (node:net:1637:16)
[20260704-06:34:55][BE] [RAG] 초기화 — 학습 방식: immediate
[20260704-06:34:55][BE] [RAG] 초기화 — PDF 파싱 모드: FAST
[20260704-06:34:55][BE] [Mail sync] 자동 동기화 스케줄러 시작: interval=60s
[20260704-06:34:55][BE] ✅ EasyDocStation server running on http://localhost:3001
[20260704-06:34:55][BE] ✅ [CONFIG] HF_TOKEN 확인됨 (hf_u****butv, 길이 37)
[20260704-06:34:55][BE] ✅ Cassandra connected
[20260704-06:34:55][BE] ✅ Cassandra schema initialized
[20260704-06:34:55][BE] ✅ Database migration complete.
[20260704-06:34:58][BE] [RAG Server] [RAG Server] 임베딩 모델 로드 중 (device=cuda)...
[20260704-06:35:10][BE] Error: 메일 tenant를 찾을 수 없습니다: undefined
[20260704-06:35:10][BE]     at Object.resolveTenant (/home/freegear/EasyDocStation/server/mail/connectionManager.js:118:23)
[20260704-06:35:10][BE]     at process.processTicksAndRejections (node:internal/process/task_queues:103:5)
[20260704-06:35:10][BE]     at async tenantQuery (/home/freegear/EasyDocStation/server/mail/repository.js:668:20)
[20260704-06:35:10][BE]     at async Object.listUnifiedMessages (/home/freegear/EasyDocStation/server/mail/repository.js:1123:20)
[20260704-06:35:10][BE]     at async /home/freegear/EasyDocStation/server/routes/mail.js:783:23
[20260704-06:35:10][BE] Error: 메일 tenant를 찾을 수 없습니다: undefined
[20260704-06:35:10][BE]     at Object.resolveTenant (/home/freegear/EasyDocStation/server/mail/connectionManager.js:118:23)
[20260704-06:35:10][BE]     at process.processTicksAndRejections (node:internal/process/task_queues:103:5)
[20260704-06:35:10][BE]     at async tenantQuery (/home/freegear/EasyDocStation/server/mail/repository.js:668:20)
[20260704-06:35:10][BE]     at async Object.listUnifiedMessages (/home/freegear/EasyDocStation/server/mail/repository.js:1123:20)
[20260704-06:35:10][BE]     at async /home/freegear/EasyDocStation/server/routes/mail.js:783:23
[20260704-06:35:13][BE] [RAG Server] [RAG Server] 임베딩 모델 로드 완료
[20260704-06:35:13][BE] [RAG Server] [RAG Server] 포트 5001 에서 시작됨
[20260704-06:35:30][BE] Error: 메일 tenant를 찾을 수 없습니다: undefined
[20260704-06:35:30][BE]     at Object.resolveTenant (/home/freegear/EasyDocStation/server/mail/connectionManager.js:118:23)
[20260704-06:35:30][BE]     at process.processTicksAndRejections (node:internal/process/task_queues:103:5)
[20260704-06:35:30][BE]     at async tenantQuery (/home/freegear/EasyDocStation/server/mail/repository.js:668:20)
[20260704-06:35:30][BE]     at async Object.listUnifiedMessages (/home/freegear/EasyDocStation/server/mail/repository.js:1123:20)
[20260704-06:35:30][BE]     at async /home/freegear/EasyDocStation/server/routes/mail.js:783:23
[20260704-06:35:30][BE] Error: 메일 tenant를 찾을 수 없습니다: undefined
[20260704-06:35:30][BE]     at Object.resolveTenant (/home/freegear/EasyDocStation/server/mail/connectionManager.js:118:23)
[20260704-06:35:30][BE]     at process.processTicksAndRejections (node:internal/process/task_queues:103:5)
[20260704-06:35:30][BE]     at async tenantQuery (/home/freegear/EasyDocStation/server/mail/repository.js:668:20)
[20260704-06:35:30][BE]     at async Object.listUnifiedMessages (/home/freegear/EasyDocStation/server/mail/repository.js:1123:20)
[20260704-06:35:30][BE]     at async /home/freegear/EasyDocStation/server/routes/mail.js:783:23
[20260704-06:35:40][BE] [Mail sync] 자동 동기화 완료: accounts=5, saved=0
[20260704-06:36:09][BE] [Mail sync] 자동 동기화 완료: accounts=5, saved=0
[20260704-06:37:08][BE] [Mail sync] 자동 동기화 완료: accounts=5, saved=0
AM 6:37:14 [vite] hmr update /src/features/mail/MailPage.jsx, /src/index.css
[20260704-06:38:09][BE] [Mail sync] 자동 동기화 완료: accounts=5, saved=0
[20260704-06:39:04][BE] Error: 메일 tenant를 찾을 수 없습니다: undefined
[20260704-06:39:04][BE]     at Object.resolveTenant (/home/freegear/EasyDocStation/server/mail/connectionManager.js:118:23)
[20260704-06:39:04][BE]     at process.processTicksAndRejections (node:internal/process/task_queues:103:5)
[20260704-06:39:04][BE]     at async tenantQuery (/home/freegear/EasyDocStation/server/mail/repository.js:668:20)
[20260704-06:39:04][BE]     at async Object.listUnifiedMessages (/home/freegear/EasyDocStation/server/mail/repository.js:1123:20)
[20260704-06:39:04][BE]     at async /home/freegear/EasyDocStation/server/routes/mail.js:783:23
[20260704-06:39:04][BE] Error: 메일 tenant를 찾을 수 없습니다: undefined
[20260704-06:39:04][BE]     at Object.resolveTenant (/home/freegear/EasyDocStation/server/mail/connectionManager.js:118:23)
[20260704-06:39:04][BE]     at process.processTicksAndRejections (node:internal/process/task_queues:103:5)
[20260704-06:39:04][BE]     at async tenantQuery (/home/freegear/EasyDocStation/server/mail/repository.js:668:20)
[20260704-06:39:04][BE]     at async Object.listUnifiedMessages (/home/freegear/EasyDocStation/server/mail/repository.js:1123:20)
[20260704-06:39:04][BE]     at async /home/freegear/EasyDocStation/server/routes/mail.js:783:23
[20260704-06:39:08][BE] [Mail sync] 자동 동기화 완료: accounts=5, saved=0
종료됨
[20260704-06:39:10][BE] process exited with code 143. restarting in 2s...
종료됨
[20260704-06:39:10][BE] 
[20260704-06:39:10][BE] > easydocstation-server@1.0.0 start
[20260704-06:39:10][BE] > node index.js
[20260704-06:39:10][BE] 
[20260704-06:39:10][BE] [RAG] 초기화 — 학습 방식: immediate
[20260704-06:39:10][BE] [RAG] 초기화 — PDF 파싱 모드: FAST
[20260704-06:39:10][BE] [Mail sync] 자동 동기화 스케줄러 시작: interval=60s
[20260704-06:39:10][BE] ✅ EasyDocStation server running on http://localhost:3001
[20260704-06:39:10][BE] ✅ [CONFIG] HF_TOKEN 확인됨 (hf_u****butv, 길이 37)
[20260704-06:39:10][BE] ✅ Cassandra connected
[20260704-06:39:10][BE] ✅ Cassandra schema initialized
[20260704-06:39:10][BE] ✅ Database migration complete.
[20260704-06:39:10][BE] Terminated

> easydocstation@1.0.0 dev:frontend
> vite


> easydocstation@1.0.0 ollama:serve
> node scripts/ollama-serve-safe.mjs

[Ollama] already running on 127.0.0.1:11434, skipping duplicate serve.
[20260704-06:39:13][BE] 
[20260704-06:39:13][BE] > easydocstation-server@1.0.0 start
[20260704-06:39:13][BE] > node index.js
[20260704-06:39:13][BE] 

  VITE v5.4.21  ready in 89 ms

  ➜  Local:   http://localhost:5173/
  ➜  Network: http://10.0.0.194:5173/
[20260704-06:39:13][BE] [RAG] 초기화 — 학습 방식: immediate
[20260704-06:39:13][BE] [RAG] 초기화 — PDF 파싱 모드: FAST
[20260704-06:39:13][BE] [Mail sync] 자동 동기화 스케줄러 시작: interval=60s
[20260704-06:39:13][BE] ✅ EasyDocStation server running on http://localhost:3001
[20260704-06:39:13][BE] ✅ [CONFIG] HF_TOKEN 확인됨 (hf_u****butv, 길이 37)
[20260704-06:39:13][BE] ✅ Cassandra connected
[20260704-06:39:13][BE] ✅ Cassandra schema initialized
[20260704-06:39:13][BE] ✅ Database migration complete.
[20260704-06:39:16][BE] [RAG Server] [RAG Server] 임베딩 모델 로드 중 (device=cuda)...
[20260704-06:39:21][BE] [link-preview-image] meta image failed, fallback screenshot: meta image not found
[20260704-06:39:26][BE] Error: 메일 tenant를 찾을 수 없습니다: undefined
[20260704-06:39:26][BE]     at Object.resolveTenant (/home/freegear/EasyDocStation/server/mail/connectionManager.js:118:23)
[20260704-06:39:26][BE]     at process.processTicksAndRejections (node:internal/process/task_queues:103:5)
[20260704-06:39:26][BE]     at async tenantQuery (/home/freegear/EasyDocStation/server/mail/repository.js:668:20)
[20260704-06:39:26][BE]     at async Object.listUnifiedMessages (/home/freegear/EasyDocStation/server/mail/repository.js:1123:20)
[20260704-06:39:26][BE]     at async /home/freegear/EasyDocStation/server/routes/mail.js:783:23
[20260704-06:39:26][BE] Error: 메일 tenant를 찾을 수 없습니다: undefined
[20260704-06:39:26][BE]     at Object.resolveTenant (/home/freegear/EasyDocStation/server/mail/connectionManager.js:118:23)
[20260704-06:39:26][BE]     at process.processTicksAndRejections (node:internal/process/task_queues:103:5)
[20260704-06:39:26][BE]     at async tenantQuery (/home/freegear/EasyDocStation/server/mail/repository.js:668:20)
[20260704-06:39:26][BE]     at async Object.listUnifiedMessages (/home/freegear/EasyDocStation/server/mail/repository.js:1123:20)
[20260704-06:39:26][BE]     at async /home/freegear/EasyDocStation/server/routes/mail.js:783:23
[20260704-06:39:30][BE] [RAG Server] [RAG Server] 임베딩 모델 로드 완료
[20260704-06:39:30][BE] [RAG Server] [RAG Server] 포트 5001 에서 시작됨
[20260704-06:39:56][BE] [Mail sync] 자동 동기화 완료: accounts=5, saved=0
[20260704-06:40:26][BE] [Mail sync] 자동 동기화 완료: accounts=5, saved=0
[20260704-06:41:26][BE] [Mail sync] 자동 동기화 완료: accounts=5, saved=0
AM 6:41:53 [vite] hmr update /src/features/mail/MailPage.jsx, /src/index.css
[20260704-06:42:09][BE] Error: 메일 tenant를 찾을 수 없습니다: undefined
[20260704-06:42:09][BE]     at Object.resolveTenant (/home/freegear/EasyDocStation/server/mail/connectionManager.js:118:23)
[20260704-06:42:09][BE]     at process.processTicksAndRejections (node:internal/process/task_queues:103:5)
[20260704-06:42:09][BE]     at async tenantQuery (/home/freegear/EasyDocStation/server/mail/repository.js:668:20)
[20260704-06:42:09][BE]     at async Object.listUnifiedMessages (/home/freegear/EasyDocStation/server/mail/repository.js:1123:20)
[20260704-06:42:09][BE]     at async /home/freegear/EasyDocStation/server/routes/mail.js:783:23
[20260704-06:42:09][BE] Error: 메일 tenant를 찾을 수 없습니다: undefined
[20260704-06:42:09][BE]     at Object.resolveTenant (/home/freegear/EasyDocStation/server/mail/connectionManager.js:118:23)
[20260704-06:42:09][BE]     at process.processTicksAndRejections (node:internal/process/task_queues:103:5)
[20260704-06:42:09][BE]     at async tenantQuery (/home/freegear/EasyDocStation/server/mail/repository.js:668:20)
[20260704-06:42:09][BE]     at async Object.listUnifiedMessages (/home/freegear/EasyDocStation/server/mail/repository.js:1123:20)
[20260704-06:42:09][BE]     at async /home/freegear/EasyDocStation/server/routes/mail.js:783:23
[20260704-06:42:26][BE] [Mail sync] 자동 동기화 완료: accounts=5, saved=0
[20260704-06:43:26][BE] [Mail sync] 자동 동기화 완료: accounts=5, saved=0
AM 6:44:18 [vite] hmr update /src/features/mail/MailPage.jsx, /src/index.css
[20260704-06:44:27][BE] [Mail sync] 자동 동기화 완료: accounts=5, saved=0
[20260704-06:45:25][BE] [Mail sync] 자동 동기화 완료: accounts=5, saved=0
[20260704-06:46:26][BE] [Mail sync] 자동 동기화 완료: accounts=5, saved=0
[20260704-06:47:05][BE] [RAG] 캘린더 이벤트 재학습 시작 — id=0df57d19-95d5-4404-9a7c-e35c90a2a1fd "첨부된 베트남 영업 대리점 계약서 초안을 검토하고 의견을 제시할 것."
[20260704-06:47:05][BE] /home/freegear/EasyDocStation/server/rag_train.py:120: DeprecationWarning: `langchain-community` is being sunset and is no longer actively maintained. See https://github.com/langchain-ai/langchain-community/issues/674 for details and migration guidance toward standalone integration packages.
[20260704-06:47:05][BE]   from langchain_community.document_loaders import Docx2txtLoader
[20260704-06:47:08][BE] Error: 메일 tenant를 찾을 수 없습니다: undefined
[20260704-06:47:08][BE]     at Object.resolveTenant (/home/freegear/EasyDocStation/server/mail/connectionManager.js:118:23)
[20260704-06:47:08][BE]     at process.processTicksAndRejections (node:internal/process/task_queues:103:5)
[20260704-06:47:08][BE]     at async tenantQuery (/home/freegear/EasyDocStation/server/mail/repository.js:668:20)
[20260704-06:47:08][BE]     at async Object.listUnifiedMessages (/home/freegear/EasyDocStation/server/mail/repository.js:1123:20)
[20260704-06:47:08][BE]     at async /home/freegear/EasyDocStation/server/routes/mail.js:783:23
[20260704-06:47:08][BE] Error: 메일 tenant를 찾을 수 없습니다: undefined
[20260704-06:47:08][BE]     at Object.resolveTenant (/home/freegear/EasyDocStation/server/mail/connectionManager.js:118:23)
[20260704-06:47:08][BE]     at process.processTicksAndRejections (node:internal/process/task_queues:103:5)
[20260704-06:47:08][BE]     at async tenantQuery (/home/freegear/EasyDocStation/server/mail/repository.js:668:20)
[20260704-06:47:08][BE]     at async Object.listUnifiedMessages (/home/freegear/EasyDocStation/server/mail/repository.js:1123:20)
[20260704-06:47:08][BE]     at async /home/freegear/EasyDocStation/server/routes/mail.js:783:23
[20260704-06:47:08][BE] [RAG] 테이블 생성 경합 감지, 기존 테이블 사용: Table 'my_rag_table_v2' already exists
[20260704-06:47:08][BE] [RAG] 기존 청크 삭제 완료: post_id=0df57d19-95d5-4404-9a7c-e35c90a2a1fd
[20260704-06:47:09][BE] [RAG] post=0df57d19-95d5-4404-9a7c-e35c90a2a1fd text → 1청크
[20260704-06:47:09][BE] [RAG] 학습 진행률: 50% (게시글 본문)
[20260704-06:47:09][BE] [RAG] 저장 완료 — 1청크 / 1개 게시글 / 0개 댓글
[20260704-06:47:09][BE] [RAG] 학습 진행률: 100% (저장)
[20260704-06:47:10][BE] [RAG] 캘린더 이벤트 재학습 완료 — id=0df57d19-95d5-4404-9a7c-e35c90a2a1fd
[20260704-06:47:26][BE] [Mail sync] 자동 동기화 완료: accounts=5, saved=0
[20260704-06:47:27][BE] Error: 메일 tenant를 찾을 수 없습니다: undefined
[20260704-06:47:27][BE]     at Object.resolveTenant (/home/freegear/EasyDocStation/server/mail/connectionManager.js:118:23)
[20260704-06:47:27][BE]     at process.processTicksAndRejections (node:internal/process/task_queues:103:5)
[20260704-06:47:27][BE]     at async tenantQuery (/home/freegear/EasyDocStation/server/mail/repository.js:668:20)
[20260704-06:47:27][BE]     at async Object.listUnifiedMessages (/home/freegear/EasyDocStation/server/mail/repository.js:1123:20)
[20260704-06:47:27][BE]     at async /home/freegear/EasyDocStation/server/routes/mail.js:783:23
[20260704-06:47:27][BE] Error: 메일 tenant를 찾을 수 없습니다: undefined
[20260704-06:47:27][BE]     at Object.resolveTenant (/home/freegear/EasyDocStation/server/mail/connectionManager.js:118:23)
[20260704-06:47:27][BE]     at process.processTicksAndRejections (node:internal/process/task_queues:103:5)
[20260704-06:47:27][BE]     at async tenantQuery (/home/freegear/EasyDocStation/server/mail/repository.js:668:20)
[20260704-06:47:27][BE]     at async Object.listUnifiedMessages (/home/freegear/EasyDocStation/server/mail/repository.js:1123:20)
[20260704-06:47:27][BE]     at async /home/freegear/EasyDocStation/server/routes/mail.js:783:23
[20260704-06:48:26][BE] [Mail sync] 자동 동기화 완료: accounts=5, saved=0
AM 6:48:49 [vite] hmr update /src/features/mail/MailPage.jsx, /src/index.css
[20260704-06:49:27][BE] [Mail sync] 자동 동기화 완료: accounts=5, saved=1
종료됨
[20260704-06:50:17][BE] process exited with code 143. restarting in 2s...
종료됨
[20260704-06:50:17][BE] 
[20260704-06:50:17][BE] > easydocstation-server@1.0.0 start
[20260704-06:50:17][BE] > node index.js
[20260704-06:50:17][BE] 
[20260704-06:50:18][BE] [RAG] 초기화 — 학습 방식: immediate
[20260704-06:50:18][BE] [RAG] 초기화 — PDF 파싱 모드: FAST
[20260704-06:50:18][BE] [Mail sync] 자동 동기화 스케줄러 시작: interval=60s
[20260704-06:50:18][BE] ✅ EasyDocStation server running on http://localhost:3001
[20260704-06:50:18][BE] ✅ [CONFIG] HF_TOKEN 확인됨 (hf_u****butv, 길이 37)
[20260704-06:50:18][BE] ✅ Cassandra connected
[20260704-06:50:18][BE] ✅ Cassandra schema initialized
[20260704-06:50:18][BE] ✅ Database migration complete.
[20260704-06:50:18][BE] Terminated

> easydocstation@1.0.0 ollama:serve
> node scripts/ollama-serve-safe.mjs

[Ollama] already running on 127.0.0.1:11434, skipping duplicate serve.

> easydocstation@1.0.0 dev:frontend
> vite

[20260704-06:50:20][BE] 
[20260704-06:50:20][BE] > easydocstation-server@1.0.0 start
[20260704-06:50:20][BE] > node index.js
[20260704-06:50:20][BE] 

  VITE v5.4.21  ready in 93 ms

  ➜  Local:   http://localhost:5173/
  ➜  Network: http://10.0.0.194:5173/
[20260704-06:50:20][BE] [RAG] 초기화 — 학습 방식: immediate
[20260704-06:50:20][BE] [RAG] 초기화 — PDF 파싱 모드: FAST
[20260704-06:50:20][BE] [Mail sync] 자동 동기화 스케줄러 시작: interval=60s
[20260704-06:50:20][BE] ✅ EasyDocStation server running on http://localhost:3001
[20260704-06:50:20][BE] ✅ [CONFIG] HF_TOKEN 확인됨 (hf_u****butv, 길이 37)
[20260704-06:50:20][BE] ✅ Cassandra connected
[20260704-06:50:20][BE] ✅ Cassandra schema initialized
[20260704-06:50:20][BE] ✅ Database migration complete.
[20260704-06:50:24][BE] [RAG Server] [RAG Server] 임베딩 모델 로드 중 (device=cuda)...
[20260704-06:50:37][BE] [RAG Server] [RAG Server] 임베딩 모델 로드 완료
[20260704-06:50:37][BE] [RAG Server] [RAG Server] 포트 5001 에서 시작됨
[20260704-06:50:39][BE] Error: 메일 tenant를 찾을 수 없습니다: undefined
[20260704-06:50:39][BE]     at Object.resolveTenant (/home/freegear/EasyDocStation/server/mail/connectionManager.js:118:23)
[20260704-06:50:39][BE]     at process.processTicksAndRejections (node:internal/process/task_queues:103:5)
[20260704-06:50:39][BE]     at async tenantQuery (/home/freegear/EasyDocStation/server/mail/repository.js:668:20)
[20260704-06:50:39][BE]     at async Object.listUnifiedMessages (/home/freegear/EasyDocStation/server/mail/repository.js:1123:20)
[20260704-06:50:39][BE]     at async /home/freegear/EasyDocStation/server/routes/mail.js:783:23
[20260704-06:50:39][BE] Error: 메일 tenant를 찾을 수 없습니다: undefined
[20260704-06:50:39][BE]     at Object.resolveTenant (/home/freegear/EasyDocStation/server/mail/connectionManager.js:118:23)
[20260704-06:50:39][BE]     at process.processTicksAndRejections (node:internal/process/task_queues:103:5)
[20260704-06:50:39][BE]     at async tenantQuery (/home/freegear/EasyDocStation/server/mail/repository.js:668:20)
[20260704-06:50:39][BE]     at async Object.listUnifiedMessages (/home/freegear/EasyDocStation/server/mail/repository.js:1123:20)
[20260704-06:50:39][BE]     at async /home/freegear/EasyDocStation/server/routes/mail.js:783:23
[20260704-06:51:05][BE] [Mail sync] 자동 동기화 완료: accounts=5, saved=0
[20260704-06:51:30][BE] [Mail sync] 자동 동기화 완료: accounts=5, saved=0
AM 6:51:58 [vite] hmr update /src/features/mail/MailPage.jsx, /src/index.css
[20260704-06:52:32][BE] [Mail sync] 자동 동기화 완료: accounts=5, saved=0
[20260704-06:53:31][BE] [Mail sync] 자동 동기화 완료: accounts=5, saved=0
[20260704-06:53:33][BE] [RAG] 캘린더 이벤트 재학습 시작 — id=a9063cf6-e256-4d62-8d53-a5640dcf5705 "7월 7일 저녁에 이성환 법인장과 만나 베트남 시장 진출 방향에 대해 논의할 것."
[20260704-06:53:33][BE] /home/freegear/EasyDocStation/server/rag_train.py:120: DeprecationWarning: `langchain-community` is being sunset and is no longer actively maintained. See https://github.com/langchain-ai/langchain-community/issues/674 for details and migration guidance toward standalone integration packages.
[20260704-06:53:33][BE]   from langchain_community.document_loaders import Docx2txtLoader
[20260704-06:53:36][BE] [RAG] 테이블 생성 경합 감지, 기존 테이블 사용: Table 'my_rag_table_v2' already exists
[20260704-06:53:36][BE] [RAG] 기존 청크 삭제 완료: post_id=a9063cf6-e256-4d62-8d53-a5640dcf5705
[20260704-06:53:37][BE] [RAG] post=a9063cf6-e256-4d62-8d53-a5640dcf5705 text → 1청크
[20260704-06:53:37][BE] [RAG] 학습 진행률: 50% (게시글 본문)
[20260704-06:53:37][BE] [RAG] 저장 완료 — 1청크 / 1개 게시글 / 0개 댓글
[20260704-06:53:37][BE] [RAG] 학습 진행률: 100% (저장)
[20260704-06:53:37][BE] [RAG] 캘린더 이벤트 재학습 완료 — id=a9063cf6-e256-4d62-8d53-a5640dcf5705
[20260704-06:53:49][BE] [RAG] 캘린더 이벤트 재학습 시작 — id=a9063cf6-e256-4d62-8d53-a5640dcf5705 "7월 7일 저녁에 이성환 법인장과 만나 베트남 시장 진출 방향에 대해 논의할 것."
[20260704-06:53:49][BE] /home/freegear/EasyDocStation/server/rag_train.py:120: DeprecationWarning: `langchain-community` is being sunset and is no longer actively maintained. See https://github.com/langchain-ai/langchain-community/issues/674 for details and migration guidance toward standalone integration packages.
[20260704-06:53:49][BE]   from langchain_community.document_loaders import Docx2txtLoader
[20260704-06:53:52][BE] Error: 메일 tenant를 찾을 수 없습니다: undefined
[20260704-06:53:52][BE]     at Object.resolveTenant (/home/freegear/EasyDocStation/server/mail/connectionManager.js:118:23)
[20260704-06:53:52][BE]     at process.processTicksAndRejections (node:internal/process/task_queues:103:5)
[20260704-06:53:52][BE]     at async tenantQuery (/home/freegear/EasyDocStation/server/mail/repository.js:668:20)
[20260704-06:53:52][BE]     at async Object.listUnifiedMessages (/home/freegear/EasyDocStation/server/mail/repository.js:1123:20)
[20260704-06:53:52][BE]     at async /home/freegear/EasyDocStation/server/routes/mail.js:783:23
[20260704-06:53:52][BE] Error: 메일 tenant를 찾을 수 없습니다: undefined
[20260704-06:53:52][BE]     at Object.resolveTenant (/home/freegear/EasyDocStation/server/mail/connectionManager.js:118:23)
[20260704-06:53:52][BE]     at process.processTicksAndRejections (node:internal/process/task_queues:103:5)
[20260704-06:53:52][BE]     at async tenantQuery (/home/freegear/EasyDocStation/server/mail/repository.js:668:20)
[20260704-06:53:52][BE]     at async Object.listUnifiedMessages (/home/freegear/EasyDocStation/server/mail/repository.js:1123:20)
[20260704-06:53:52][BE]     at async /home/freegear/EasyDocStation/server/routes/mail.js:783:23
[20260704-06:53:52][BE] [RAG] 테이블 생성 경합 감지, 기존 테이블 사용: Table 'my_rag_table_v2' already exists
[20260704-06:53:52][BE] [RAG] 기존 청크 삭제 완료: post_id=a9063cf6-e256-4d62-8d53-a5640dcf5705
[20260704-06:53:52][BE] [RAG] post=a9063cf6-e256-4d62-8d53-a5640dcf5705 text → 1청크
[20260704-06:53:52][BE] [RAG] 학습 진행률: 50% (게시글 본문)
[20260704-06:53:52][BE] [RAG] 저장 완료 — 1청크 / 1개 게시글 / 0개 댓글
[20260704-06:53:52][BE] [RAG] 학습 진행률: 100% (저장)
[20260704-06:53:53][BE] [RAG] 캘린더 이벤트 재학습 완료 — id=a9063cf6-e256-4d62-8d53-a5640dcf5705
